customer_id,customer_city,customer_state,customer_signup_date
100001,Noida,Uttar Pradesh,2024-07-20
100002,Madurai,Tamil Nadu,2025-01-31
100003,Kolkata,West Bengal,2024-09-03
100004,Kanpur,Uttar Pradesh,2024-08-21
100005,Nagpur,Maharashtra,2024-12-05
100006,Kochi,Kerala,2024-02-17
100007,Lucknow,Uttar Pradesh,2023-03-03
100008,Noida,Uttar Pradesh,2024-08-05
100009,Nagpur,Maharashtra,2024-07-25
100010,Chennai,Tamil Nadu,2025-02-14
100011,New Delhi,Delhi,2025-04-21
100012,Jaipur,Rajasthan,2025-05-21
100013,Ahmedabad,Gujarat,2023-01-10
100014,Kolkata,West Bengal,2025-06-01
100015,Coimbatore,Tamil Nadu,2023-05-06
100016,Bengaluru,Karnataka,2024-08-11
100017,Warangal,Telangana,2024-09-14
100018,Pune,Maharashtra,2024-07-30
100019,Kolkata,West Bengal,2025-06-21
100020,Surat,Gujarat,2024-05-18
100021,Lucknow,Uttar Pradesh,2023-04-30
100022,New Delhi,Delhi,2024-07-07
100023,Kochi,Kerala,2023-09-22
100024,Udaipur,Rajasthan,2024-07-11
100025,Noida,Uttar Pradesh,2023-12-13
100026,Mysuru,Karnataka,2023-02-08
100027,Chennai,Tamil Nadu,2024-08-03
100028,Mumbai,Maharashtra,2023-03-22
100029,Mumbai,Maharashtra,2023-10-26
100030,Ahmedabad,Gujarat,2024-07-18
100031,Lucknow,Uttar Pradesh,2025-03-13
100032,Thiruvananthapuram,Kerala,2023-10-14
100033,New Delhi,Delhi,2023-09-29
100034,New Delhi,Delhi,2023-10-02
100035,Madurai,Tamil Nadu,2024-06-07
100036,Bengaluru,Karnataka,2023-06-26
100037,Nashik,Maharashtra,2024-04-25
100038,Coimbatore,Tamil Nadu,2024-12-30
100039,Mysuru,Karnataka,2023-03-15
100040,Vadodara,Gujarat,2025-05-28
100041,Coimbatore,Tamil Nadu,2024-04-29
100042,Kolkata,West Bengal,2024-07-25
100043,Kanpur,Uttar Pradesh,2024-07-16
100044,New Delhi,Delhi,2025-05-11
100045,Howrah,West Bengal,2024-08-28
100046,Kanpur,Uttar Pradesh,2025-03-16
100047,New Delhi,Delhi,2023-09-18
100048,Bengaluru,Karnataka,2023-07-18
100049,Vadodara,Gujarat,2024-08-09
100050,Pune,Maharashtra,2023-05-20
100051,Mangaluru,Karnataka,2023-04-12
100052,Pune,Maharashtra,2023-07-12
100053,Noida,Uttar Pradesh,2023-09-04
100054,Vadodara,Gujarat,2023-03-29
100055,Kanpur,Uttar Pradesh,2024-10-25
100056,Noida,Uttar Pradesh,2024-06-15
100057,Chennai,Tamil Nadu,2023-07-02
100058,Hyderabad,Telangana,2023-09-15
100059,Mumbai,Maharashtra,2025-04-27
100060,Nashik,Maharashtra,2025-04-11
100061,Ahmedabad,Gujarat,2023-04-23
100062,Chennai,Tamil Nadu,2024-07-12
100063,Warangal,Telangana,2023-10-22
100064,Ghaziabad,Uttar Pradesh,2023-11-24
100065,Ahmedabad,Gujarat,2024-06-30
100066,Warangal,Telangana,2025-06-16
100067,Warangal,Telangana,2024-06-14
100068,Mysuru,Karnataka,2025-05-18
100069,Pune,Maharashtra,2025-01-17
100070,Madurai,Tamil Nadu,2024-12-10
100071,Mangaluru,Karnataka,2024-12-20
100072,New Delhi,Delhi,2024-12-22
100073,Howrah,West Bengal,2023-08-21
100074,Mangaluru,Karnataka,2025-06-09
100075,Mumbai,Maharashtra,2025-04-16
100076,Mysuru,Karnataka,2024-07-01
100077,Mangaluru,Karnataka,2024-10-09
100078,Surat,Gujarat,2025-03-12
100079,Warangal,Telangana,2023-05-20
100080,Lucknow,Uttar Pradesh,2023-03-01
100081,Vadodara,Gujarat,2025-06-26
100082,New Delhi,Delhi,2024-05-19
100083,Howrah,West Bengal,2024-10-19
100084,Nagpur,Maharashtra,2024-04-02
100085,Nagpur,Maharashtra,2024-04-16
100086,Nagpur,Maharashtra,2023-02-04
100087,Lucknow,Uttar Pradesh,2023-09-21
100088,Coimbatore,Tamil Nadu,2023-03-21
100089,Nashik,Maharashtra,2024-01-29
100090,Chennai,Tamil Nadu,2023-01-20
100091,Mumbai,Maharashtra,2025-01-01
100092,Lucknow,Uttar Pradesh,2023-09-25
100093,Coimbatore,Tamil Nadu,2024-11-06
100094,New Delhi,Delhi,2023-02-18
100095,Mysuru,Karnataka,2024-01-21
100096,Surat,Gujarat,2024-12-18
100097,New Delhi,Delhi,2025-01-10
100098,Nagpur,Maharashtra,2024-05-11
100099,Mumbai,Maharashtra,2024-07-13
100100,Kochi,Kerala,2024-09-19
100101,Udaipur,Rajasthan,2024-09-05
100102,Lucknow,Uttar Pradesh,2024-11-06
100103,Mangaluru,Karnataka,2023-01-29
100104,Thiruvananthapuram,Kerala,2024-01-26
100105,Lucknow,Uttar Pradesh,2025-02-03
100106,Lucknow,Uttar Pradesh,2024-02-05
100107,Madurai,Tamil Nadu,2023-05-14
100108,Mangaluru,Karnataka,2023-10-03
100109,Mumbai,Maharashtra,2024-04-10
100110,Udaipur,Rajasthan,2024-04-15
100111,Coimbatore,Tamil Nadu,2024-09-26
100112,Bengaluru,Karnataka,2025-04-27
100113,Mysuru,Karnataka,2024-09-23
100114,Hyderabad,Telangana,2025-06-28
100115,Pune,Maharashtra,2023-01-18
100116,Howrah,West Bengal,2024-12-14
100117,Ghaziabad,Uttar Pradesh,2024-01-15
100118,Lucknow,Uttar Pradesh,2024-10-26
100119,Madurai,Tamil Nadu,2023-03-19
100120,Vadodara,Gujarat,2024-04-25
100121,Hyderabad,Telangana,2023-01-28
100122,Ahmedabad,Gujarat,2024-08-29
100123,Nagpur,Maharashtra,2023-07-17
100124,Chennai,Tamil Nadu,2023-05-12
100125,Nashik,Maharashtra,2023-03-14
100126,Coimbatore,Tamil Nadu,2023-09-03
100127,New Delhi,Delhi,2025-05-24
100128,Nashik,Maharashtra,2025-06-16
100129,Nagpur,Maharashtra,2023-03-15
100130,Hyderabad,Telangana,2025-06-11
100131,Nashik,Maharashtra,2024-06-19
100132,Udaipur,Rajasthan,2023-10-22
100133,Warangal,Telangana,2025-05-08
100134,New Delhi,Delhi,2023-08-08
100135,Ahmedabad,Gujarat,2023-06-15
100136,Pune,Maharashtra,2023-07-29
100137,Thiruvananthapuram,Kerala,2023-05-13
100138,Madurai,Tamil Nadu,2024-03-17
100139,Lucknow,Uttar Pradesh,2023-05-09
100140,Mumbai,Maharashtra,2023-07-23
100141,Chennai,Tamil Nadu,2023-12-05
100142,Coimbatore,Tamil Nadu,2024-08-13
100143,Udaipur,Rajasthan,2025-02-20
100144,Warangal,Telangana,2023-03-10
100145,Chennai,Tamil Nadu,2024-07-28
100146,Mysuru,Karnataka,2023-04-05
100147,New Delhi,Delhi,2025-06-21
100148,Hyderabad,Telangana,2023-09-10
100149,Madurai,Tamil Nadu,2025-02-19
100150,Mumbai,Maharashtra,2024-12-09
100151,Kolkata,West Bengal,2023-10-23
100152,Jaipur,Rajasthan,2023-10-22
100153,Mumbai,Maharashtra,2023-10-16
100154,Warangal,Telangana,2024-03-04
100155,Nagpur,Maharashtra,2024-02-07
100156,Surat,Gujarat,2024-08-21
100157,Mangaluru,Karnataka,2024-02-27
100158,Surat,Gujarat,2024-12-19
100159,Lucknow,Uttar Pradesh,2024-02-29
100160,Lucknow,Uttar Pradesh,2023-10-07
100161,Nashik,Maharashtra,2023-10-25
100162,Udaipur,Rajasthan,2024-10-27
100163,Bengaluru,Karnataka,2023-05-09
100164,Nagpur,Maharashtra,2023-09-18
100165,Warangal,Telangana,2023-10-11
100166,New Delhi,Delhi,2024-08-10
100167,Kolkata,West Bengal,2023-04-28
100168,Kanpur,Uttar Pradesh,2024-02-15
100169,New Delhi,Delhi,2024-09-06
100170,Thiruvananthapuram,Kerala,2025-04-24
100171,Bengaluru,Karnataka,2024-02-03
100172,Hyderabad,Telangana,2025-06-13
100173,Mangaluru,Karnataka,2024-07-07
100174,Udaipur,Rajasthan,2024-12-06
100175,Nagpur,Maharashtra,2023-08-10
100176,Pune,Maharashtra,2025-04-13
100177,Coimbatore,Tamil Nadu,2023-08-25
100178,Thiruvananthapuram,Kerala,2023-05-05
100179,Jaipur,Rajasthan,2023-03-13
100180,Kanpur,Uttar Pradesh,2024-08-19
100181,Jaipur,Rajasthan,2024-07-26
100182,Jaipur,Rajasthan,2023-06-30
100183,Warangal,Telangana,2025-03-11
100184,New Delhi,Delhi,2023-09-10
100185,Noida,Uttar Pradesh,2024-07-09
100186,Surat,Gujarat,2024-04-21
100187,New Delhi,Delhi,2024-06-23
100188,Nagpur,Maharashtra,2024-11-06
100189,Ghaziabad,Uttar Pradesh,2025-04-24
100190,Mysuru,Karnataka,2024-10-19
100191,Udaipur,Rajasthan,2025-04-06
100192,Mangaluru,Karnataka,2025-03-03
100193,Nashik,Maharashtra,2023-11-23
100194,Howrah,West Bengal,2024-05-24
100195,Mumbai,Maharashtra,2023-06-30
100196,Mumbai,Maharashtra,2025-04-23
100197,Surat,Gujarat,2025-05-30
100198,Howrah,West Bengal,2025-03-19
100199,Mangaluru,Karnataka,2024-11-07
100200,New Delhi,Delhi,2025-02-12
100201,Ghaziabad,Uttar Pradesh,2024-12-24
100202,Kochi,Kerala,2023-07-29
100203,Chennai,Tamil Nadu,2023-08-29
100204,Mumbai,Maharashtra,2024-04-29
100205,Nagpur,Maharashtra,2024-01-19
100206,Mysuru,Karnataka,2024-11-01
100207,Mumbai,Maharashtra,2024-11-01
100208,Vadodara,Gujarat,2025-06-08
100209,Pune,Maharashtra,2024-12-19
100210,Coimbatore,Tamil Nadu,2023-01-11
100211,Ghaziabad,Uttar Pradesh,2023-11-07
100212,Hyderabad,Telangana,2023-10-26
100213,Mangaluru,Karnataka,2024-07-31
100214,Ghaziabad,Uttar Pradesh,2023-11-08
100215,Ghaziabad,Uttar Pradesh,2025-06-10
100216,Noida,Uttar Pradesh,2023-09-20
100217,Pune,Maharashtra,2024-02-03
100218,Mumbai,Maharashtra,2025-01-14
100219,Jaipur,Rajasthan,2023-12-01
100220,New Delhi,Delhi,2023-02-11
100221,Mangaluru,Karnataka,2023-10-30
100222,Madurai,Tamil Nadu,2023-11-24
100223,Vadodara,Gujarat,2024-07-11
100224,Kochi,Kerala,2024-10-10
100225,Mangaluru,Karnataka,2024-05-14
100226,Udaipur,Rajasthan,2024-01-06
100227,Nashik,Maharashtra,2024-04-03
100228,Warangal,Telangana,2023-05-12
100229,Surat,Gujarat,2023-06-14
100230,Mumbai,Maharashtra,2024-07-10
100231,Pune,Maharashtra,2025-02-27
100232,Madurai,Tamil Nadu,2024-04-21
100233,Kochi,Kerala,2023-02-24
100234,Ahmedabad,Gujarat,2025-06-13
100235,Udaipur,Rajasthan,2023-10-23
100236,Lucknow,Uttar Pradesh,2024-11-12
100237,Madurai,Tamil Nadu,2025-03-28
100238,Lucknow,Uttar Pradesh,2025-06-17
100239,Pune,Maharashtra,2023-04-17
100240,Pune,Maharashtra,2023-06-19
100241,Kolkata,West Bengal,2024-08-10
100242,Lucknow,Uttar Pradesh,2024-11-24
100243,Bengaluru,Karnataka,2025-01-30
100244,Warangal,Telangana,2024-05-17
100245,Ahmedabad,Gujarat,2023-05-25
100246,Kolkata,West Bengal,2024-10-11
100247,Vadodara,Gujarat,2024-08-31
100248,Coimbatore,Tamil Nadu,2024-03-01
100249,New Delhi,Delhi,2024-08-03
100250,Chennai,Tamil Nadu,2023-07-13
100251,Ahmedabad,Gujarat,2025-01-08
100252,Kolkata,West Bengal,2023-02-11
100253,Coimbatore,Tamil Nadu,2025-02-03
100254,Mangaluru,Karnataka,2025-02-02
100255,Bengaluru,Karnataka,2024-09-18
100256,Kanpur,Uttar Pradesh,2025-01-12
100257,Kolkata,West Bengal,2025-04-11
100258,Pune,Maharashtra,2023-05-29
100259,Pune,Maharashtra,2024-05-11
100260,Ahmedabad,Gujarat,2024-08-10
100261,Mumbai,Maharashtra,2025-05-08
100262,Kolkata,West Bengal,2024-11-03
100263,New Delhi,Delhi,2024-06-25
100264,Nagpur,Maharashtra,2024-05-22
100265,Jaipur,Rajasthan,2023-05-11
100266,Pune,Maharashtra,2023-10-16
100267,Bengaluru,Karnataka,2024-01-30
100268,Mumbai,Maharashtra,2025-03-13
100269,Mumbai,Maharashtra,2025-02-24
100270,Pune,Maharashtra,2024-08-08
100271,Mumbai,Maharashtra,2023-04-07
100272,Mumbai,Maharashtra,2024-10-18
100273,Pune,Maharashtra,2024-02-23
100274,Ahmedabad,Gujarat,2024-08-17
100275,Ahmedabad,Gujarat,2024-01-30
100276,New Delhi,Delhi,2024-10-19
100277,New Delhi,Delhi,2023-07-18
100278,Chennai,Tamil Nadu,2023-07-20
100279,Howrah,West Bengal,2025-04-20
100280,Howrah,West Bengal,2023-03-10
100281,Mumbai,Maharashtra,2023-09-18
100282,Bengaluru,Karnataka,2023-11-08
100283,Mysuru,Karnataka,2025-02-01
100284,Mangaluru,Karnataka,2023-11-24
100285,Warangal,Telangana,2025-03-24
100286,Madurai,Tamil Nadu,2025-06-19
100287,Mumbai,Maharashtra,2024-08-16
100288,New Delhi,Delhi,2023-11-09
100289,Hyderabad,Telangana,2024-06-29
100290,Pune,Maharashtra,2024-09-01
100291,Howrah,West Bengal,2023-04-10
100292,Nashik,Maharashtra,2025-01-28
100293,Jaipur,Rajasthan,2024-02-02
100294,Nagpur,Maharashtra,2025-02-09
100295,Kolkata,West Bengal,2024-07-11
100296,Jaipur,Rajasthan,2025-02-23
100297,Kochi,Kerala,2023-03-16
100298,Kanpur,Uttar Pradesh,2023-02-08
100299,Lucknow,Uttar Pradesh,2023-04-12
100300,Vadodara,Gujarat,2025-03-07
100301,Kanpur,Uttar Pradesh,2025-06-24
100302,Pune,Maharashtra,2025-06-28
100303,Warangal,Telangana,2023-10-30
100304,Hyderabad,Telangana,2023-08-29
100305,Howrah,West Bengal,2023-11-15
100306,Chennai,Tamil Nadu,2025-01-14
100307,New Delhi,Delhi,2023-08-18
100308,Surat,Gujarat,2024-05-13
100309,Mangaluru,Karnataka,2024-08-11
100310,Nagpur,Maharashtra,2023-11-26
100311,Chennai,Tamil Nadu,2024-03-06
100312,Madurai,Tamil Nadu,2024-08-28
100313,Bengaluru,Karnataka,2024-12-21
100314,New Delhi,Delhi,2023-06-22
100315,New Delhi,Delhi,2024-04-11
100316,New Delhi,Delhi,2023-05-21
100317,New Delhi,Delhi,2023-01-15
100318,Vadodara,Gujarat,2024-08-10
100319,Mysuru,Karnataka,2024-03-15
100320,Jaipur,Rajasthan,2023-08-25
100321,Udaipur,Rajasthan,2023-02-20
100322,Madurai,Tamil Nadu,2025-05-11
100323,New Delhi,Delhi,2025-01-23
100324,Hyderabad,Telangana,2025-05-02
100325,Kolkata,West Bengal,2023-04-14
100326,Ahmedabad,Gujarat,2023-01-13
100327,Lucknow,Uttar Pradesh,2023-07-17
100328,Hyderabad,Telangana,2023-04-02
100329,Vadodara,Gujarat,2024-02-24
100330,Mangaluru,Karnataka,2024-08-10
100331,Noida,Uttar Pradesh,2023-06-27
100332,Mysuru,Karnataka,2023-12-28
100333,Ghaziabad,Uttar Pradesh,2024-05-06
100334,Howrah,West Bengal,2023-10-17
100335,Pune,Maharashtra,2024-02-24
100336,Ahmedabad,Gujarat,2024-06-21
100337,Mumbai,Maharashtra,2025-05-17
100338,Lucknow,Uttar Pradesh,2023-10-10
100339,Pune,Maharashtra,2023-03-22
100340,Jaipur,Rajasthan,2025-03-02
100341,Mumbai,Maharashtra,2024-06-09
100342,Kochi,Kerala,2024-03-06
100343,Lucknow,Uttar Pradesh,2024-10-18
100344,Surat,Gujarat,2025-06-12
100345,Noida,Uttar Pradesh,2023-04-27
100346,Ghaziabad,Uttar Pradesh,2025-02-23
100347,Jaipur,Rajasthan,2024-08-02
100348,Bengaluru,Karnataka,2024-06-17
100349,Vadodara,Gujarat,2025-02-26
100350,Nagpur,Maharashtra,2023-10-05
100351,Ahmedabad,Gujarat,2024-12-18
100352,Mumbai,Maharashtra,2024-06-03
100353,Hyderabad,Telangana,2025-05-01
100354,Warangal,Telangana,2024-10-18
100355,Coimbatore,Tamil Nadu,2024-03-29
100356,Hyderabad,Telangana,2023-12-25
100357,Kanpur,Uttar Pradesh,2023-12-09
100358,Kanpur,Uttar Pradesh,2025-04-18
100359,Chennai,Tamil Nadu,2025-02-02
100360,Ahmedabad,Gujarat,2023-07-25
100361,Udaipur,Rajasthan,2025-02-27
100362,Nashik,Maharashtra,2024-06-15
100363,Nashik,Maharashtra,2023-04-05
100364,Nashik,Maharashtra,2024-11-28
100365,Surat,Gujarat,2023-05-28
100366,Madurai,Tamil Nadu,2025-03-05
100367,Ghaziabad,Uttar Pradesh,2024-02-19
100368,Vadodara,Gujarat,2025-04-14
100369,New Delhi,Delhi,2024-03-16
100370,Jaipur,Rajasthan,2023-03-19
100371,Noida,Uttar Pradesh,2024-11-29
100372,Mysuru,Karnataka,2024-10-23
100373,New Delhi,Delhi,2023-10-03
100374,New Delhi,Delhi,2023-07-05
100375,Nagpur,Maharashtra,2025-02-25
100376,Nashik,Maharashtra,2024-12-10
100377,Jaipur,Rajasthan,2023-09-29
100378,Madurai,Tamil Nadu,2024-09-30
100379,New Delhi,Delhi,2023-08-08
100380,Ghaziabad,Uttar Pradesh,2023-06-15
100381,Warangal,Telangana,2024-08-27
100382,Jaipur,Rajasthan,2025-01-28
100383,Noida,Uttar Pradesh,2025-04-16
100384,Chennai,Tamil Nadu,2024-02-25
100385,New Delhi,Delhi,2023-05-11
100386,Thiruvananthapuram,Kerala,2024-05-10
100387,Kanpur,Uttar Pradesh,2024-09-12
100388,Kochi,Kerala,2025-06-03
100389,Mumbai,Maharashtra,2023-04-13
100390,Howrah,West Bengal,2024-08-21
100391,Vadodara,Gujarat,2024-04-11
100392,Pune,Maharashtra,2024-06-20
100393,Hyderabad,Telangana,2023-03-26
100394,Surat,Gujarat,2023-01-16
100395,Nagpur,Maharashtra,2024-07-06
100396,Coimbatore,Tamil Nadu,2023-07-01
100397,Howrah,West Bengal,2024-07-13
100398,Bengaluru,Karnataka,2023-01-25
100399,Coimbatore,Tamil Nadu,2024-12-30
100400,Madurai,Tamil Nadu,2023-10-31
100401,Bengaluru,Karnataka,2024-02-16
100402,Jaipur,Rajasthan,2023-11-10
100403,Noida,Uttar Pradesh,2024-01-17
100404,Pune,Maharashtra,2024-04-28
100405,Kochi,Kerala,2024-08-11
100406,Howrah,West Bengal,2024-09-20
100407,Bengaluru,Karnataka,2025-06-21
100408,Howrah,West Bengal,2023-06-13
100409,Nagpur,Maharashtra,2025-03-05
100410,Thiruvananthapuram,Kerala,2024-07-02
100411,Surat,Gujarat,2023-10-10
100412,Surat,Gujarat,2025-04-15
100413,Mumbai,Maharashtra,2024-10-05
100414,Udaipur,Rajasthan,2023-06-18
100415,Mumbai,Maharashtra,2023-06-09
100416,Bengaluru,Karnataka,2024-08-23
100417,Nashik,Maharashtra,2024-10-26
100418,Kanpur,Uttar Pradesh,2023-02-11
100419,Bengaluru,Karnataka,2024-07-26
100420,Udaipur,Rajasthan,2024-04-28
100421,Ahmedabad,Gujarat,2025-06-02
100422,Mumbai,Maharashtra,2024-11-06
100423,Pune,Maharashtra,2025-04-08
100424,Nashik,Maharashtra,2023-02-01
100425,Ahmedabad,Gujarat,2024-11-27
100426,Lucknow,Uttar Pradesh,2023-10-31
100427,Mangaluru,Karnataka,2024-05-19
100428,Kolkata,West Bengal,2025-03-10
100429,Mumbai,Maharashtra,2025-03-03
100430,Lucknow,Uttar Pradesh,2023-07-25
100431,Udaipur,Rajasthan,2023-08-07
100432,Ghaziabad,Uttar Pradesh,2024-10-20
100433,Kanpur,Uttar Pradesh,2025-03-10
100434,Kolkata,West Bengal,2024-07-11
100435,Nashik,Maharashtra,2023-02-19
100436,Mangaluru,Karnataka,2023-05-30
100437,Nagpur,Maharashtra,2024-11-13
100438,Madurai,Tamil Nadu,2024-11-06
100439,Ghaziabad,Uttar Pradesh,2025-03-27
100440,Ahmedabad,Gujarat,2024-04-29
100441,Kolkata,West Bengal,2024-01-25
100442,Nagpur,Maharashtra,2023-04-13
100443,Lucknow,Uttar Pradesh,2024-12-13
100444,Mysuru,Karnataka,2025-05-14
100445,Mangaluru,Karnataka,2023-02-11
100446,Noida,Uttar Pradesh,2024-03-24
100447,Thiruvananthapuram,Kerala,2023-11-20
100448,Ahmedabad,Gujarat,2024-11-09
100449,Nagpur,Maharashtra,2024-11-26
100450,Surat,Gujarat,2023-07-18
100451,Mumbai,Maharashtra,2025-05-17
100452,Udaipur,Rajasthan,2023-05-05
100453,Lucknow,Uttar Pradesh,2024-12-12
100454,Mumbai,Maharashtra,2024-11-06
100455,Pune,Maharashtra,2023-05-28
100456,Mangaluru,Karnataka,2024-09-05
100457,Kochi,Kerala,2023-09-04
100458,Coimbatore,Tamil Nadu,2023-09-07
100459,Lucknow,Uttar Pradesh,2023-03-20
100460,Vadodara,Gujarat,2024-11-10
100461,Hyderabad,Telangana,2025-01-05
100462,Mumbai,Maharashtra,2024-04-05
100463,Udaipur,Rajasthan,2024-12-07
100464,Bengaluru,Karnataka,2023-11-14
100465,Warangal,Telangana,2024-05-29
100466,Lucknow,Uttar Pradesh,2024-12-17
100467,Surat,Gujarat,2024-01-28
100468,Jaipur,Rajasthan,2024-07-15
100469,Nagpur,Maharashtra,2023-05-13
100470,Coimbatore,Tamil Nadu,2024-04-07
100471,New Delhi,Delhi,2025-02-14
100472,Chennai,Tamil Nadu,2024-12-05
100473,Pune,Maharashtra,2023-10-01
100474,Mumbai,Maharashtra,2024-05-11
100475,Bengaluru,Karnataka,2024-07-18
100476,Mangaluru,Karnataka,2025-05-05
100477,Coimbatore,Tamil Nadu,2025-01-25
100478,Vadodara,Gujarat,2025-01-15
100479,Ahmedabad,Gujarat,2024-11-16
100480,Madurai,Tamil Nadu,2023-11-23
100481,New Delhi,Delhi,2023-12-10
100482,Mysuru,Karnataka,2024-02-28
100483,Warangal,Telangana,2024-01-24
100484,New Delhi,Delhi,2025-05-22
100485,Nashik,Maharashtra,2025-03-08
100486,Madurai,Tamil Nadu,2025-03-26
100487,Madurai,Tamil Nadu,2024-07-07
100488,Mangaluru,Karnataka,2023-06-24
100489,Hyderabad,Telangana,2023-05-11
100490,Warangal,Telangana,2023-09-07
100491,Ghaziabad,Uttar Pradesh,2024-08-16
100492,Vadodara,Gujarat,2023-11-28
100493,Surat,Gujarat,2024-08-19
100494,New Delhi,Delhi,2025-03-12
100495,Noida,Uttar Pradesh,2023-11-01
100496,Hyderabad,Telangana,2025-04-24
100497,Chennai,Tamil Nadu,2024-04-11
100498,Ahmedabad,Gujarat,2024-12-31
100499,New Delhi,Delhi,2023-02-24
100500,Hyderabad,Telangana,2023-09-09
100501,Lucknow,Uttar Pradesh,2025-04-28
100502,Udaipur,Rajasthan,2025-03-19
100503,Udaipur,Rajasthan,2024-06-04
100504,Madurai,Tamil Nadu,2023-01-30
100505,Hyderabad,Telangana,2023-02-24
100506,Lucknow,Uttar Pradesh,2024-01-21
100507,New Delhi,Delhi,2025-03-29
100508,Howrah,West Bengal,2023-12-11
100509,Chennai,Tamil Nadu,2025-03-16
100510,Nashik,Maharashtra,2024-05-02
100511,Nashik,Maharashtra,2023-05-03
100512,Howrah,West Bengal,2024-05-25
100513,Mumbai,Maharashtra,2023-11-28
100514,Mysuru,Karnataka,2023-07-25
100515,New Delhi,Delhi,2024-09-07
100516,Nashik,Maharashtra,2023-07-06
100517,New Delhi,Delhi,2025-04-04
100518,Noida,Uttar Pradesh,2025-01-02
100519,Mumbai,Maharashtra,2024-12-13
100520,Howrah,West Bengal,2023-03-11
100521,Kolkata,West Bengal,2025-05-25
100522,New Delhi,Delhi,2024-03-25
100523,Nagpur,Maharashtra,2024-10-29
100524,Surat,Gujarat,2023-06-24
100525,Nashik,Maharashtra,2024-11-30
100526,New Delhi,Delhi,2023-10-19
100527,Kochi,Kerala,2024-10-06
100528,Kochi,Kerala,2023-09-10
100529,Noida,Uttar Pradesh,2025-04-29
100530,New Delhi,Delhi,2024-10-07
100531,Ahmedabad,Gujarat,2024-02-17
100532,Noida,Uttar Pradesh,2024-02-20
100533,New Delhi,Delhi,2023-01-01
100534,Vadodara,Gujarat,2023-09-30
100535,Pune,Maharashtra,2024-12-19
100536,Bengaluru,Karnataka,2025-01-27
100537,Hyderabad,Telangana,2025-06-29
100538,Nagpur,Maharashtra,2023-03-20
100539,Nashik,Maharashtra,2023-08-17
100540,Howrah,West Bengal,2024-11-29
100541,Kochi,Kerala,2023-11-26
100542,Warangal,Telangana,2023-08-15
100543,Kolkata,West Bengal,2023-09-14
100544,Thiruvananthapuram,Kerala,2025-04-16
100545,Mumbai,Maharashtra,2025-02-20
100546,Coimbatore,Tamil Nadu,2023-01-06
100547,New Delhi,Delhi,2025-02-04
100548,Nashik,Maharashtra,2024-05-22
100549,Noida,Uttar Pradesh,2025-02-08
100550,Madurai,Tamil Nadu,2024-07-20
100551,Chennai,Tamil Nadu,2024-09-19
100552,Nashik,Maharashtra,2024-06-09
100553,Mangaluru,Karnataka,2024-10-31
100554,Udaipur,Rajasthan,2025-01-12
100555,Nashik,Maharashtra,2024-04-08
100556,Bengaluru,Karnataka,2023-04-13
100557,Mysuru,Karnataka,2023-03-26
100558,Madurai,Tamil Nadu,2024-01-14
100559,Hyderabad,Telangana,2024-03-07
100560,Chennai,Tamil Nadu,2025-02-25
100561,Mumbai,Maharashtra,2023-01-31
100562,Mangaluru,Karnataka,2025-03-20
100563,Kolkata,West Bengal,2023-02-20
100564,Surat,Gujarat,2024-03-29
100565,Surat,Gujarat,2024-01-21
100566,Surat,Gujarat,2024-05-23
100567,Ghaziabad,Uttar Pradesh,2023-02-08
100568,Nashik,Maharashtra,2024-11-26
100569,New Delhi,Delhi,2023-05-03
100570,Warangal,Telangana,2024-12-11
100571,New Delhi,Delhi,2024-05-31
100572,Howrah,West Bengal,2025-03-20
100573,Chennai,Tamil Nadu,2025-06-10
100574,Ghaziabad,Uttar Pradesh,2025-02-07
100575,Kolkata,West Bengal,2024-02-16
100576,Chennai,Tamil Nadu,2024-01-13
100577,Jaipur,Rajasthan,2024-08-26
100578,Hyderabad,Telangana,2024-08-14
100579,Howrah,West Bengal,2024-12-20
100580,New Delhi,Delhi,2024-03-16
100581,Chennai,Tamil Nadu,2024-02-26
100582,Warangal,Telangana,2023-04-18
100583,Pune,Maharashtra,2023-06-03
100584,New Delhi,Delhi,2025-01-18
100585,Jaipur,Rajasthan,2025-06-20
100586,Surat,Gujarat,2024-07-02
100587,Mumbai,Maharashtra,2023-11-10
100588,New Delhi,Delhi,2023-02-22
100589,Bengaluru,Karnataka,2023-02-09
100590,Nagpur,Maharashtra,2024-09-08
100591,Udaipur,Rajasthan,2024-08-07
100592,Coimbatore,Tamil Nadu,2023-09-15
100593,Bengaluru,Karnataka,2023-06-21
100594,Vadodara,Gujarat,2023-03-05
100595,Nagpur,Maharashtra,2024-09-13
100596,Bengaluru,Karnataka,2024-07-06
100597,Ghaziabad,Uttar Pradesh,2023-10-31
100598,Vadodara,Gujarat,2024-10-29
100599,Thiruvananthapuram,Kerala,2025-02-09
100600,Ahmedabad,Gujarat,2024-04-16
100601,Coimbatore,Tamil Nadu,2023-08-28
100602,Lucknow,Uttar Pradesh,2023-01-06
100603,Jaipur,Rajasthan,2024-12-25
100604,Lucknow,Uttar Pradesh,2024-06-09
100605,Kochi,Kerala,2023-11-13
100606,Noida,Uttar Pradesh,2023-01-07
100607,Howrah,West Bengal,2025-01-11
100608,Mumbai,Maharashtra,2025-04-23
100609,Lucknow,Uttar Pradesh,2024-03-14
100610,Coimbatore,Tamil Nadu,2023-09-01
100611,Hyderabad,Telangana,2024-07-18
100612,Vadodara,Gujarat,2025-03-04
100613,Thiruvananthapuram,Kerala,2024-06-19
100614,Thiruvananthapuram,Kerala,2023-01-12
100615,Mangaluru,Karnataka,2023-06-27
100616,Noida,Uttar Pradesh,2023-03-30
100617,Ghaziabad,Uttar Pradesh,2024-01-10
100618,New Delhi,Delhi,2024-02-16
100619,Nashik,Maharashtra,2024-11-22
100620,Pune,Maharashtra,2023-04-13
100621,Kanpur,Uttar Pradesh,2025-05-08
100622,Madurai,Tamil Nadu,2023-08-29
100623,Thiruvananthapuram,Kerala,2024-04-19
100624,Chennai,Tamil Nadu,2023-07-12
100625,Kochi,Kerala,2023-11-20
100626,Chennai,Tamil Nadu,2025-01-28
100627,Lucknow,Uttar Pradesh,2023-02-10
100628,Nashik,Maharashtra,2024-03-16
100629,Hyderabad,Telangana,2024-06-15
100630,Ghaziabad,Uttar Pradesh,2024-06-03
100631,Jaipur,Rajasthan,2023-12-13
100632,Kolkata,West Bengal,2023-12-11
100633,Nagpur,Maharashtra,2025-04-08
100634,New Delhi,Delhi,2023-08-08
100635,Mumbai,Maharashtra,2024-03-13
100636,Mumbai,Maharashtra,2023-11-28
100637,Ahmedabad,Gujarat,2024-11-28
100638,Noida,Uttar Pradesh,2025-01-04
100639,Ghaziabad,Uttar Pradesh,2025-02-11
100640,Howrah,West Bengal,2023-03-19
100641,Ghaziabad,Uttar Pradesh,2023-03-31
100642,Ghaziabad,Uttar Pradesh,2023-12-09
100643,Pune,Maharashtra,2024-02-06
100644,Mangaluru,Karnataka,2023-02-27
100645,Ahmedabad,Gujarat,2025-03-25
100646,Kolkata,West Bengal,2025-03-28
100647,Nagpur,Maharashtra,2024-01-22
100648,Hyderabad,Telangana,2024-12-01
100649,Vadodara,Gujarat,2024-05-29
100650,Nashik,Maharashtra,2024-08-21
100651,New Delhi,Delhi,2025-03-06
100652,Jaipur,Rajasthan,2023-03-25
100653,Ahmedabad,Gujarat,2023-07-31
100654,Mysuru,Karnataka,2024-01-25
100655,Howrah,West Bengal,2025-03-25
100656,New Delhi,Delhi,2024-06-23
100657,Howrah,West Bengal,2023-12-28
100658,Mangaluru,Karnataka,2023-01-27
100659,Ahmedabad,Gujarat,2024-06-24
100660,New Delhi,Delhi,2023-09-03
100661,Bengaluru,Karnataka,2023-10-26
100662,Udaipur,Rajasthan,2025-06-26
100663,Mysuru,Karnataka,2024-04-25
100664,Nagpur,Maharashtra,2023-05-07
100665,New Delhi,Delhi,2023-02-14
100666,Ghaziabad,Uttar Pradesh,2023-12-20
100667,Kanpur,Uttar Pradesh,2023-03-01
100668,Kochi,Kerala,2024-01-26
100669,Mangaluru,Karnataka,2024-01-13
100670,New Delhi,Delhi,2025-03-12
100671,Pune,Maharashtra,2023-11-02
100672,Warangal,Telangana,2023-09-09
100673,Kochi,Kerala,2024-07-14
100674,Kanpur,Uttar Pradesh,2024-08-05
100675,Surat,Gujarat,2023-02-04
100676,New Delhi,Delhi,2023-03-18
100677,Jaipur,Rajasthan,2023-06-02
100678,Chennai,Tamil Nadu,2024-12-08
100679,Nagpur,Maharashtra,2023-07-10
100680,New Delhi,Delhi,2025-06-23
100681,Mumbai,Maharashtra,2024-02-06
100682,Bengaluru,Karnataka,2025-04-30
100683,Mumbai,Maharashtra,2023-08-13
100684,Chennai,Tamil Nadu,2024-01-22
100685,Surat,Gujarat,2023-05-06
100686,New Delhi,Delhi,2025-02-09
100687,Coimbatore,Tamil Nadu,2024-06-28
100688,Thiruvananthapuram,Kerala,2023-03-10
100689,Kanpur,Uttar Pradesh,2024-11-08
100690,Warangal,Telangana,2025-03-19
100691,Mangaluru,Karnataka,2024-09-16
100692,Jaipur,Rajasthan,2025-01-06
100693,Mangaluru,Karnataka,2023-09-09
100694,New Delhi,Delhi,2024-01-29
100695,Jaipur,Rajasthan,2025-02-17
100696,Warangal,Telangana,2024-07-08
100697,Lucknow,Uttar Pradesh,2024-07-11
100698,Surat,Gujarat,2024-11-29
100699,Ahmedabad,Gujarat,2024-07-13
100700,Mysuru,Karnataka,2023-04-26
100701,Mysuru,Karnataka,2023-07-13
100702,New Delhi,Delhi,2024-12-10
100703,Nashik,Maharashtra,2023-08-09
100704,Kolkata,West Bengal,2024-08-29
100705,Mysuru,Karnataka,2024-03-08
100706,Warangal,Telangana,2024-07-19
100707,Ghaziabad,Uttar Pradesh,2023-08-05
100708,Ghaziabad,Uttar Pradesh,2023-10-10
100709,Coimbatore,Tamil Nadu,2024-09-18
100710,Madurai,Tamil Nadu,2023-06-06
100711,Kochi,Kerala,2023-10-09
100712,Vadodara,Gujarat,2025-06-28
100713,Howrah,West Bengal,2023-05-19
100714,Jaipur,Rajasthan,2024-06-10
100715,Noida,Uttar Pradesh,2023-05-19
100716,Mysuru,Karnataka,2024-10-06
100717,Hyderabad,Telangana,2023-04-26
100718,Nagpur,Maharashtra,2024-06-06
100719,Ahmedabad,Gujarat,2024-02-05
100720,Kochi,Kerala,2024-09-22
100721,Hyderabad,Telangana,2023-01-03
100722,Coimbatore,Tamil Nadu,2024-04-15
100723,Pune,Maharashtra,2024-05-09
100724,Kochi,Kerala,2023-08-08
100725,Nashik,Maharashtra,2023-09-29
100726,Nashik,Maharashtra,2024-10-05
100727,Mysuru,Karnataka,2024-05-18
100728,Mumbai,Maharashtra,2024-06-11
100729,Madurai,Tamil Nadu,2025-05-02
100730,Warangal,Telangana,2024-01-04
100731,New Delhi,Delhi,2025-06-06
100732,Nagpur,Maharashtra,2024-06-09
100733,Nagpur,Maharashtra,2023-07-12
100734,New Delhi,Delhi,2024-01-16
100735,Mumbai,Maharashtra,2023-02-12
100736,Lucknow,Uttar Pradesh,2024-09-28
100737,Bengaluru,Karnataka,2023-09-07
100738,Mysuru,Karnataka,2025-04-20
100739,New Delhi,Delhi,2024-08-17
100740,Madurai,Tamil Nadu,2024-03-21
100741,Nagpur,Maharashtra,2023-06-20
100742,Nagpur,Maharashtra,2023-04-01
100743,Howrah,West Bengal,2024-09-04
100744,Nashik,Maharashtra,2024-11-28
100745,Chennai,Tamil Nadu,2023-08-31
100746,Chennai,Tamil Nadu,2023-01-10
100747,New Delhi,Delhi,2023-10-19
100748,Chennai,Tamil Nadu,2024-11-27
100749,Kanpur,Uttar Pradesh,2024-06-12
100750,Kolkata,West Bengal,2023-03-19
100751,Mangaluru,Karnataka,2023-04-15
100752,New Delhi,Delhi,2023-04-08
100753,Mysuru,Karnataka,2024-11-21
100754,Madurai,Tamil Nadu,2024-12-13
100755,Vadodara,Gujarat,2024-01-07
100756,Bengaluru,Karnataka,2024-09-20
100757,New Delhi,Delhi,2023-01-20
100758,Udaipur,Rajasthan,2024-05-26
100759,Nashik,Maharashtra,2023-09-05
100760,Chennai,Tamil Nadu,2025-01-17
100761,Lucknow,Uttar Pradesh,2024-03-21
100762,Nashik,Maharashtra,2025-02-14
100763,Nashik,Maharashtra,2024-05-27
100764,Pune,Maharashtra,2024-02-21
100765,Udaipur,Rajasthan,2025-05-12
100766,Mumbai,Maharashtra,2025-06-26
100767,Mysuru,Karnataka,2024-02-20
100768,Nagpur,Maharashtra,2023-11-22
100769,Pune,Maharashtra,2024-08-11
100770,Ahmedabad,Gujarat,2023-06-06
100771,Mangaluru,Karnataka,2023-12-18
100772,Hyderabad,Telangana,2025-02-09
100773,Ahmedabad,Gujarat,2025-03-28
100774,Kolkata,West Bengal,2024-01-14
100775,Pune,Maharashtra,2023-12-22
100776,Kolkata,West Bengal,2025-03-07
100777,Surat,Gujarat,2023-07-04
100778,Nashik,Maharashtra,2023-02-25
100779,Kanpur,Uttar Pradesh,2023-03-08
100780,Kolkata,West Bengal,2023-04-12
100781,Mysuru,Karnataka,2025-03-12
100782,Udaipur,Rajasthan,2023-02-06
100783,Madurai,Tamil Nadu,2023-10-30
100784,Vadodara,Gujarat,2024-07-02
100785,Kochi,Kerala,2024-07-08
100786,New Delhi,Delhi,2025-01-27
100787,Kolkata,West Bengal,2025-06-12
100788,New Delhi,Delhi,2024-01-02
100789,Kanpur,Uttar Pradesh,2023-08-01
100790,Ahmedabad,Gujarat,2023-03-24
100791,Mangaluru,Karnataka,2025-03-23
100792,Madurai,Tamil Nadu,2023-12-07
100793,New Delhi,Delhi,2025-03-29
100794,Nagpur,Maharashtra,2023-11-14
100795,Pune,Maharashtra,2024-11-19
100796,New Delhi,Delhi,2024-08-09
100797,Nashik,Maharashtra,2024-10-11
100798,Nagpur,Maharashtra,2024-08-17
100799,Kanpur,Uttar Pradesh,2023-10-07
100800,Ghaziabad,Uttar Pradesh,2023-04-04
100801,Noida,Uttar Pradesh,2023-01-10
100802,New Delhi,Delhi,2024-01-18
100803,Udaipur,Rajasthan,2025-03-23
100804,Vadodara,Gujarat,2024-08-08
100805,Nagpur,Maharashtra,2024-09-06
100806,Mumbai,Maharashtra,2023-08-24
100807,Ghaziabad,Uttar Pradesh,2024-03-18
100808,Mumbai,Maharashtra,2024-01-06
100809,Madurai,Tamil Nadu,2023-05-05
100810,Thiruvananthapuram,Kerala,2024-07-13
100811,Pune,Maharashtra,2023-11-28
100812,Pune,Maharashtra,2024-01-03
100813,Kochi,Kerala,2024-06-27
100814,Hyderabad,Telangana,2023-01-29
100815,Mumbai,Maharashtra,2025-05-02
100816,Udaipur,Rajasthan,2023-07-22
100817,Udaipur,Rajasthan,2024-09-10
100818,Hyderabad,Telangana,2024-12-08
100819,Vadodara,Gujarat,2023-05-21
100820,Bengaluru,Karnataka,2023-08-15
100821,Nagpur,Maharashtra,2024-01-11
100822,Ahmedabad,Gujarat,2025-01-14
100823,Bengaluru,Karnataka,2024-08-02
100824,Ahmedabad,Gujarat,2024-03-01
100825,Kolkata,West Bengal,2025-02-12
100826,Nagpur,Maharashtra,2024-03-06
100827,Vadodara,Gujarat,2025-03-18
100828,Mangaluru,Karnataka,2024-12-02
100829,Howrah,West Bengal,2023-06-06
100830,Mysuru,Karnataka,2023-12-16
100831,Surat,Gujarat,2023-01-23
100832,Hyderabad,Telangana,2023-08-06
100833,New Delhi,Delhi,2023-01-21
100834,Vadodara,Gujarat,2023-04-06
100835,Kanpur,Uttar Pradesh,2023-01-04
100836,Warangal,Telangana,2024-09-04
100837,Noida,Uttar Pradesh,2024-01-09
100838,Kochi,Kerala,2024-03-04
100839,Madurai,Tamil Nadu,2024-11-27
100840,Hyderabad,Telangana,2025-01-07
100841,Nagpur,Maharashtra,2024-04-30
100842,Ghaziabad,Uttar Pradesh,2024-02-21
100843,Hyderabad,Telangana,2024-08-15
100844,New Delhi,Delhi,2024-01-13
100845,Nashik,Maharashtra,2024-02-08
100846,Udaipur,Rajasthan,2023-09-30
100847,New Delhi,Delhi,2023-06-22
100848,Surat,Gujarat,2023-07-01
100849,Nashik,Maharashtra,2024-08-19
100850,Kochi,Kerala,2025-01-26
100851,Pune,Maharashtra,2024-01-21
100852,Bengaluru,Karnataka,2023-03-28
100853,Howrah,West Bengal,2024-07-09
100854,Udaipur,Rajasthan,2025-04-01
100855,Mysuru,Karnataka,2024-04-25
100856,Madurai,Tamil Nadu,2023-01-25
100857,Noida,Uttar Pradesh,2023-03-16
100858,Howrah,West Bengal,2024-04-20
100859,New Delhi,Delhi,2025-02-23
100860,Hyderabad,Telangana,2023-02-23
100861,Kanpur,Uttar Pradesh,2024-11-17
100862,Kanpur,Uttar Pradesh,2024-12-11
100863,Ghaziabad,Uttar Pradesh,2023-01-04
100864,Warangal,Telangana,2024-05-30
100865,Nagpur,Maharashtra,2023-06-09
100866,Udaipur,Rajasthan,2025-04-14
100867,Kolkata,West Bengal,2023-03-25
100868,Kanpur,Uttar Pradesh,2024-08-14
100869,Nagpur,Maharashtra,2024-12-17
100870,Mysuru,Karnataka,2023-06-12
100871,Kanpur,Uttar Pradesh,2023-08-19
100872,Pune,Maharashtra,2024-12-26
100873,Kochi,Kerala,2023-03-26
100874,New Delhi,Delhi,2024-02-07
100875,Noida,Uttar Pradesh,2023-08-16
100876,Jaipur,Rajasthan,2023-01-13
100877,New Delhi,Delhi,2024-02-16
100878,New Delhi,Delhi,2024-03-19
100879,Surat,Gujarat,2025-01-10
100880,Warangal,Telangana,2023-03-29
100881,New Delhi,Delhi,2024-01-27
100882,Vadodara,Gujarat,2023-06-14
100883,Udaipur,Rajasthan,2024-11-21
100884,Madurai,Tamil Nadu,2024-05-22
100885,Mysuru,Karnataka,2024-10-04
100886,New Delhi,Delhi,2023-04-08
100887,New Delhi,Delhi,2024-02-21
100888,Nashik,Maharashtra,2023-02-16
100889,Nashik,Maharashtra,2023-10-22
100890,Ahmedabad,Gujarat,2025-05-11
100891,New Delhi,Delhi,2024-10-23
100892,Thiruvananthapuram,Kerala,2023-03-13
100893,Mysuru,Karnataka,2023-12-03
100894,Nashik,Maharashtra,2025-03-04
100895,Kanpur,Uttar Pradesh,2023-06-04
100896,Jaipur,Rajasthan,2024-11-20
100897,Bengaluru,Karnataka,2023-10-20
100898,Bengaluru,Karnataka,2024-03-10
100899,Bengaluru,Karnataka,2025-03-09
100900,Hyderabad,Telangana,2024-09-04
100901,Madurai,Tamil Nadu,2023-09-16
100902,Mysuru,Karnataka,2023-01-09
100903,Nagpur,Maharashtra,2023-08-03
100904,Madurai,Tamil Nadu,2024-01-16
100905,Thiruvananthapuram,Kerala,2023-05-02
100906,Surat,Gujarat,2025-03-14
100907,Chennai,Tamil Nadu,2023-02-20
100908,Nashik,Maharashtra,2024-05-07
100909,Mysuru,Karnataka,2025-06-08
100910,Mangaluru,Karnataka,2023-11-02
100911,Noida,Uttar Pradesh,2024-05-04
100912,Kolkata,West Bengal,2023-03-08
100913,Jaipur,Rajasthan,2024-10-26
100914,Thiruvananthapuram,Kerala,2025-06-09
100915,Thiruvananthapuram,Kerala,2024-12-05
100916,Kochi,Kerala,2023-05-17
100917,Pune,Maharashtra,2023-11-17
100918,Nagpur,Maharashtra,2024-10-21
100919,Mangaluru,Karnataka,2024-12-28
100920,Warangal,Telangana,2024-01-03
100921,Pune,Maharashtra,2025-05-25
100922,Howrah,West Bengal,2023-07-05
100923,Ahmedabad,Gujarat,2024-11-06
100924,Warangal,Telangana,2024-03-28
100925,Mumbai,Maharashtra,2024-10-10
100926,Mysuru,Karnataka,2024-06-26
100927,Nagpur,Maharashtra,2024-01-29
100928,Howrah,West Bengal,2025-01-12
100929,Hyderabad,Telangana,2025-02-05
100930,Kanpur,Uttar Pradesh,2025-01-14
100931,Bengaluru,Karnataka,2023-03-22
100932,New Delhi,Delhi,2024-01-21
100933,New Delhi,Delhi,2024-11-13
100934,Noida,Uttar Pradesh,2025-02-28
100935,Lucknow,Uttar Pradesh,2023-11-26
100936,Mysuru,Karnataka,2024-11-05
100937,Jaipur,Rajasthan,2024-05-30
100938,Nashik,Maharashtra,2023-07-20
100939,Udaipur,Rajasthan,2025-03-24
100940,Pune,Maharashtra,2024-02-10
100941,Mysuru,Karnataka,2024-07-05
100942,Kolkata,West Bengal,2023-09-20
100943,Mumbai,Maharashtra,2023-01-24
100944,Coimbatore,Tamil Nadu,2024-02-17
100945,Madurai,Tamil Nadu,2024-10-20
100946,Mysuru,Karnataka,2023-10-26
100947,Lucknow,Uttar Pradesh,2025-04-26
100948,Howrah,West Bengal,2024-11-14
100949,Howrah,West Bengal,2025-01-04
100950,New Delhi,Delhi,2025-02-23
100951,Hyderabad,Telangana,2024-10-19
100952,Bengaluru,Karnataka,2024-10-11
100953,Mangaluru,Karnataka,2025-02-23
100954,Nagpur,Maharashtra,2023-04-05
100955,Udaipur,Rajasthan,2023-11-10
100956,Jaipur,Rajasthan,2025-03-19
100957,Noida,Uttar Pradesh,2024-03-07
100958,Hyderabad,Telangana,2023-01-14
100959,Madurai,Tamil Nadu,2025-02-11
100960,Hyderabad,Telangana,2024-08-20
100961,Warangal,Telangana,2025-04-09
100962,Madurai,Tamil Nadu,2023-01-15
100963,Mumbai,Maharashtra,2023-05-14
100964,Mumbai,Maharashtra,2024-04-10
100965,Kochi,Kerala,2023-06-15
100966,Madurai,Tamil Nadu,2024-04-19
100967,Thiruvananthapuram,Kerala,2023-11-12
100968,Nashik,Maharashtra,2023-07-11
100969,Warangal,Telangana,2024-12-02
100970,Mysuru,Karnataka,2023-02-05
100971,Bengaluru,Karnataka,2025-03-08
100972,Pune,Maharashtra,2023-05-21
100973,Nagpur,Maharashtra,2024-06-12
100974,Jaipur,Rajasthan,2025-06-22
100975,New Delhi,Delhi,2023-04-14
100976,Ahmedabad,Gujarat,2025-04-24
100977,Madurai,Tamil Nadu,2023-10-04
100978,New Delhi,Delhi,2024-11-06
100979,Hyderabad,Telangana,2025-02-19
100980,Mysuru,Karnataka,2023-07-31
100981,Thiruvananthapuram,Kerala,2023-11-13
100982,Howrah,West Bengal,2025-02-23
100983,Kanpur,Uttar Pradesh,2023-04-04
100984,Chennai,Tamil Nadu,2023-04-09
100985,Nagpur,Maharashtra,2023-10-03
100986,Udaipur,Rajasthan,2024-07-03
100987,New Delhi,Delhi,2025-01-04
100988,Nashik,Maharashtra,2024-05-27
100989,New Delhi,Delhi,2024-03-25
100990,Noida,Uttar Pradesh,2025-03-04
100991,Ahmedabad,Gujarat,2023-06-06
100992,Noida,Uttar Pradesh,2025-04-01
100993,Ghaziabad,Uttar Pradesh,2023-10-12
100994,Bengaluru,Karnataka,2023-09-09
100995,Udaipur,Rajasthan,2025-05-18
100996,Coimbatore,Tamil Nadu,2024-08-11
100997,Vadodara,Gujarat,2024-01-29
100998,Nashik,Maharashtra,2023-10-28
100999,Kochi,Kerala,2024-02-07
101000,Mangaluru,Karnataka,2024-12-22
101001,Pune,Maharashtra,2023-05-20
101002,Chennai,Tamil Nadu,2023-06-08
101003,Mumbai,Maharashtra,2023-10-05
101004,Pune,Maharashtra,2024-03-15
101005,Surat,Gujarat,2025-01-12
101006,New Delhi,Delhi,2023-07-11
101007,Udaipur,Rajasthan,2024-12-17
101008,New Delhi,Delhi,2025-04-06
101009,Ghaziabad,Uttar Pradesh,2024-02-01
101010,Coimbatore,Tamil Nadu,2025-05-25
101011,Surat,Gujarat,2025-03-25
101012,Ahmedabad,Gujarat,2024-12-27
101013,Madurai,Tamil Nadu,2023-12-13
101014,Kochi,Kerala,2023-10-01
101015,New Delhi,Delhi,2025-02-26
101016,Nashik,Maharashtra,2024-02-07
101017,Surat,Gujarat,2023-01-29
101018,Howrah,West Bengal,2024-10-15
101019,Nashik,Maharashtra,2023-11-13
101020,Madurai,Tamil Nadu,2025-05-02
101021,Udaipur,Rajasthan,2025-02-17
101022,Noida,Uttar Pradesh,2023-04-06
101023,Kochi,Kerala,2025-04-01
101024,Warangal,Telangana,2025-05-15
101025,Vadodara,Gujarat,2024-11-20
101026,Mangaluru,Karnataka,2023-09-08
101027,Jaipur,Rajasthan,2024-09-02
101028,New Delhi,Delhi,2025-03-01
101029,Kanpur,Uttar Pradesh,2025-01-12
101030,New Delhi,Delhi,2023-12-18
101031,Warangal,Telangana,2024-09-04
101032,Noida,Uttar Pradesh,2024-02-29
101033,Coimbatore,Tamil Nadu,2023-07-24
101034,Udaipur,Rajasthan,2024-08-24
101035,Chennai,Tamil Nadu,2023-10-21
101036,Ahmedabad,Gujarat,2024-06-19
101037,New Delhi,Delhi,2023-11-26
101038,New Delhi,Delhi,2025-03-17
101039,Coimbatore,Tamil Nadu,2025-02-13
101040,Nagpur,Maharashtra,2024-03-07
101041,Pune,Maharashtra,2024-10-09
101042,Vadodara,Gujarat,2023-06-12
101043,Ahmedabad,Gujarat,2025-06-27
101044,Surat,Gujarat,2023-07-15
101045,Nagpur,Maharashtra,2025-02-28
101046,New Delhi,Delhi,2025-02-09
101047,Bengaluru,Karnataka,2023-06-12
101048,Ghaziabad,Uttar Pradesh,2023-01-08
101049,Howrah,West Bengal,2024-11-02
101050,Mangaluru,Karnataka,2025-03-02
101051,Ahmedabad,Gujarat,2024-10-14
101052,Pune,Maharashtra,2023-02-20
101053,Mangaluru,Karnataka,2024-08-11
101054,Mumbai,Maharashtra,2023-12-23
101055,Mysuru,Karnataka,2025-04-14
101056,Surat,Gujarat,2024-12-29
101057,Jaipur,Rajasthan,2024-01-07
101058,Mysuru,Karnataka,2023-10-21
101059,Warangal,Telangana,2025-01-19
101060,Noida,Uttar Pradesh,2023-04-15
101061,Thiruvananthapuram,Kerala,2023-04-02
101062,Vadodara,Gujarat,2023-02-26
101063,Bengaluru,Karnataka,2024-04-11
101064,Vadodara,Gujarat,2023-03-10
101065,New Delhi,Delhi,2024-06-14
101066,Kochi,Kerala,2023-06-02
101067,New Delhi,Delhi,2025-03-22
101068,Ahmedabad,Gujarat,2024-01-29
101069,Pune,Maharashtra,2023-03-27
101070,New Delhi,Delhi,2024-09-23
101071,Howrah,West Bengal,2023-11-05
101072,Vadodara,Gujarat,2023-08-27
101073,Coimbatore,Tamil Nadu,2024-08-23
101074,Udaipur,Rajasthan,2025-05-20
101075,Kolkata,West Bengal,2025-06-11
101076,New Delhi,Delhi,2024-02-01
101077,Warangal,Telangana,2025-02-11
101078,Coimbatore,Tamil Nadu,2023-07-10
101079,Ahmedabad,Gujarat,2025-02-10
101080,New Delhi,Delhi,2025-05-08
101081,Bengaluru,Karnataka,2024-04-16
101082,Jaipur,Rajasthan,2024-04-21
101083,Jaipur,Rajasthan,2024-05-29
101084,Kolkata,West Bengal,2023-03-08
101085,Thiruvananthapuram,Kerala,2025-02-21
101086,Noida,Uttar Pradesh,2024-11-02
101087,Kanpur,Uttar Pradesh,2025-03-03
101088,Ghaziabad,Uttar Pradesh,2023-04-16
101089,Chennai,Tamil Nadu,2024-12-31
101090,Madurai,Tamil Nadu,2023-11-27
101091,Mysuru,Karnataka,2025-01-15
101092,Ahmedabad,Gujarat,2025-06-24
101093,Mangaluru,Karnataka,2025-03-12
101094,Mysuru,Karnataka,2025-04-14
101095,Hyderabad,Telangana,2023-04-14
101096,New Delhi,Delhi,2023-10-27
101097,Mangaluru,Karnataka,2023-09-24
101098,Howrah,West Bengal,2024-04-13
101099,Howrah,West Bengal,2025-06-08
101100,Nashik,Maharashtra,2024-09-16
101101,Pune,Maharashtra,2024-05-11
101102,New Delhi,Delhi,2025-01-03
101103,Lucknow,Uttar Pradesh,2023-06-10
101104,Kolkata,West Bengal,2024-08-24
101105,Nagpur,Maharashtra,2024-04-03
101106,Ghaziabad,Uttar Pradesh,2023-07-05
101107,Nagpur,Maharashtra,2024-08-11
101108,New Delhi,Delhi,2025-02-04
101109,Thiruvananthapuram,Kerala,2025-01-24
101110,Mangaluru,Karnataka,2025-02-07
101111,Mumbai,Maharashtra,2025-01-09
101112,Coimbatore,Tamil Nadu,2024-03-03
101113,Vadodara,Gujarat,2023-02-14
101114,Jaipur,Rajasthan,2025-05-29
101115,Thiruvananthapuram,Kerala,2024-02-18
101116,Mumbai,Maharashtra,2024-07-30
101117,Nashik,Maharashtra,2023-01-19
101118,Kanpur,Uttar Pradesh,2025-03-20
101119,Mangaluru,Karnataka,2025-03-20
101120,Udaipur,Rajasthan,2025-04-25
101121,Surat,Gujarat,2023-06-08
101122,Nashik,Maharashtra,2025-02-06
101123,Kolkata,West Bengal,2024-07-23
101124,Nagpur,Maharashtra,2023-05-14
101125,Madurai,Tamil Nadu,2024-06-03
101126,Hyderabad,Telangana,2024-03-10
101127,Coimbatore,Tamil Nadu,2023-03-18
101128,Ahmedabad,Gujarat,2024-05-28
101129,Surat,Gujarat,2024-09-09
101130,Thiruvananthapuram,Kerala,2024-10-13
101131,Kochi,Kerala,2024-12-01
101132,Warangal,Telangana,2024-07-24
101133,Pune,Maharashtra,2024-09-30
101134,Ghaziabad,Uttar Pradesh,2023-03-24
101135,Kochi,Kerala,2024-12-27
101136,New Delhi,Delhi,2023-12-01
101137,Chennai,Tamil Nadu,2024-05-13
101138,Chennai,Tamil Nadu,2024-05-12
101139,Pune,Maharashtra,2025-06-08
101140,Surat,Gujarat,2023-10-24
101141,New Delhi,Delhi,2023-12-17
101142,Ghaziabad,Uttar Pradesh,2024-11-23
101143,Kolkata,West Bengal,2024-07-31
101144,Kolkata,West Bengal,2023-10-17
101145,Madurai,Tamil Nadu,2023-11-10
101146,New Delhi,Delhi,2025-01-24
101147,Noida,Uttar Pradesh,2025-01-31
101148,Lucknow,Uttar Pradesh,2023-05-14
101149,Coimbatore,Tamil Nadu,2023-12-31
101150,Jaipur,Rajasthan,2024-12-01
101151,Nagpur,Maharashtra,2023-04-19
101152,Kolkata,West Bengal,2023-06-17
101153,Nashik,Maharashtra,2023-05-25
101154,Pune,Maharashtra,2024-04-26
101155,Warangal,Telangana,2024-02-15
101156,Nagpur,Maharashtra,2023-10-19
101157,Nagpur,Maharashtra,2023-05-04
101158,Mumbai,Maharashtra,2024-08-03
101159,Chennai,Tamil Nadu,2025-01-05
101160,Kanpur,Uttar Pradesh,2023-07-13
101161,Pune,Maharashtra,2024-08-30
101162,Ahmedabad,Gujarat,2024-12-25
101163,Howrah,West Bengal,2024-05-22
101164,Pune,Maharashtra,2024-06-06
101165,Pune,Maharashtra,2023-06-01
101166,Howrah,West Bengal,2025-05-22
101167,Howrah,West Bengal,2025-05-21
101168,Warangal,Telangana,2024-10-10
101169,Howrah,West Bengal,2025-04-02
101170,Mumbai,Maharashtra,2024-07-07
101171,New Delhi,Delhi,2024-08-25
101172,Noida,Uttar Pradesh,2025-01-25
101173,Mangaluru,Karnataka,2023-02-04
101174,Kanpur,Uttar Pradesh,2023-07-20
101175,Chennai,Tamil Nadu,2023-07-05
101176,Kanpur,Uttar Pradesh,2024-07-30
101177,Madurai,Tamil Nadu,2023-08-09
101178,New Delhi,Delhi,2023-12-22
101179,Bengaluru,Karnataka,2024-03-25
101180,Mangaluru,Karnataka,2024-11-08
101181,Lucknow,Uttar Pradesh,2024-04-16
101182,Pune,Maharashtra,2023-01-23
101183,Nagpur,Maharashtra,2024-09-17
101184,Mumbai,Maharashtra,2024-01-25
101185,Mumbai,Maharashtra,2023-04-14
101186,Howrah,West Bengal,2024-08-16
101187,New Delhi,Delhi,2023-09-04
101188,Kochi,Kerala,2024-02-24
101189,Mumbai,Maharashtra,2025-05-31
101190,Vadodara,Gujarat,2023-08-05
101191,Chennai,Tamil Nadu,2025-03-17
101192,New Delhi,Delhi,2024-02-28
101193,Howrah,West Bengal,2025-04-29
101194,Kochi,Kerala,2025-02-13
101195,Howrah,West Bengal,2025-01-28
101196,Mysuru,Karnataka,2023-07-08
101197,Mangaluru,Karnataka,2024-12-21
101198,Surat,Gujarat,2023-12-01
101199,Mangaluru,Karnataka,2025-04-09
101200,Noida,Uttar Pradesh,2025-06-21
101201,Hyderabad,Telangana,2024-07-11
101202,Warangal,Telangana,2025-04-11
101203,Kolkata,West Bengal,2024-04-30
101204,Ghaziabad,Uttar Pradesh,2023-01-31
101205,Nashik,Maharashtra,2025-03-07
101206,Nagpur,Maharashtra,2024-04-28
101207,Ahmedabad,Gujarat,2023-02-10
101208,Madurai,Tamil Nadu,2023-03-01
101209,Mangaluru,Karnataka,2024-10-20
101210,Chennai,Tamil Nadu,2025-04-21
101211,Kanpur,Uttar Pradesh,2024-09-27
101212,Kolkata,West Bengal,2024-02-07
101213,Hyderabad,Telangana,2023-10-07
101214,New Delhi,Delhi,2024-01-17
101215,Bengaluru,Karnataka,2023-10-22
101216,Warangal,Telangana,2023-09-06
101217,New Delhi,Delhi,2023-04-27
101218,Warangal,Telangana,2024-06-02
101219,Surat,Gujarat,2023-07-18
101220,Nagpur,Maharashtra,2023-05-13
101221,Nashik,Maharashtra,2023-09-09
101222,Bengaluru,Karnataka,2024-12-28
101223,Jaipur,Rajasthan,2024-06-05
101224,Ahmedabad,Gujarat,2024-03-23
101225,Nashik,Maharashtra,2024-06-23
101226,Jaipur,Rajasthan,2024-05-31
101227,Chennai,Tamil Nadu,2024-03-29
101228,Chennai,Tamil Nadu,2024-10-27
101229,Udaipur,Rajasthan,2023-06-18
101230,Nagpur,Maharashtra,2025-01-14
101231,Mangaluru,Karnataka,2023-06-09
101232,Hyderabad,Telangana,2023-03-13
101233,Mysuru,Karnataka,2024-01-19
101234,Surat,Gujarat,2023-12-24
101235,Bengaluru,Karnataka,2024-12-17
101236,Nashik,Maharashtra,2024-09-25
101237,Mangaluru,Karnataka,2023-02-23
101238,Chennai,Tamil Nadu,2024-03-30
101239,Nashik,Maharashtra,2024-12-25
101240,Pune,Maharashtra,2024-10-29
101241,Kolkata,West Bengal,2024-04-01
101242,New Delhi,Delhi,2024-07-14
101243,New Delhi,Delhi,2024-05-26
101244,Nashik,Maharashtra,2023-07-30
101245,New Delhi,Delhi,2024-05-29
101246,Mysuru,Karnataka,2024-09-07
101247,Ahmedabad,Gujarat,2023-02-21
101248,Mangaluru,Karnataka,2024-09-25
101249,Udaipur,Rajasthan,2023-08-16
101250,Jaipur,Rajasthan,2023-01-08
101251,Nagpur,Maharashtra,2024-11-19
101252,Nagpur,Maharashtra,2023-12-22
101253,Pune,Maharashtra,2024-01-11
101254,Surat,Gujarat,2024-07-22
101255,Nashik,Maharashtra,2024-05-25
101256,Kolkata,West Bengal,2024-07-19
101257,Kanpur,Uttar Pradesh,2025-05-10
101258,Howrah,West Bengal,2024-08-16
101259,Warangal,Telangana,2023-02-12
101260,Kochi,Kerala,2023-07-22
101261,Pune,Maharashtra,2024-02-14
101262,New Delhi,Delhi,2024-03-06
101263,New Delhi,Delhi,2023-11-26
101264,Udaipur,Rajasthan,2023-06-17
101265,Hyderabad,Telangana,2023-04-07
101266,Kanpur,Uttar Pradesh,2023-05-13
101267,Nagpur,Maharashtra,2025-05-16
101268,Thiruvananthapuram,Kerala,2023-12-27
101269,Coimbatore,Tamil Nadu,2025-05-25
101270,Coimbatore,Tamil Nadu,2023-11-02
101271,Kochi,Kerala,2023-10-11
101272,New Delhi,Delhi,2024-03-21
101273,New Delhi,Delhi,2025-05-12
101274,Hyderabad,Telangana,2024-05-28
101275,Nagpur,Maharashtra,2023-02-02
101276,New Delhi,Delhi,2023-09-05
101277,Mangaluru,Karnataka,2025-06-12
101278,Nagpur,Maharashtra,2023-05-21
101279,Howrah,West Bengal,2025-01-31
101280,Hyderabad,Telangana,2025-04-25
101281,New Delhi,Delhi,2023-07-15
101282,New Delhi,Delhi,2024-05-24
101283,Madurai,Tamil Nadu,2024-06-30
101284,Surat,Gujarat,2024-12-24
101285,Jaipur,Rajasthan,2024-12-28
101286,Jaipur,Rajasthan,2023-02-24
101287,New Delhi,Delhi,2023-10-18
101288,New Delhi,Delhi,2025-05-06
101289,Chennai,Tamil Nadu,2023-11-19
101290,Warangal,Telangana,2023-08-13
101291,Chennai,Tamil Nadu,2024-07-26
101292,Ahmedabad,Gujarat,2023-06-27
101293,Warangal,Telangana,2023-05-15
101294,New Delhi,Delhi,2024-12-27
101295,New Delhi,Delhi,2023-04-18
101296,New Delhi,Delhi,2025-03-22
101297,Nashik,Maharashtra,2023-08-16
101298,Pune,Maharashtra,2023-04-08
101299,Lucknow,Uttar Pradesh,2024-11-06
101300,New Delhi,Delhi,2023-06-10
101301,Mysuru,Karnataka,2023-11-30
101302,Warangal,Telangana,2023-11-16
101303,Lucknow,Uttar Pradesh,2024-04-07
101304,Bengaluru,Karnataka,2024-03-07
101305,Kolkata,West Bengal,2023-06-28
101306,Jaipur,Rajasthan,2023-08-02
101307,Vadodara,Gujarat,2023-06-26
101308,Ahmedabad,Gujarat,2024-08-15
101309,Nagpur,Maharashtra,2024-03-04
101310,Jaipur,Rajasthan,2023-04-09
101311,New Delhi,Delhi,2023-10-29
101312,Udaipur,Rajasthan,2024-08-31
101313,Warangal,Telangana,2023-09-17
101314,Mumbai,Maharashtra,2024-01-01
101315,Nashik,Maharashtra,2024-11-08
101316,Surat,Gujarat,2024-09-03
101317,Warangal,Telangana,2024-09-30
101318,Mumbai,Maharashtra,2023-12-14
101319,Noida,Uttar Pradesh,2024-03-16
101320,Howrah,West Bengal,2025-02-09
101321,Coimbatore,Tamil Nadu,2025-03-05
101322,Coimbatore,Tamil Nadu,2023-02-20
101323,Nashik,Maharashtra,2025-02-02
101324,Lucknow,Uttar Pradesh,2025-03-24
101325,New Delhi,Delhi,2025-05-08
101326,Kolkata,West Bengal,2023-09-02
101327,New Delhi,Delhi,2024-04-01
101328,Warangal,Telangana,2023-02-08
101329,Bengaluru,Karnataka,2023-04-10
101330,Pune,Maharashtra,2023-07-07
101331,Ghaziabad,Uttar Pradesh,2023-07-24
101332,Chennai,Tamil Nadu,2023-09-28
101333,Hyderabad,Telangana,2024-02-23
101334,Kochi,Kerala,2023-05-20
101335,Kochi,Kerala,2024-12-31
101336,Kolkata,West Bengal,2024-08-31
101337,Bengaluru,Karnataka,2024-12-22
101338,Vadodara,Gujarat,2025-04-23
101339,Kolkata,West Bengal,2024-06-30
101340,New Delhi,Delhi,2023-11-26
101341,Nagpur,Maharashtra,2025-06-09
101342,Kolkata,West Bengal,2024-05-30
101343,Madurai,Tamil Nadu,2024-02-27
101344,Hyderabad,Telangana,2024-01-14
101345,Thiruvananthapuram,Kerala,2023-02-05
101346,Surat,Gujarat,2025-05-20
101347,Madurai,Tamil Nadu,2025-01-16
101348,New Delhi,Delhi,2024-09-29
101349,Madurai,Tamil Nadu,2023-07-21
101350,Pune,Maharashtra,2025-04-25
101351,Kanpur,Uttar Pradesh,2023-06-10
101352,Kolkata,West Bengal,2023-08-09
101353,Mysuru,Karnataka,2023-03-05
101354,Mysuru,Karnataka,2023-09-20
101355,Howrah,West Bengal,2023-10-26
101356,Nashik,Maharashtra,2024-12-25
101357,Warangal,Telangana,2023-10-25
101358,Madurai,Tamil Nadu,2025-05-20
101359,Ghaziabad,Uttar Pradesh,2023-10-03
101360,Nashik,Maharashtra,2024-04-22
101361,Surat,Gujarat,2024-06-24
101362,New Delhi,Delhi,2025-01-25
101363,Ahmedabad,Gujarat,2024-11-15
101364,Nashik,Maharashtra,2025-03-01
101365,Chennai,Tamil Nadu,2025-05-04
101366,Hyderabad,Telangana,2023-04-18
101367,Mangaluru,Karnataka,2023-03-27
101368,Mumbai,Maharashtra,2024-02-14
101369,Bengaluru,Karnataka,2023-05-17
101370,New Delhi,Delhi,2024-03-25
101371,Nagpur,Maharashtra,2024-06-21
101372,Udaipur,Rajasthan,2023-09-09
101373,New Delhi,Delhi,2023-03-31
101374,Noida,Uttar Pradesh,2025-05-28
101375,Kochi,Kerala,2023-12-04
101376,Mumbai,Maharashtra,2025-02-03
101377,Ahmedabad,Gujarat,2024-07-22
101378,Kolkata,West Bengal,2024-08-26
101379,Vadodara,Gujarat,2024-12-12
101380,Coimbatore,Tamil Nadu,2023-08-30
101381,Madurai,Tamil Nadu,2023-07-18
101382,Mumbai,Maharashtra,2025-06-27
101383,Warangal,Telangana,2024-08-31
101384,Thiruvananthapuram,Kerala,2023-09-24
101385,Kochi,Kerala,2024-08-11
101386,Nagpur,Maharashtra,2023-12-25
101387,Lucknow,Uttar Pradesh,2025-02-22
101388,Mysuru,Karnataka,2024-04-08
101389,Udaipur,Rajasthan,2023-10-13
101390,Nagpur,Maharashtra,2024-09-20
101391,Udaipur,Rajasthan,2024-11-14
101392,Howrah,West Bengal,2023-12-06
101393,Pune,Maharashtra,2024-11-16
101394,Mumbai,Maharashtra,2023-08-02
101395,Howrah,West Bengal,2023-08-06
101396,Nagpur,Maharashtra,2025-01-22
101397,Hyderabad,Telangana,2024-07-19
101398,Udaipur,Rajasthan,2023-02-02
101399,Hyderabad,Telangana,2024-09-07
101400,New Delhi,Delhi,2023-10-06
101401,Chennai,Tamil Nadu,2023-09-08
101402,Nashik,Maharashtra,2024-01-22
101403,Thiruvananthapuram,Kerala,2024-02-16
101404,New Delhi,Delhi,2025-03-23
101405,Mysuru,Karnataka,2024-02-01
101406,Mysuru,Karnataka,2023-09-28
101407,Kochi,Kerala,2024-12-05
101408,Nashik,Maharashtra,2024-05-09
101409,Kolkata,West Bengal,2023-01-01
101410,Ghaziabad,Uttar Pradesh,2024-07-29
101411,Howrah,West Bengal,2024-04-01
101412,Kochi,Kerala,2023-06-17
101413,Howrah,West Bengal,2024-03-11
101414,Jaipur,Rajasthan,2024-08-12
101415,Nagpur,Maharashtra,2024-09-08
101416,Lucknow,Uttar Pradesh,2024-09-11
101417,Hyderabad,Telangana,2025-06-27
101418,Warangal,Telangana,2024-04-01
101419,Udaipur,Rajasthan,2024-01-27
101420,Kochi,Kerala,2024-05-08
101421,Ghaziabad,Uttar Pradesh,2023-10-27
101422,Madurai,Tamil Nadu,2023-10-15
101423,Coimbatore,Tamil Nadu,2024-09-20
101424,New Delhi,Delhi,2023-10-13
101425,New Delhi,Delhi,2024-11-13
101426,New Delhi,Delhi,2024-11-09
101427,Nashik,Maharashtra,2025-05-18
101428,Pune,Maharashtra,2023-05-01
101429,Kanpur,Uttar Pradesh,2023-11-27
101430,Madurai,Tamil Nadu,2024-12-03
101431,Udaipur,Rajasthan,2024-01-26
101432,Vadodara,Gujarat,2024-08-19
101433,Nashik,Maharashtra,2024-10-31
101434,Nashik,Maharashtra,2025-03-16
101435,Mysuru,Karnataka,2023-07-25
101436,Thiruvananthapuram,Kerala,2023-08-25
101437,Mysuru,Karnataka,2024-03-04
101438,Warangal,Telangana,2024-04-06
101439,Jaipur,Rajasthan,2025-04-04
101440,Kochi,Kerala,2023-02-05
101441,Mangaluru,Karnataka,2023-08-12
101442,Pune,Maharashtra,2025-04-11
101443,Nagpur,Maharashtra,2024-07-13
101444,Nashik,Maharashtra,2024-09-07
101445,Bengaluru,Karnataka,2023-08-16
101446,Hyderabad,Telangana,2024-07-21
101447,Jaipur,Rajasthan,2023-12-03
101448,Hyderabad,Telangana,2024-10-29
101449,Surat,Gujarat,2023-03-24
101450,Mangaluru,Karnataka,2023-09-17
101451,Lucknow,Uttar Pradesh,2024-08-10
101452,Surat,Gujarat,2024-07-04
101453,Kolkata,West Bengal,2025-02-04
101454,Udaipur,Rajasthan,2024-12-30
101455,New Delhi,Delhi,2023-01-14
101456,Nagpur,Maharashtra,2023-03-24
101457,Bengaluru,Karnataka,2023-11-19
101458,Coimbatore,Tamil Nadu,2025-05-23
101459,Jaipur,Rajasthan,2024-03-10
101460,New Delhi,Delhi,2025-03-23
101461,Ghaziabad,Uttar Pradesh,2023-02-23
101462,Hyderabad,Telangana,2025-05-27
101463,Mangaluru,Karnataka,2023-02-25
101464,New Delhi,Delhi,2025-01-06
101465,Vadodara,Gujarat,2025-03-09
101466,Ahmedabad,Gujarat,2023-09-26
101467,Madurai,Tamil Nadu,2023-10-02
101468,Mangaluru,Karnataka,2024-06-13
101469,Lucknow,Uttar Pradesh,2024-10-19
101470,Mumbai,Maharashtra,2023-04-20
101471,Jaipur,Rajasthan,2023-08-04
101472,Mysuru,Karnataka,2024-11-18
101473,Mumbai,Maharashtra,2025-01-05
101474,Coimbatore,Tamil Nadu,2023-05-20
101475,Warangal,Telangana,2025-03-21
101476,Coimbatore,Tamil Nadu,2025-02-28
101477,Madurai,Tamil Nadu,2025-03-01
101478,Kochi,Kerala,2023-08-08
101479,Madurai,Tamil Nadu,2024-09-01
101480,Coimbatore,Tamil Nadu,2023-05-27
101481,Chennai,Tamil Nadu,2023-06-28
101482,Nashik,Maharashtra,2023-03-06
101483,Surat,Gujarat,2024-03-25
101484,Mysuru,Karnataka,2024-10-10
101485,Ahmedabad,Gujarat,2023-07-01
101486,Nashik,Maharashtra,2023-06-19
101487,Kochi,Kerala,2023-09-10
101488,Chennai,Tamil Nadu,2023-06-30
101489,Jaipur,Rajasthan,2025-01-28
101490,Coimbatore,Tamil Nadu,2023-06-04
101491,Mumbai,Maharashtra,2023-09-11
101492,Howrah,West Bengal,2023-10-06
101493,Ahmedabad,Gujarat,2023-07-04
101494,Kanpur,Uttar Pradesh,2025-05-07
101495,Madurai,Tamil Nadu,2023-07-10
101496,Vadodara,Gujarat,2024-03-19
101497,Kolkata,West Bengal,2024-05-30
101498,Ahmedabad,Gujarat,2023-08-26
101499,New Delhi,Delhi,2024-03-05
101500,Vadodara,Gujarat,2023-06-05
101501,Surat,Gujarat,2024-03-15
101502,Thiruvananthapuram,Kerala,2023-01-18
101503,New Delhi,Delhi,2024-02-04
101504,Chennai,Tamil Nadu,2023-11-29
101505,Howrah,West Bengal,2023-11-16
101506,Chennai,Tamil Nadu,2023-04-11
101507,Lucknow,Uttar Pradesh,2025-06-28
101508,Chennai,Tamil Nadu,2023-01-25
101509,Mangaluru,Karnataka,2023-05-14
101510,Kanpur,Uttar Pradesh,2023-04-04
101511,Mumbai,Maharashtra,2025-06-09
101512,Mysuru,Karnataka,2023-10-18
101513,Surat,Gujarat,2024-01-28
101514,Kanpur,Uttar Pradesh,2024-11-15
101515,Jaipur,Rajasthan,2023-02-15
101516,Mysuru,Karnataka,2023-03-03
101517,Nashik,Maharashtra,2023-06-16
101518,Thiruvananthapuram,Kerala,2025-06-10
101519,Nashik,Maharashtra,2024-07-19
101520,Mangaluru,Karnataka,2025-03-05
101521,Mangaluru,Karnataka,2025-03-14
101522,Warangal,Telangana,2023-09-09
101523,Udaipur,Rajasthan,2023-06-17
101524,Kanpur,Uttar Pradesh,2023-05-26
101525,Kanpur,Uttar Pradesh,2024-12-24
101526,Mumbai,Maharashtra,2024-09-01
101527,New Delhi,Delhi,2025-02-26
101528,Madurai,Tamil Nadu,2024-04-07
101529,Nagpur,Maharashtra,2025-06-08
101530,Mangaluru,Karnataka,2025-03-25
101531,Mangaluru,Karnataka,2025-01-06
101532,Pune,Maharashtra,2025-01-01
101533,Hyderabad,Telangana,2023-04-23
101534,Ghaziabad,Uttar Pradesh,2024-11-09
101535,Nagpur,Maharashtra,2025-05-12
101536,Madurai,Tamil Nadu,2023-09-24
101537,Kanpur,Uttar Pradesh,2025-01-12
101538,Kanpur,Uttar Pradesh,2023-11-15
101539,Kolkata,West Bengal,2023-07-13
101540,Chennai,Tamil Nadu,2024-10-27
101541,Howrah,West Bengal,2023-05-31
101542,Bengaluru,Karnataka,2024-03-14
101543,New Delhi,Delhi,2025-05-03
101544,Mumbai,Maharashtra,2023-05-23
101545,Madurai,Tamil Nadu,2023-05-22
101546,New Delhi,Delhi,2024-12-08
101547,Mysuru,Karnataka,2024-02-25
101548,Noida,Uttar Pradesh,2024-01-05
101549,New Delhi,Delhi,2025-05-28
101550,Mysuru,Karnataka,2024-10-21
101551,Pune,Maharashtra,2025-04-07
101552,Chennai,Tamil Nadu,2023-03-25
101553,Mysuru,Karnataka,2024-04-28
101554,New Delhi,Delhi,2024-10-22
101555,Mysuru,Karnataka,2023-02-02
101556,Ghaziabad,Uttar Pradesh,2024-04-11
101557,Jaipur,Rajasthan,2023-02-20
101558,Madurai,Tamil Nadu,2025-03-31
101559,Ahmedabad,Gujarat,2024-09-12
101560,Howrah,West Bengal,2023-06-21
101561,Thiruvananthapuram,Kerala,2024-04-20
101562,Surat,Gujarat,2023-04-10
101563,Jaipur,Rajasthan,2025-01-02
101564,Jaipur,Rajasthan,2023-06-28
101565,Lucknow,Uttar Pradesh,2024-07-07
101566,Madurai,Tamil Nadu,2023-03-13
101567,Nagpur,Maharashtra,2023-05-24
101568,Mumbai,Maharashtra,2025-06-11
101569,Chennai,Tamil Nadu,2023-12-18
101570,Coimbatore,Tamil Nadu,2023-04-22
101571,New Delhi,Delhi,2024-09-29
101572,Warangal,Telangana,2023-07-02
101573,Warangal,Telangana,2024-06-20
101574,Howrah,West Bengal,2025-01-07
101575,Nagpur,Maharashtra,2024-09-14
101576,Mysuru,Karnataka,2023-08-13
101577,Kanpur,Uttar Pradesh,2023-08-04
101578,Kolkata,West Bengal,2023-07-22
101579,Thiruvananthapuram,Kerala,2024-07-29
101580,Kolkata,West Bengal,2024-09-04
101581,Udaipur,Rajasthan,2024-04-19
101582,New Delhi,Delhi,2023-12-30
101583,New Delhi,Delhi,2023-02-26
101584,Mangaluru,Karnataka,2025-01-31
101585,Surat,Gujarat,2024-08-24
101586,Jaipur,Rajasthan,2024-08-04
101587,New Delhi,Delhi,2023-04-05
101588,Hyderabad,Telangana,2023-09-20
101589,Mangaluru,Karnataka,2023-10-04
101590,Mumbai,Maharashtra,2024-06-28
101591,Mysuru,Karnataka,2024-12-18
101592,Nagpur,Maharashtra,2025-02-28
101593,Udaipur,Rajasthan,2024-04-20
101594,New Delhi,Delhi,2023-11-29
101595,Kolkata,West Bengal,2024-01-07
101596,Ahmedabad,Gujarat,2024-11-01
101597,Mysuru,Karnataka,2023-10-17
101598,Nagpur,Maharashtra,2024-01-14
101599,Howrah,West Bengal,2024-12-17
101600,Bengaluru,Karnataka,2024-05-09
101601,Jaipur,Rajasthan,2024-03-02
101602,Pune,Maharashtra,2024-10-30
101603,Surat,Gujarat,2023-09-20
101604,Kolkata,West Bengal,2023-02-25
101605,Bengaluru,Karnataka,2024-12-19
101606,Mysuru,Karnataka,2024-02-19
101607,Kochi,Kerala,2023-10-24
101608,Mangaluru,Karnataka,2023-03-28
101609,Chennai,Tamil Nadu,2025-04-23
101610,Madurai,Tamil Nadu,2024-10-22
101611,Bengaluru,Karnataka,2023-09-07
101612,Lucknow,Uttar Pradesh,2024-07-07
101613,Ghaziabad,Uttar Pradesh,2024-02-28
101614,New Delhi,Delhi,2023-10-25
101615,Howrah,West Bengal,2023-10-11
101616,Mangaluru,Karnataka,2023-03-11
101617,Mumbai,Maharashtra,2025-06-07
101618,Warangal,Telangana,2025-04-23
101619,Kochi,Kerala,2025-03-04
101620,Nagpur,Maharashtra,2023-10-14
101621,Bengaluru,Karnataka,2025-06-27
101622,Warangal,Telangana,2023-09-08
101623,Noida,Uttar Pradesh,2025-01-21
101624,Nashik,Maharashtra,2023-04-03
101625,New Delhi,Delhi,2023-10-10
101626,Lucknow,Uttar Pradesh,2024-06-09
101627,New Delhi,Delhi,2025-05-31
101628,Mysuru,Karnataka,2023-08-31
101629,Mysuru,Karnataka,2024-01-29
101630,Chennai,Tamil Nadu,2025-02-06
101631,Chennai,Tamil Nadu,2024-03-06
101632,Howrah,West Bengal,2024-09-14
101633,Vadodara,Gujarat,2024-01-17
101634,Ghaziabad,Uttar Pradesh,2023-01-04
101635,Thiruvananthapuram,Kerala,2023-09-15
101636,Chennai,Tamil Nadu,2024-05-30
101637,New Delhi,Delhi,2023-01-18
101638,Jaipur,Rajasthan,2023-07-31
101639,Mysuru,Karnataka,2025-05-18
101640,Lucknow,Uttar Pradesh,2023-01-14
101641,Lucknow,Uttar Pradesh,2023-08-14
101642,Nashik,Maharashtra,2024-07-18
101643,Coimbatore,Tamil Nadu,2024-05-27
101644,Bengaluru,Karnataka,2023-07-06
101645,Mangaluru,Karnataka,2023-02-24
101646,Coimbatore,Tamil Nadu,2025-03-30
101647,Mysuru,Karnataka,2024-05-16
101648,Kanpur,Uttar Pradesh,2024-06-06
101649,Udaipur,Rajasthan,2023-02-22
101650,Ghaziabad,Uttar Pradesh,2023-07-10
101651,Mangaluru,Karnataka,2023-03-08
101652,Mysuru,Karnataka,2025-06-10
101653,Bengaluru,Karnataka,2024-12-02
101654,Nagpur,Maharashtra,2024-05-12
101655,Udaipur,Rajasthan,2024-09-12
101656,New Delhi,Delhi,2023-05-31
101657,Mangaluru,Karnataka,2025-06-19
101658,Howrah,West Bengal,2024-04-16
101659,New Delhi,Delhi,2024-04-15
101660,Nashik,Maharashtra,2025-05-23
101661,Nagpur,Maharashtra,2024-01-22
101662,Ahmedabad,Gujarat,2023-03-22
101663,Lucknow,Uttar Pradesh,2024-01-23
101664,Bengaluru,Karnataka,2023-09-01
101665,Udaipur,Rajasthan,2024-02-25
101666,Howrah,West Bengal,2024-10-01
101667,Kolkata,West Bengal,2023-09-13
101668,Mysuru,Karnataka,2023-02-16
101669,Mumbai,Maharashtra,2023-05-28
101670,Kolkata,West Bengal,2024-10-14
101671,Bengaluru,Karnataka,2024-06-11
101672,Ahmedabad,Gujarat,2025-06-10
101673,Lucknow,Uttar Pradesh,2025-03-25
101674,Nashik,Maharashtra,2023-05-27
101675,Kanpur,Uttar Pradesh,2024-11-01
101676,Udaipur,Rajasthan,2023-03-24
101677,Noida,Uttar Pradesh,2023-03-29
101678,Madurai,Tamil Nadu,2024-12-23
101679,Howrah,West Bengal,2024-01-01
101680,Warangal,Telangana,2025-06-27
101681,Lucknow,Uttar Pradesh,2023-01-05
101682,Howrah,West Bengal,2024-04-02
101683,Ghaziabad,Uttar Pradesh,2023-10-08
101684,Mangaluru,Karnataka,2025-06-16
101685,Pune,Maharashtra,2024-09-01
101686,Mangaluru,Karnataka,2024-12-04
101687,Madurai,Tamil Nadu,2023-09-22
101688,Chennai,Tamil Nadu,2025-03-25
101689,Warangal,Telangana,2025-02-04
101690,New Delhi,Delhi,2024-12-15
101691,Kanpur,Uttar Pradesh,2024-03-10
101692,Jaipur,Rajasthan,2025-04-19
101693,Mangaluru,Karnataka,2024-09-01
101694,Kanpur,Uttar Pradesh,2023-03-01
101695,Surat,Gujarat,2025-03-16
101696,Hyderabad,Telangana,2023-01-20
101697,Mangaluru,Karnataka,2024-09-14
101698,Ghaziabad,Uttar Pradesh,2023-08-16
101699,Kochi,Kerala,2025-03-28
101700,Kanpur,Uttar Pradesh,2024-10-26
101701,Jaipur,Rajasthan,2025-01-06
101702,Kochi,Kerala,2024-09-29
101703,New Delhi,Delhi,2024-05-31
101704,Surat,Gujarat,2025-02-25
101705,Chennai,Tamil Nadu,2023-09-28
101706,Thiruvananthapuram,Kerala,2024-04-26
101707,Pune,Maharashtra,2023-09-29
101708,Coimbatore,Tamil Nadu,2023-04-14
101709,Howrah,West Bengal,2025-03-08
101710,Bengaluru,Karnataka,2024-03-28
101711,Ghaziabad,Uttar Pradesh,2023-02-19
101712,New Delhi,Delhi,2025-01-21
101713,Kochi,Kerala,2025-05-07
101714,Jaipur,Rajasthan,2024-08-25
101715,Mysuru,Karnataka,2023-10-25
101716,Lucknow,Uttar Pradesh,2025-02-21
101717,New Delhi,Delhi,2024-11-04
101718,Ahmedabad,Gujarat,2023-09-17
101719,Surat,Gujarat,2023-10-28
101720,Howrah,West Bengal,2025-06-18
101721,Nagpur,Maharashtra,2025-05-18
101722,Mangaluru,Karnataka,2024-09-08
101723,Noida,Uttar Pradesh,2023-02-03
101724,Hyderabad,Telangana,2023-07-29
101725,Coimbatore,Tamil Nadu,2023-11-18
101726,Nashik,Maharashtra,2024-05-03
101727,New Delhi,Delhi,2025-03-01
101728,Howrah,West Bengal,2025-02-11
101729,Mumbai,Maharashtra,2023-09-07
101730,New Delhi,Delhi,2023-04-10
101731,Jaipur,Rajasthan,2023-09-09
101732,Pune,Maharashtra,2023-08-03
101733,Kanpur,Uttar Pradesh,2025-03-29
101734,Bengaluru,Karnataka,2023-01-13
101735,Kolkata,West Bengal,2025-01-26
101736,Ghaziabad,Uttar Pradesh,2024-08-21
101737,Jaipur,Rajasthan,2023-04-07
101738,Mangaluru,Karnataka,2024-09-16
101739,Warangal,Telangana,2024-06-12
101740,Kanpur,Uttar Pradesh,2023-01-04
101741,Bengaluru,Karnataka,2023-07-23
101742,Mangaluru,Karnataka,2023-11-14
101743,Mumbai,Maharashtra,2023-07-15
101744,Thiruvananthapuram,Kerala,2024-06-11
101745,Ghaziabad,Uttar Pradesh,2024-07-14
101746,Surat,Gujarat,2023-06-04
101747,Ghaziabad,Uttar Pradesh,2023-04-23
101748,Warangal,Telangana,2024-08-20
101749,Madurai,Tamil Nadu,2024-03-03
101750,Chennai,Tamil Nadu,2023-08-30
101751,Ahmedabad,Gujarat,2023-08-22
101752,Bengaluru,Karnataka,2023-02-05
101753,Jaipur,Rajasthan,2025-02-16
101754,Howrah,West Bengal,2025-02-05
101755,New Delhi,Delhi,2024-05-20
101756,Hyderabad,Telangana,2023-11-15
101757,Mumbai,Maharashtra,2023-07-15
101758,Thiruvananthapuram,Kerala,2023-10-08
101759,Jaipur,Rajasthan,2025-04-24
101760,Udaipur,Rajasthan,2023-03-22
101761,New Delhi,Delhi,2025-01-19
101762,Nashik,Maharashtra,2023-10-05
101763,Mysuru,Karnataka,2023-08-30
101764,Nashik,Maharashtra,2025-01-07
101765,Nashik,Maharashtra,2025-05-25
101766,Mumbai,Maharashtra,2025-06-22
101767,Kochi,Kerala,2023-09-01
101768,Pune,Maharashtra,2024-06-22
101769,Nagpur,Maharashtra,2023-09-24
101770,Howrah,West Bengal,2023-06-26
101771,Hyderabad,Telangana,2023-12-18
101772,Noida,Uttar Pradesh,2023-02-26
101773,Ahmedabad,Gujarat,2023-05-31
101774,Jaipur,Rajasthan,2024-06-26
101775,Vadodara,Gujarat,2024-09-17
101776,Hyderabad,Telangana,2023-09-04
101777,Ghaziabad,Uttar Pradesh,2024-05-22
101778,Chennai,Tamil Nadu,2024-11-27
101779,New Delhi,Delhi,2025-03-25
101780,Chennai,Tamil Nadu,2024-06-01
101781,Nashik,Maharashtra,2023-08-08
101782,Noida,Uttar Pradesh,2024-10-11
101783,Bengaluru,Karnataka,2023-06-05
101784,Nagpur,Maharashtra,2023-05-07
101785,Bengaluru,Karnataka,2023-11-23
101786,Kolkata,West Bengal,2023-10-27
101787,New Delhi,Delhi,2023-05-14
101788,Surat,Gujarat,2023-02-17
101789,Howrah,West Bengal,2025-05-11
101790,Nagpur,Maharashtra,2024-09-09
101791,Kanpur,Uttar Pradesh,2024-10-15
101792,Bengaluru,Karnataka,2023-03-02
101793,Bengaluru,Karnataka,2024-12-26
101794,Surat,Gujarat,2023-11-29
101795,Jaipur,Rajasthan,2024-11-12
101796,Mysuru,Karnataka,2024-03-22
101797,Hyderabad,Telangana,2023-08-10
101798,Mysuru,Karnataka,2023-08-27
101799,Warangal,Telangana,2023-05-09
101800,Surat,Gujarat,2025-01-25
101801,Surat,Gujarat,2024-01-27
101802,Surat,Gujarat,2024-12-11
101803,Nagpur,Maharashtra,2025-01-25
101804,Kanpur,Uttar Pradesh,2023-10-29
101805,Ahmedabad,Gujarat,2023-04-24
101806,Ahmedabad,Gujarat,2025-06-17
101807,Nagpur,Maharashtra,2024-08-24
101808,Coimbatore,Tamil Nadu,2024-02-16
101809,New Delhi,Delhi,2023-07-02
101810,Mumbai,Maharashtra,2024-06-22
101811,Mysuru,Karnataka,2024-05-09
101812,Chennai,Tamil Nadu,2023-07-23
101813,Kanpur,Uttar Pradesh,2023-01-14
101814,Mangaluru,Karnataka,2024-03-03
101815,Kolkata,West Bengal,2024-04-08
101816,Warangal,Telangana,2024-12-28
101817,Noida,Uttar Pradesh,2023-12-25
101818,Chennai,Tamil Nadu,2023-03-30
101819,Madurai,Tamil Nadu,2025-03-13
101820,Surat,Gujarat,2024-01-12
101821,Udaipur,Rajasthan,2024-10-19
101822,Madurai,Tamil Nadu,2023-02-09
101823,Warangal,Telangana,2023-02-02
101824,Ahmedabad,Gujarat,2023-01-22
101825,Noida,Uttar Pradesh,2024-12-20
101826,Mumbai,Maharashtra,2023-08-08
101827,Warangal,Telangana,2024-12-21
101828,Coimbatore,Tamil Nadu,2025-05-10
101829,Udaipur,Rajasthan,2024-08-27
101830,Chennai,Tamil Nadu,2025-06-17
101831,Chennai,Tamil Nadu,2025-04-26
101832,Thiruvananthapuram,Kerala,2024-10-20
101833,Coimbatore,Tamil Nadu,2025-01-01
101834,Mangaluru,Karnataka,2024-07-03
101835,Bengaluru,Karnataka,2023-07-19
101836,Nagpur,Maharashtra,2023-04-04
101837,Nashik,Maharashtra,2023-12-14
101838,Coimbatore,Tamil Nadu,2024-03-08
101839,Ghaziabad,Uttar Pradesh,2023-11-15
101840,Lucknow,Uttar Pradesh,2023-04-03
101841,Mumbai,Maharashtra,2024-04-04
101842,Warangal,Telangana,2024-03-30
101843,Pune,Maharashtra,2025-05-18
101844,Jaipur,Rajasthan,2025-05-19
101845,Mumbai,Maharashtra,2024-07-14
101846,Ahmedabad,Gujarat,2025-02-13
101847,New Delhi,Delhi,2023-10-13
101848,Ahmedabad,Gujarat,2025-06-02
101849,Madurai,Tamil Nadu,2025-05-07
101850,Kanpur,Uttar Pradesh,2023-04-25
101851,Bengaluru,Karnataka,2024-09-29
101852,Jaipur,Rajasthan,2024-02-22
101853,Chennai,Tamil Nadu,2023-08-31
101854,Ghaziabad,Uttar Pradesh,2024-01-11
101855,Kolkata,West Bengal,2025-04-05
101856,Kochi,Kerala,2023-11-10
101857,Mangaluru,Karnataka,2024-02-25
101858,Mangaluru,Karnataka,2024-04-15
101859,Bengaluru,Karnataka,2024-10-30
101860,Mangaluru,Karnataka,2024-03-12
101861,Warangal,Telangana,2023-12-27
101862,Kochi,Kerala,2025-04-21
101863,Thiruvananthapuram,Kerala,2023-12-06
101864,Hyderabad,Telangana,2023-08-31
101865,Surat,Gujarat,2023-10-25
101866,Kolkata,West Bengal,2023-10-31
101867,Jaipur,Rajasthan,2024-05-20
101868,Mangaluru,Karnataka,2024-08-24
101869,Warangal,Telangana,2023-05-03
101870,Kolkata,West Bengal,2025-03-18
101871,Bengaluru,Karnataka,2023-08-19
101872,Coimbatore,Tamil Nadu,2023-04-15
101873,Thiruvananthapuram,Kerala,2024-08-31
101874,Thiruvananthapuram,Kerala,2023-07-11
101875,Udaipur,Rajasthan,2024-11-14
101876,Lucknow,Uttar Pradesh,2025-05-13
101877,Bengaluru,Karnataka,2024-09-22
101878,New Delhi,Delhi,2024-12-09
101879,Warangal,Telangana,2024-03-26
101880,Warangal,Telangana,2023-11-12
101881,Coimbatore,Tamil Nadu,2024-07-12
101882,Surat,Gujarat,2023-11-22
101883,New Delhi,Delhi,2025-03-09
101884,Noida,Uttar Pradesh,2024-03-03
101885,New Delhi,Delhi,2024-03-30
101886,New Delhi,Delhi,2024-09-05
101887,Pune,Maharashtra,2023-06-22
101888,Bengaluru,Karnataka,2024-05-26
101889,Kolkata,West Bengal,2024-11-17
101890,Chennai,Tamil Nadu,2024-12-08
101891,Mysuru,Karnataka,2023-07-24
101892,Noida,Uttar Pradesh,2023-02-19
101893,Warangal,Telangana,2023-06-26
101894,Nagpur,Maharashtra,2025-01-16
101895,New Delhi,Delhi,2023-08-30
101896,Nashik,Maharashtra,2023-02-22
101897,Ahmedabad,Gujarat,2024-06-28
101898,Bengaluru,Karnataka,2025-03-13
101899,Mumbai,Maharashtra,2023-07-24
101900,Nagpur,Maharashtra,2023-02-09
101901,Hyderabad,Telangana,2023-05-08
101902,Nagpur,Maharashtra,2023-04-27
101903,Howrah,West Bengal,2023-07-06
101904,Nagpur,Maharashtra,2023-06-14
101905,Ahmedabad,Gujarat,2024-08-03
101906,Coimbatore,Tamil Nadu,2023-07-23
101907,Coimbatore,Tamil Nadu,2024-05-14
101908,Pune,Maharashtra,2024-01-02
101909,Lucknow,Uttar Pradesh,2024-08-19
101910,Udaipur,Rajasthan,2024-08-20
101911,Nashik,Maharashtra,2024-06-24
101912,Pune,Maharashtra,2025-03-24
101913,Jaipur,Rajasthan,2023-06-28
101914,Hyderabad,Telangana,2024-04-22
101915,Pune,Maharashtra,2023-12-26
101916,Mysuru,Karnataka,2024-04-30
101917,Vadodara,Gujarat,2023-05-08
101918,Lucknow,Uttar Pradesh,2023-10-18
101919,Ahmedabad,Gujarat,2025-05-07
101920,Kochi,Kerala,2024-12-30
101921,Chennai,Tamil Nadu,2024-01-24
101922,Bengaluru,Karnataka,2023-04-11
101923,Chennai,Tamil Nadu,2024-08-13
101924,New Delhi,Delhi,2023-10-02
101925,Mangaluru,Karnataka,2023-10-28
101926,Nashik,Maharashtra,2023-03-30
101927,New Delhi,Delhi,2023-09-21
101928,Ghaziabad,Uttar Pradesh,2023-07-15
101929,Nagpur,Maharashtra,2023-01-31
101930,Coimbatore,Tamil Nadu,2024-06-18
101931,Vadodara,Gujarat,2025-06-02
101932,Ahmedabad,Gujarat,2023-04-25
101933,Kanpur,Uttar Pradesh,2023-02-17
101934,Howrah,West Bengal,2023-04-02
101935,Kanpur,Uttar Pradesh,2024-05-12
101936,Pune,Maharashtra,2025-01-22
101937,Coimbatore,Tamil Nadu,2023-10-10
101938,Vadodara,Gujarat,2023-04-18
101939,Bengaluru,Karnataka,2023-03-29
101940,Nagpur,Maharashtra,2024-07-07
101941,Bengaluru,Karnataka,2023-11-21
101942,Chennai,Tamil Nadu,2023-08-06
101943,Madurai,Tamil Nadu,2025-03-27
101944,Pune,Maharashtra,2023-12-08
101945,Kolkata,West Bengal,2024-10-06
101946,Jaipur,Rajasthan,2024-11-07
101947,Bengaluru,Karnataka,2023-02-24
101948,Udaipur,Rajasthan,2023-08-15
101949,Nashik,Maharashtra,2025-03-26
101950,Jaipur,Rajasthan,2025-03-15
101951,Kochi,Kerala,2024-01-13
101952,Nashik,Maharashtra,2023-05-23
101953,Ghaziabad,Uttar Pradesh,2023-09-29
101954,Thiruvananthapuram,Kerala,2025-05-14
101955,Udaipur,Rajasthan,2024-09-04
101956,Thiruvananthapuram,Kerala,2023-03-10
101957,Hyderabad,Telangana,2024-10-16
101958,Nashik,Maharashtra,2023-05-14
101959,Howrah,West Bengal,2023-10-04
101960,Ahmedabad,Gujarat,2024-03-14
101961,Ahmedabad,Gujarat,2023-11-17
101962,Coimbatore,Tamil Nadu,2024-09-28
101963,Warangal,Telangana,2023-05-23
101964,Nashik,Maharashtra,2025-03-10
101965,Noida,Uttar Pradesh,2024-06-24
101966,Pune,Maharashtra,2023-10-06
101967,Ghaziabad,Uttar Pradesh,2025-05-21
101968,Kolkata,West Bengal,2024-03-11
101969,Madurai,Tamil Nadu,2024-01-15
101970,Chennai,Tamil Nadu,2023-01-20
101971,New Delhi,Delhi,2025-06-26
101972,Kochi,Kerala,2025-02-10
101973,Noida,Uttar Pradesh,2023-06-10
101974,New Delhi,Delhi,2025-05-13
101975,Nagpur,Maharashtra,2024-12-26
101976,Mangaluru,Karnataka,2024-01-19
101977,Chennai,Tamil Nadu,2025-04-25
101978,Jaipur,Rajasthan,2024-05-24
101979,Noida,Uttar Pradesh,2024-09-18
101980,Mangaluru,Karnataka,2023-06-16
101981,Howrah,West Bengal,2023-04-10
101982,New Delhi,Delhi,2024-04-25
101983,Howrah,West Bengal,2023-10-25
101984,Mysuru,Karnataka,2025-06-13
101985,Ahmedabad,Gujarat,2023-03-20
101986,Jaipur,Rajasthan,2024-11-25
101987,Mangaluru,Karnataka,2024-07-02
101988,Lucknow,Uttar Pradesh,2025-03-11
101989,Kochi,Kerala,2025-06-28
101990,Nashik,Maharashtra,2025-03-04
101991,Mumbai,Maharashtra,2023-12-08
101992,Vadodara,Gujarat,2024-09-25
101993,New Delhi,Delhi,2023-05-29
101994,Mumbai,Maharashtra,2024-03-18
101995,Coimbatore,Tamil Nadu,2023-09-02
101996,Lucknow,Uttar Pradesh,2023-08-16
101997,Mangaluru,Karnataka,2024-06-04
101998,New Delhi,Delhi,2023-04-26
101999,Kolkata,West Bengal,2024-06-02
102000,Hyderabad,Telangana,2024-01-01
102001,Kolkata,West Bengal,2023-07-29
102002,Madurai,Tamil Nadu,2024-05-27
102003,Kochi,Kerala,2024-11-14
102004,Ahmedabad,Gujarat,2024-07-09
102005,Mumbai,Maharashtra,2023-03-22
102006,Udaipur,Rajasthan,2024-05-27
102007,Madurai,Tamil Nadu,2024-07-21
102008,Nagpur,Maharashtra,2024-09-14
102009,Mumbai,Maharashtra,2024-01-23
102010,Vadodara,Gujarat,2023-03-28
102011,Nashik,Maharashtra,2023-04-26
102012,Mangaluru,Karnataka,2023-10-30
102013,Nashik,Maharashtra,2024-07-31
102014,Chennai,Tamil Nadu,2024-11-04
102015,Madurai,Tamil Nadu,2024-09-05
102016,Hyderabad,Telangana,2023-10-12
102017,Mysuru,Karnataka,2024-02-05
102018,Pune,Maharashtra,2023-02-12
102019,Surat,Gujarat,2024-12-27
102020,New Delhi,Delhi,2023-11-19
102021,Vadodara,Gujarat,2024-04-08
102022,Nagpur,Maharashtra,2024-02-14
102023,Nashik,Maharashtra,2023-09-18
102024,Mangaluru,Karnataka,2023-06-03
102025,Chennai,Tamil Nadu,2025-05-18
102026,New Delhi,Delhi,2023-04-19
102027,Howrah,West Bengal,2025-05-10
102028,New Delhi,Delhi,2023-04-14
102029,Warangal,Telangana,2023-03-29
102030,Surat,Gujarat,2025-04-02
102031,Nagpur,Maharashtra,2025-05-11
102032,Warangal,Telangana,2025-03-26
102033,New Delhi,Delhi,2024-12-07
102034,Madurai,Tamil Nadu,2024-03-24
102035,Nashik,Maharashtra,2023-04-08
102036,Noida,Uttar Pradesh,2024-06-22
102037,Jaipur,Rajasthan,2024-04-18
102038,Mumbai,Maharashtra,2024-11-01
102039,Surat,Gujarat,2023-02-01
102040,Ghaziabad,Uttar Pradesh,2023-03-12
102041,Mysuru,Karnataka,2024-06-20
102042,Noida,Uttar Pradesh,2025-02-18
102043,Vadodara,Gujarat,2025-04-30
102044,Jaipur,Rajasthan,2024-06-02
102045,Kochi,Kerala,2023-12-02
102046,Nashik,Maharashtra,2024-03-06
102047,Chennai,Tamil Nadu,2024-04-08
102048,Warangal,Telangana,2024-07-17
102049,Mumbai,Maharashtra,2023-07-27
102050,New Delhi,Delhi,2023-12-21
102051,Kochi,Kerala,2024-05-07
102052,Nagpur,Maharashtra,2025-02-14
102053,Coimbatore,Tamil Nadu,2025-01-01
102054,Howrah,West Bengal,2024-11-17
102055,New Delhi,Delhi,2023-07-16
102056,Chennai,Tamil Nadu,2024-01-06
102057,Thiruvananthapuram,Kerala,2024-05-19
102058,Madurai,Tamil Nadu,2025-05-31
102059,Pune,Maharashtra,2023-11-20
102060,Mumbai,Maharashtra,2025-04-16
102061,Jaipur,Rajasthan,2024-11-12
102062,Mysuru,Karnataka,2024-07-31
102063,Madurai,Tamil Nadu,2024-10-01
102064,Nagpur,Maharashtra,2024-12-23
102065,Madurai,Tamil Nadu,2024-09-28
102066,Jaipur,Rajasthan,2024-09-04
102067,Coimbatore,Tamil Nadu,2023-12-11
102068,Thiruvananthapuram,Kerala,2024-01-25
102069,Mysuru,Karnataka,2024-06-29
102070,Madurai,Tamil Nadu,2025-02-07
102071,Kolkata,West Bengal,2024-08-16
102072,Madurai,Tamil Nadu,2025-06-18
102073,Mangaluru,Karnataka,2024-09-12
102074,Howrah,West Bengal,2024-01-07
102075,New Delhi,Delhi,2024-06-08
102076,Warangal,Telangana,2024-07-21
102077,Thiruvananthapuram,Kerala,2025-02-28
102078,Mysuru,Karnataka,2023-08-22
102079,Bengaluru,Karnataka,2023-08-15
102080,Nashik,Maharashtra,2023-07-03
102081,New Delhi,Delhi,2023-02-20
102082,Bengaluru,Karnataka,2024-09-06
102083,Surat,Gujarat,2025-05-26
102084,Bengaluru,Karnataka,2024-07-13
102085,Vadodara,Gujarat,2023-02-25
102086,Mangaluru,Karnataka,2023-11-29
102087,New Delhi,Delhi,2025-04-02
102088,New Delhi,Delhi,2023-02-17
102089,Lucknow,Uttar Pradesh,2024-07-11
102090,Coimbatore,Tamil Nadu,2024-02-06
102091,New Delhi,Delhi,2025-04-16
102092,Kolkata,West Bengal,2024-04-12
102093,Hyderabad,Telangana,2024-05-29
102094,Mangaluru,Karnataka,2024-10-19
102095,Jaipur,Rajasthan,2025-01-17
102096,New Delhi,Delhi,2024-04-14
102097,Nashik,Maharashtra,2024-10-19
102098,Coimbatore,Tamil Nadu,2025-01-03
102099,Nashik,Maharashtra,2024-04-23
102100,Mysuru,Karnataka,2024-10-14
102101,Ghaziabad,Uttar Pradesh,2023-11-27
102102,Pune,Maharashtra,2023-11-20
102103,Lucknow,Uttar Pradesh,2023-01-03
102104,Jaipur,Rajasthan,2024-09-01
102105,Ahmedabad,Gujarat,2023-08-17
102106,Noida,Uttar Pradesh,2025-01-11
102107,Lucknow,Uttar Pradesh,2025-05-17
102108,Thiruvananthapuram,Kerala,2025-03-08
102109,New Delhi,Delhi,2023-09-08
102110,Nashik,Maharashtra,2024-08-16
102111,Warangal,Telangana,2024-11-15
102112,Hyderabad,Telangana,2024-04-06
102113,Nagpur,Maharashtra,2024-04-08
102114,Vadodara,Gujarat,2024-02-03
102115,Mumbai,Maharashtra,2023-10-09
102116,Udaipur,Rajasthan,2024-06-06
102117,Mangaluru,Karnataka,2025-06-21
102118,Nashik,Maharashtra,2023-07-19
102119,Mumbai,Maharashtra,2023-02-12
102120,Mangaluru,Karnataka,2023-02-21
102121,Mysuru,Karnataka,2024-06-14
102122,Nagpur,Maharashtra,2023-09-03
102123,Bengaluru,Karnataka,2024-02-25
102124,Mysuru,Karnataka,2025-05-16
102125,New Delhi,Delhi,2023-03-11
102126,New Delhi,Delhi,2023-06-09
102127,New Delhi,Delhi,2023-07-15
102128,New Delhi,Delhi,2024-02-21
102129,Pune,Maharashtra,2024-09-24
102130,Nashik,Maharashtra,2023-06-16
102131,Mysuru,Karnataka,2023-04-09
102132,Noida,Uttar Pradesh,2023-03-20
102133,Thiruvananthapuram,Kerala,2024-12-30
102134,Jaipur,Rajasthan,2023-01-27
102135,Madurai,Tamil Nadu,2024-07-23
102136,Warangal,Telangana,2024-06-10
102137,New Delhi,Delhi,2023-04-02
102138,Lucknow,Uttar Pradesh,2024-05-18
102139,Kanpur,Uttar Pradesh,2023-09-19
102140,Howrah,West Bengal,2024-04-14
102141,Udaipur,Rajasthan,2023-05-05
102142,Madurai,Tamil Nadu,2024-08-31
102143,Noida,Uttar Pradesh,2023-01-03
102144,Kanpur,Uttar Pradesh,2024-04-30
102145,Mysuru,Karnataka,2024-08-12
102146,Udaipur,Rajasthan,2023-01-03
102147,Nashik,Maharashtra,2024-10-21
102148,Thiruvananthapuram,Kerala,2024-05-09
102149,Kanpur,Uttar Pradesh,2023-10-07
102150,Pune,Maharashtra,2024-03-15
102151,Surat,Gujarat,2024-09-13
102152,Mumbai,Maharashtra,2024-08-08
102153,Kanpur,Uttar Pradesh,2024-12-08
102154,Lucknow,Uttar Pradesh,2023-02-01
102155,Vadodara,Gujarat,2024-12-18
102156,Howrah,West Bengal,2023-02-02
102157,Nashik,Maharashtra,2024-08-15
102158,Mangaluru,Karnataka,2023-11-15
102159,Coimbatore,Tamil Nadu,2023-02-28
102160,Pune,Maharashtra,2024-09-19
102161,Coimbatore,Tamil Nadu,2024-05-18
102162,Mysuru,Karnataka,2024-08-30
102163,New Delhi,Delhi,2023-12-09
102164,Chennai,Tamil Nadu,2023-09-11
102165,Howrah,West Bengal,2024-07-23
102166,Mysuru,Karnataka,2023-07-16
102167,Udaipur,Rajasthan,2025-01-09
102168,Chennai,Tamil Nadu,2025-06-29
102169,New Delhi,Delhi,2023-01-25
102170,Coimbatore,Tamil Nadu,2024-06-17
102171,Coimbatore,Tamil Nadu,2024-05-22
102172,Mangaluru,Karnataka,2025-02-20
102173,Coimbatore,Tamil Nadu,2024-01-22
102174,Mumbai,Maharashtra,2025-05-03
102175,New Delhi,Delhi,2023-08-06
102176,Hyderabad,Telangana,2025-02-17
102177,Madurai,Tamil Nadu,2024-04-18
102178,Kolkata,West Bengal,2025-05-09
102179,Mysuru,Karnataka,2023-07-17
102180,Kochi,Kerala,2023-08-26
102181,Kanpur,Uttar Pradesh,2024-05-29
102182,Kochi,Kerala,2024-05-17
102183,Kolkata,West Bengal,2023-05-16
102184,Nagpur,Maharashtra,2024-08-16
102185,Warangal,Telangana,2024-01-05
102186,Mumbai,Maharashtra,2023-05-18
102187,Kolkata,West Bengal,2024-04-09
102188,Hyderabad,Telangana,2024-09-27
102189,Mysuru,Karnataka,2023-01-29
102190,Udaipur,Rajasthan,2025-04-18
102191,Pune,Maharashtra,2024-07-10
102192,Hyderabad,Telangana,2023-08-26
102193,Lucknow,Uttar Pradesh,2024-11-14
102194,Nashik,Maharashtra,2025-02-07
102195,Surat,Gujarat,2025-05-20
102196,Howrah,West Bengal,2024-12-21
102197,Nashik,Maharashtra,2023-07-05
102198,Warangal,Telangana,2023-05-30
102199,Mysuru,Karnataka,2023-07-10
102200,Surat,Gujarat,2025-03-08
102201,Nagpur,Maharashtra,2023-10-05
102202,Jaipur,Rajasthan,2023-10-28
102203,Jaipur,Rajasthan,2025-03-22
102204,Mangaluru,Karnataka,2024-01-06
102205,New Delhi,Delhi,2023-09-27
102206,Hyderabad,Telangana,2023-10-02
102207,Ghaziabad,Uttar Pradesh,2024-06-26
102208,Coimbatore,Tamil Nadu,2024-11-06
102209,Pune,Maharashtra,2023-08-30
102210,Mumbai,Maharashtra,2023-02-04
102211,Thiruvananthapuram,Kerala,2024-08-05
102212,Chennai,Tamil Nadu,2024-05-14
102213,Howrah,West Bengal,2024-08-23
102214,Chennai,Tamil Nadu,2024-02-15
102215,Udaipur,Rajasthan,2024-12-08
102216,Mumbai,Maharashtra,2024-07-23
102217,Nashik,Maharashtra,2024-11-21
102218,Udaipur,Rajasthan,2024-10-28
102219,Jaipur,Rajasthan,2024-03-28
102220,New Delhi,Delhi,2023-10-24
102221,New Delhi,Delhi,2024-06-14
102222,Madurai,Tamil Nadu,2024-08-02
102223,Madurai,Tamil Nadu,2024-06-04
102224,Bengaluru,Karnataka,2024-04-22
102225,Udaipur,Rajasthan,2023-11-09
102226,Mangaluru,Karnataka,2023-05-03
102227,Kanpur,Uttar Pradesh,2024-01-25
102228,Pune,Maharashtra,2025-03-14
102229,Mumbai,Maharashtra,2024-10-14
102230,Surat,Gujarat,2024-11-18
102231,New Delhi,Delhi,2024-11-02
102232,Vadodara,Gujarat,2025-04-19
102233,Nagpur,Maharashtra,2023-07-25
102234,Udaipur,Rajasthan,2024-10-18
102235,Ghaziabad,Uttar Pradesh,2023-03-05
102236,Kolkata,West Bengal,2023-08-12
102237,Mumbai,Maharashtra,2023-01-27
102238,New Delhi,Delhi,2024-01-28
102239,New Delhi,Delhi,2023-05-09
102240,Warangal,Telangana,2023-12-19
102241,Mysuru,Karnataka,2023-05-03
102242,Nagpur,Maharashtra,2023-02-02
102243,New Delhi,Delhi,2024-03-11
102244,Mysuru,Karnataka,2024-01-10
102245,New Delhi,Delhi,2024-01-15
102246,Mangaluru,Karnataka,2023-11-11
102247,Mangaluru,Karnataka,2024-01-08
102248,Vadodara,Gujarat,2023-01-04
102249,New Delhi,Delhi,2024-03-11
102250,New Delhi,Delhi,2025-02-10
102251,Warangal,Telangana,2023-05-08
102252,Lucknow,Uttar Pradesh,2023-05-12
102253,New Delhi,Delhi,2024-12-11
102254,Warangal,Telangana,2024-04-01
102255,Thiruvananthapuram,Kerala,2023-08-23
102256,Hyderabad,Telangana,2024-12-15
102257,Udaipur,Rajasthan,2023-10-24
102258,Kanpur,Uttar Pradesh,2024-07-04
102259,Nagpur,Maharashtra,2024-05-21
102260,Madurai,Tamil Nadu,2023-06-04
102261,Lucknow,Uttar Pradesh,2024-11-18
102262,Kochi,Kerala,2024-07-17
102263,Chennai,Tamil Nadu,2023-07-09
102264,Nashik,Maharashtra,2024-11-21
102265,Warangal,Telangana,2024-07-19
102266,Nagpur,Maharashtra,2025-02-17
102267,Lucknow,Uttar Pradesh,2025-01-17
102268,Coimbatore,Tamil Nadu,2023-10-18
102269,Ghaziabad,Uttar Pradesh,2025-05-03
102270,Howrah,West Bengal,2023-01-31
102271,Vadodara,Gujarat,2023-11-01
102272,Vadodara,Gujarat,2024-07-07
102273,Ghaziabad,Uttar Pradesh,2024-05-02
102274,Howrah,West Bengal,2023-07-25
102275,Kolkata,West Bengal,2023-07-01
102276,Nagpur,Maharashtra,2024-12-12
102277,Warangal,Telangana,2025-03-09
102278,Mysuru,Karnataka,2024-09-11
102279,Kolkata,West Bengal,2024-04-28
102280,Vadodara,Gujarat,2024-12-05
102281,Madurai,Tamil Nadu,2023-08-07
102282,Mysuru,Karnataka,2025-05-31
102283,New Delhi,Delhi,2023-04-24
102284,Lucknow,Uttar Pradesh,2024-06-16
102285,Bengaluru,Karnataka,2023-11-07
102286,Nashik,Maharashtra,2025-04-03
102287,Jaipur,Rajasthan,2023-08-12
102288,Lucknow,Uttar Pradesh,2024-08-07
102289,Mysuru,Karnataka,2023-05-23
102290,Bengaluru,Karnataka,2023-06-15
102291,Thiruvananthapuram,Kerala,2024-01-15
102292,Ghaziabad,Uttar Pradesh,2024-12-29
102293,Vadodara,Gujarat,2023-09-11
102294,Mysuru,Karnataka,2024-09-23
102295,Bengaluru,Karnataka,2024-06-04
102296,Nashik,Maharashtra,2025-06-09
102297,Lucknow,Uttar Pradesh,2023-10-01
102298,Nashik,Maharashtra,2023-08-10
102299,Pune,Maharashtra,2025-04-02
102300,Kanpur,Uttar Pradesh,2023-10-31
102301,Jaipur,Rajasthan,2023-07-15
102302,Lucknow,Uttar Pradesh,2025-01-18
102303,Chennai,Tamil Nadu,2025-01-10
102304,Coimbatore,Tamil Nadu,2023-02-27
102305,Coimbatore,Tamil Nadu,2025-02-18
102306,New Delhi,Delhi,2024-07-30
102307,Warangal,Telangana,2023-09-12
102308,Coimbatore,Tamil Nadu,2024-05-02
102309,Vadodara,Gujarat,2023-08-06
102310,Jaipur,Rajasthan,2023-06-03
102311,Kochi,Kerala,2023-05-01
102312,Mumbai,Maharashtra,2023-05-31
102313,New Delhi,Delhi,2024-06-14
102314,Mangaluru,Karnataka,2025-01-08
102315,New Delhi,Delhi,2024-03-19
102316,Bengaluru,Karnataka,2023-01-15
102317,Pune,Maharashtra,2024-01-26
102318,Ghaziabad,Uttar Pradesh,2024-11-11
102319,Coimbatore,Tamil Nadu,2025-01-30
102320,Udaipur,Rajasthan,2024-10-29
102321,Nashik,Maharashtra,2023-12-03
102322,Nashik,Maharashtra,2024-08-14
102323,New Delhi,Delhi,2023-03-04
102324,Nashik,Maharashtra,2024-01-09
102325,Mysuru,Karnataka,2024-05-04
102326,Kochi,Kerala,2023-01-26
102327,Bengaluru,Karnataka,2023-01-14
102328,Mysuru,Karnataka,2024-12-31
102329,Warangal,Telangana,2023-07-20
102330,Chennai,Tamil Nadu,2023-04-25
102331,Warangal,Telangana,2024-06-23
102332,New Delhi,Delhi,2023-09-13
102333,Kolkata,West Bengal,2025-06-11
102334,Mumbai,Maharashtra,2025-05-12
102335,Coimbatore,Tamil Nadu,2025-01-20
102336,Ahmedabad,Gujarat,2023-10-02
102337,Howrah,West Bengal,2025-03-08
102338,New Delhi,Delhi,2023-08-21
102339,Hyderabad,Telangana,2023-08-07
102340,Pune,Maharashtra,2025-06-05
102341,Pune,Maharashtra,2024-09-06
102342,Pune,Maharashtra,2023-03-20
102343,Ghaziabad,Uttar Pradesh,2025-03-18
102344,Mangaluru,Karnataka,2023-05-27
102345,Noida,Uttar Pradesh,2024-09-12
102346,Mumbai,Maharashtra,2024-02-04
102347,Kolkata,West Bengal,2023-01-16
102348,Kolkata,West Bengal,2024-12-18
102349,Nagpur,Maharashtra,2024-09-17
102350,Nashik,Maharashtra,2025-03-16
102351,Pune,Maharashtra,2024-07-11
102352,Kolkata,West Bengal,2024-11-19
102353,Bengaluru,Karnataka,2025-04-05
102354,Hyderabad,Telangana,2025-06-08
102355,Chennai,Tamil Nadu,2024-05-25
102356,Kanpur,Uttar Pradesh,2023-01-16
102357,Chennai,Tamil Nadu,2023-11-12
102358,Chennai,Tamil Nadu,2024-07-18
102359,Thiruvananthapuram,Kerala,2023-04-10
102360,Pune,Maharashtra,2023-04-16
102361,Kolkata,West Bengal,2023-12-26
102362,Mumbai,Maharashtra,2025-04-09
102363,Chennai,Tamil Nadu,2023-10-21
102364,Jaipur,Rajasthan,2025-05-02
102365,Ahmedabad,Gujarat,2025-01-01
102366,Vadodara,Gujarat,2023-10-04
102367,Mangaluru,Karnataka,2023-07-30
102368,Coimbatore,Tamil Nadu,2025-01-24
102369,New Delhi,Delhi,2024-11-19
102370,Hyderabad,Telangana,2024-07-28
102371,Coimbatore,Tamil Nadu,2025-06-10
102372,New Delhi,Delhi,2023-04-02
102373,Mysuru,Karnataka,2023-12-18
102374,Mysuru,Karnataka,2024-07-03
102375,New Delhi,Delhi,2023-03-07
102376,Nashik,Maharashtra,2025-06-08
102377,Howrah,West Bengal,2024-06-04
102378,Surat,Gujarat,2023-10-08
102379,Mumbai,Maharashtra,2023-08-06
102380,Noida,Uttar Pradesh,2023-01-02
102381,Howrah,West Bengal,2024-06-23
102382,Mysuru,Karnataka,2025-06-08
102383,Pune,Maharashtra,2023-02-03
102384,Nagpur,Maharashtra,2024-01-13
102385,Nashik,Maharashtra,2024-08-26
102386,Lucknow,Uttar Pradesh,2024-01-28
102387,Kochi,Kerala,2024-08-15
102388,Nashik,Maharashtra,2024-10-11
102389,Noida,Uttar Pradesh,2025-05-29
102390,Nashik,Maharashtra,2024-07-04
102391,Surat,Gujarat,2024-10-08
102392,Noida,Uttar Pradesh,2023-10-03
102393,New Delhi,Delhi,2023-05-18
102394,Mumbai,Maharashtra,2023-04-02
102395,Vadodara,Gujarat,2023-04-10
102396,Thiruvananthapuram,Kerala,2025-01-23
102397,Bengaluru,Karnataka,2023-02-07
102398,Mysuru,Karnataka,2024-03-16
102399,Nashik,Maharashtra,2024-07-12
102400,Warangal,Telangana,2024-09-04
102401,Vadodara,Gujarat,2023-03-02
102402,Noida,Uttar Pradesh,2025-02-22
102403,Kanpur,Uttar Pradesh,2024-02-03
102404,Udaipur,Rajasthan,2023-01-17
102405,Noida,Uttar Pradesh,2023-05-01
102406,Bengaluru,Karnataka,2025-02-21
102407,Warangal,Telangana,2025-05-09
102408,Mangaluru,Karnataka,2024-11-15
102409,New Delhi,Delhi,2023-10-31
102410,Jaipur,Rajasthan,2025-05-12
102411,Vadodara,Gujarat,2023-09-09
102412,Thiruvananthapuram,Kerala,2023-08-01
102413,Coimbatore,Tamil Nadu,2024-11-27
102414,Warangal,Telangana,2023-10-21
102415,Madurai,Tamil Nadu,2024-04-18
102416,Pune,Maharashtra,2024-08-25
102417,Mysuru,Karnataka,2023-06-01
102418,Warangal,Telangana,2025-04-23
102419,Nagpur,Maharashtra,2023-06-01
102420,Udaipur,Rajasthan,2025-06-23
102421,Mumbai,Maharashtra,2023-09-10
102422,Mangaluru,Karnataka,2024-01-15
102423,Kanpur,Uttar Pradesh,2023-08-19
102424,Nashik,Maharashtra,2024-05-06
102425,Jaipur,Rajasthan,2023-01-01
102426,Lucknow,Uttar Pradesh,2023-06-05
102427,Mumbai,Maharashtra,2024-04-18
102428,Ghaziabad,Uttar Pradesh,2024-09-24
102429,Vadodara,Gujarat,2025-05-27
102430,Lucknow,Uttar Pradesh,2025-02-01
102431,Kolkata,West Bengal,2025-04-19
102432,Kanpur,Uttar Pradesh,2024-12-28
102433,Warangal,Telangana,2024-12-08
102434,New Delhi,Delhi,2023-11-12
102435,Kanpur,Uttar Pradesh,2025-04-04
102436,Kochi,Kerala,2025-05-27
102437,Warangal,Telangana,2024-04-12
102438,Surat,Gujarat,2023-04-20
102439,Madurai,Tamil Nadu,2023-02-08
102440,Ghaziabad,Uttar Pradesh,2024-03-26
102441,Thiruvananthapuram,Kerala,2024-08-01
102442,Mumbai,Maharashtra,2024-05-20
102443,Mangaluru,Karnataka,2025-03-27
102444,Warangal,Telangana,2024-05-03
102445,Madurai,Tamil Nadu,2024-08-25
102446,Warangal,Telangana,2024-11-21
102447,Nashik,Maharashtra,2025-03-26
102448,New Delhi,Delhi,2024-07-09
102449,Warangal,Telangana,2024-05-22
102450,Hyderabad,Telangana,2023-03-12
102451,Ahmedabad,Gujarat,2024-08-08
102452,Noida,Uttar Pradesh,2023-06-13
102453,Vadodara,Gujarat,2023-12-02
102454,Noida,Uttar Pradesh,2024-04-29
102455,Surat,Gujarat,2023-03-17
102456,Warangal,Telangana,2024-09-24
102457,Surat,Gujarat,2023-09-13
102458,Mumbai,Maharashtra,2024-04-13
102459,Mysuru,Karnataka,2023-11-16
102460,Hyderabad,Telangana,2023-11-20
102461,Kolkata,West Bengal,2023-12-25
102462,Vadodara,Gujarat,2023-02-16
102463,Nagpur,Maharashtra,2023-06-27
102464,Vadodara,Gujarat,2024-12-16
102465,Bengaluru,Karnataka,2023-04-22
102466,Ghaziabad,Uttar Pradesh,2024-03-28
102467,Kolkata,West Bengal,2023-05-08
102468,Ahmedabad,Gujarat,2024-05-05
102469,Surat,Gujarat,2024-08-09
102470,New Delhi,Delhi,2024-03-03
102471,Chennai,Tamil Nadu,2024-12-03
102472,Kolkata,West Bengal,2023-08-30
102473,Lucknow,Uttar Pradesh,2024-05-23
102474,Hyderabad,Telangana,2023-09-09
102475,New Delhi,Delhi,2024-04-08
102476,Nashik,Maharashtra,2023-02-27
102477,Pune,Maharashtra,2023-09-03
102478,Bengaluru,Karnataka,2024-10-06
102479,New Delhi,Delhi,2024-12-09
102480,Jaipur,Rajasthan,2023-09-05
102481,Madurai,Tamil Nadu,2023-08-24
102482,Mangaluru,Karnataka,2023-09-29
102483,Nagpur,Maharashtra,2023-09-12
102484,New Delhi,Delhi,2025-06-24
102485,Howrah,West Bengal,2024-08-16
102486,New Delhi,Delhi,2023-12-18
102487,Noida,Uttar Pradesh,2024-02-25
102488,Kanpur,Uttar Pradesh,2024-04-10
102489,Pune,Maharashtra,2024-05-18
102490,Vadodara,Gujarat,2023-12-19
102491,Thiruvananthapuram,Kerala,2025-06-06
102492,New Delhi,Delhi,2023-09-22
102493,Mumbai,Maharashtra,2024-01-25
102494,Jaipur,Rajasthan,2023-01-06
102495,Udaipur,Rajasthan,2024-03-23
102496,Hyderabad,Telangana,2025-02-17
102497,Hyderabad,Telangana,2025-06-27
102498,Bengaluru,Karnataka,2024-03-07
102499,Kolkata,West Bengal,2023-05-08
102500,Chennai,Tamil Nadu,2024-10-17
102501,Mumbai,Maharashtra,2024-08-06
102502,Ahmedabad,Gujarat,2025-05-23
102503,Kochi,Kerala,2024-04-05
102504,Howrah,West Bengal,2023-01-03
102505,Mangaluru,Karnataka,2025-03-31
102506,Nashik,Maharashtra,2024-09-06
102507,Jaipur,Rajasthan,2024-12-29
102508,Jaipur,Rajasthan,2023-04-19
102509,Hyderabad,Telangana,2024-02-21
102510,Surat,Gujarat,2024-02-22
102511,Chennai,Tamil Nadu,2023-09-01
102512,Chennai,Tamil Nadu,2025-02-10
102513,Nashik,Maharashtra,2023-06-21
102514,Pune,Maharashtra,2023-03-07
102515,Mangaluru,Karnataka,2023-08-02
102516,Kolkata,West Bengal,2025-06-20
102517,Nashik,Maharashtra,2023-04-14
102518,Mangaluru,Karnataka,2024-06-13
102519,Warangal,Telangana,2023-06-16
102520,Mysuru,Karnataka,2023-12-26
102521,Nashik,Maharashtra,2024-05-17
102522,Hyderabad,Telangana,2023-01-18
102523,New Delhi,Delhi,2023-08-08
102524,Surat,Gujarat,2024-06-18
102525,Jaipur,Rajasthan,2023-01-14
102526,Mumbai,Maharashtra,2024-03-26
102527,Udaipur,Rajasthan,2024-07-03
102528,Jaipur,Rajasthan,2023-07-16
102529,Kolkata,West Bengal,2023-05-28
102530,Ahmedabad,Gujarat,2024-03-22
102531,Surat,Gujarat,2024-10-16
102532,Vadodara,Gujarat,2023-01-12
102533,Noida,Uttar Pradesh,2023-11-04
102534,Mumbai,Maharashtra,2025-06-29
102535,Thiruvananthapuram,Kerala,2023-11-02
102536,Hyderabad,Telangana,2023-10-30
102537,Lucknow,Uttar Pradesh,2024-11-03
102538,New Delhi,Delhi,2024-03-13
102539,Nagpur,Maharashtra,2023-12-23
102540,Coimbatore,Tamil Nadu,2024-12-15
102541,Chennai,Tamil Nadu,2023-01-29
102542,Madurai,Tamil Nadu,2024-10-11
102543,New Delhi,Delhi,2023-12-13
102544,Bengaluru,Karnataka,2025-03-20
102545,Hyderabad,Telangana,2024-10-22
102546,New Delhi,Delhi,2025-05-07
102547,Kochi,Kerala,2023-04-28
102548,Nagpur,Maharashtra,2023-06-22
102549,New Delhi,Delhi,2025-04-02
102550,Mangaluru,Karnataka,2023-12-22
102551,Warangal,Telangana,2025-01-12
102552,Chennai,Tamil Nadu,2024-09-17
102553,Surat,Gujarat,2024-03-31
102554,Kochi,Kerala,2023-02-11
102555,Mysuru,Karnataka,2023-03-09
102556,Noida,Uttar Pradesh,2024-10-15
102557,Nagpur,Maharashtra,2023-03-30
102558,Mangaluru,Karnataka,2023-01-05
102559,Madurai,Tamil Nadu,2023-07-19
102560,Mumbai,Maharashtra,2025-04-12
102561,Ahmedabad,Gujarat,2024-07-24
102562,Ahmedabad,Gujarat,2024-10-16
102563,Ghaziabad,Uttar Pradesh,2024-08-17
102564,Warangal,Telangana,2024-05-30
102565,Ahmedabad,Gujarat,2023-08-22
102566,New Delhi,Delhi,2024-01-26
102567,Nashik,Maharashtra,2024-05-11
102568,Nagpur,Maharashtra,2025-06-19
102569,Ahmedabad,Gujarat,2025-03-30
102570,Kochi,Kerala,2024-11-01
102571,Pune,Maharashtra,2025-01-10
102572,Warangal,Telangana,2025-01-05
102573,Noida,Uttar Pradesh,2024-08-31
102574,Kolkata,West Bengal,2025-01-21
102575,Warangal,Telangana,2023-03-08
102576,Ahmedabad,Gujarat,2023-01-20
102577,Lucknow,Uttar Pradesh,2024-02-09
102578,Howrah,West Bengal,2023-02-19
102579,Nashik,Maharashtra,2023-11-06
102580,Udaipur,Rajasthan,2023-06-30
102581,Nashik,Maharashtra,2025-05-22
102582,Howrah,West Bengal,2024-08-19
102583,Nagpur,Maharashtra,2023-02-08
102584,Mangaluru,Karnataka,2024-07-22
102585,Mumbai,Maharashtra,2024-10-29
102586,Chennai,Tamil Nadu,2023-10-24
102587,New Delhi,Delhi,2025-03-15
102588,Nashik,Maharashtra,2025-06-05
102589,Chennai,Tamil Nadu,2025-06-12
102590,New Delhi,Delhi,2023-03-26
102591,Kanpur,Uttar Pradesh,2024-02-14
102592,Jaipur,Rajasthan,2024-12-08
102593,Vadodara,Gujarat,2024-02-08
102594,Nagpur,Maharashtra,2024-03-14
102595,Bengaluru,Karnataka,2023-10-27
102596,Jaipur,Rajasthan,2024-01-17
102597,Nagpur,Maharashtra,2024-09-24
102598,New Delhi,Delhi,2023-01-24
102599,Udaipur,Rajasthan,2024-12-29
102600,Thiruvananthapuram,Kerala,2024-10-25
102601,Madurai,Tamil Nadu,2023-05-07
102602,Vadodara,Gujarat,2024-12-03
102603,Madurai,Tamil Nadu,2024-04-19
102604,Kanpur,Uttar Pradesh,2023-10-18
102605,Pune,Maharashtra,2024-02-19
102606,Nagpur,Maharashtra,2024-04-15
102607,Vadodara,Gujarat,2023-07-11
102608,Mysuru,Karnataka,2024-07-06
102609,Vadodara,Gujarat,2024-07-27
102610,New Delhi,Delhi,2023-12-01
102611,Udaipur,Rajasthan,2024-02-24
102612,Kolkata,West Bengal,2024-07-14
102613,Madurai,Tamil Nadu,2024-04-03
102614,Ghaziabad,Uttar Pradesh,2024-01-31
102615,Mysuru,Karnataka,2025-05-21
102616,Chennai,Tamil Nadu,2025-03-10
102617,Bengaluru,Karnataka,2023-12-12
102618,Howrah,West Bengal,2024-10-16
102619,Kolkata,West Bengal,2025-01-08
102620,Jaipur,Rajasthan,2023-04-11
102621,Howrah,West Bengal,2024-06-23
102622,Kochi,Kerala,2024-12-29
102623,Mangaluru,Karnataka,2023-02-22
102624,Udaipur,Rajasthan,2023-11-04
102625,Hyderabad,Telangana,2024-12-27
102626,Chennai,Tamil Nadu,2025-05-02
102627,Hyderabad,Telangana,2024-07-03
102628,New Delhi,Delhi,2023-02-08
102629,Bengaluru,Karnataka,2023-01-26
102630,Mangaluru,Karnataka,2025-01-08
102631,Pune,Maharashtra,2024-10-31
102632,Coimbatore,Tamil Nadu,2023-06-26
102633,Udaipur,Rajasthan,2023-04-30
102634,Ahmedabad,Gujarat,2023-05-13
102635,Warangal,Telangana,2025-03-10
102636,Coimbatore,Tamil Nadu,2024-11-27
102637,Chennai,Tamil Nadu,2025-05-13
102638,Mysuru,Karnataka,2024-09-25
102639,Howrah,West Bengal,2025-04-21
102640,Bengaluru,Karnataka,2024-04-30
102641,Ghaziabad,Uttar Pradesh,2024-12-06
102642,Kanpur,Uttar Pradesh,2024-07-02
102643,Hyderabad,Telangana,2023-01-07
102644,Howrah,West Bengal,2024-01-26
102645,Bengaluru,Karnataka,2023-08-27
102646,Udaipur,Rajasthan,2023-03-18
102647,Noida,Uttar Pradesh,2025-04-26
102648,Kanpur,Uttar Pradesh,2023-02-19
102649,Ahmedabad,Gujarat,2023-10-27
102650,Kolkata,West Bengal,2024-09-02
102651,Kochi,Kerala,2023-10-13
102652,Chennai,Tamil Nadu,2023-04-17
102653,Kolkata,West Bengal,2023-06-24
102654,Noida,Uttar Pradesh,2023-01-23
102655,Chennai,Tamil Nadu,2025-06-23
102656,Jaipur,Rajasthan,2024-03-23
102657,New Delhi,Delhi,2025-05-08
102658,Warangal,Telangana,2024-09-16
102659,Nagpur,Maharashtra,2023-11-15
102660,Bengaluru,Karnataka,2025-05-08
102661,Kolkata,West Bengal,2023-08-25
102662,New Delhi,Delhi,2023-06-14
102663,New Delhi,Delhi,2025-01-03
102664,Mangaluru,Karnataka,2024-05-19
102665,Madurai,Tamil Nadu,2024-01-20
102666,Ghaziabad,Uttar Pradesh,2024-06-19
102667,Jaipur,Rajasthan,2025-05-31
102668,Pune,Maharashtra,2023-09-13
102669,Hyderabad,Telangana,2025-04-01
102670,Coimbatore,Tamil Nadu,2025-04-09
102671,Ahmedabad,Gujarat,2024-11-22
102672,Chennai,Tamil Nadu,2023-05-24
102673,New Delhi,Delhi,2023-03-23
102674,Coimbatore,Tamil Nadu,2023-04-20
102675,Warangal,Telangana,2024-10-01
102676,Coimbatore,Tamil Nadu,2023-12-31
102677,Madurai,Tamil Nadu,2025-06-18
102678,Howrah,West Bengal,2023-01-06
102679,Ghaziabad,Uttar Pradesh,2023-12-07
102680,New Delhi,Delhi,2023-08-29
102681,Noida,Uttar Pradesh,2025-03-14
102682,Kolkata,West Bengal,2023-04-21
102683,Nagpur,Maharashtra,2024-01-07
102684,Warangal,Telangana,2025-02-28
102685,Mangaluru,Karnataka,2025-06-03
102686,Kanpur,Uttar Pradesh,2025-04-14
102687,Bengaluru,Karnataka,2024-08-18
102688,Surat,Gujarat,2023-05-29
102689,Bengaluru,Karnataka,2023-03-29
102690,Hyderabad,Telangana,2024-01-10
102691,Jaipur,Rajasthan,2024-03-12
102692,New Delhi,Delhi,2024-04-13
102693,Howrah,West Bengal,2023-02-15
102694,Kochi,Kerala,2024-09-07
102695,Kolkata,West Bengal,2023-12-26
102696,Nashik,Maharashtra,2023-04-10
102697,Howrah,West Bengal,2025-04-13
102698,Pune,Maharashtra,2023-11-22
102699,New Delhi,Delhi,2023-07-31
102700,Kolkata,West Bengal,2024-03-24
102701,Surat,Gujarat,2025-05-15
102702,Warangal,Telangana,2025-01-21
102703,New Delhi,Delhi,2023-04-02
102704,Howrah,West Bengal,2024-09-17
102705,Kanpur,Uttar Pradesh,2024-08-28
102706,Coimbatore,Tamil Nadu,2025-03-18
102707,Jaipur,Rajasthan,2025-05-29
102708,Mysuru,Karnataka,2024-11-10
102709,Nashik,Maharashtra,2024-08-18
102710,Ahmedabad,Gujarat,2023-11-19
102711,Thiruvananthapuram,Kerala,2025-03-29
102712,Mysuru,Karnataka,2025-05-09
102713,Bengaluru,Karnataka,2025-06-21
102714,Mumbai,Maharashtra,2025-05-19
102715,Kolkata,West Bengal,2024-08-07
102716,Bengaluru,Karnataka,2025-05-21
102717,Chennai,Tamil Nadu,2024-12-13
102718,Kochi,Kerala,2023-08-07
102719,Nashik,Maharashtra,2023-01-30
102720,Warangal,Telangana,2025-06-12
102721,Hyderabad,Telangana,2024-01-25
102722,Kanpur,Uttar Pradesh,2025-03-06
102723,New Delhi,Delhi,2023-09-20
102724,Coimbatore,Tamil Nadu,2023-11-25
102725,Nagpur,Maharashtra,2025-01-20
102726,Noida,Uttar Pradesh,2024-04-23
102727,Noida,Uttar Pradesh,2024-09-09
102728,Pune,Maharashtra,2023-10-19
102729,New Delhi,Delhi,2024-07-13
102730,Udaipur,Rajasthan,2024-03-19
102731,Nagpur,Maharashtra,2025-04-28
102732,Bengaluru,Karnataka,2024-03-24
102733,Warangal,Telangana,2023-03-22
102734,New Delhi,Delhi,2024-11-02
102735,Mangaluru,Karnataka,2025-05-18
102736,Coimbatore,Tamil Nadu,2025-03-15
102737,Mangaluru,Karnataka,2023-04-02
102738,Hyderabad,Telangana,2025-06-28
102739,Kanpur,Uttar Pradesh,2023-11-13
102740,Warangal,Telangana,2025-01-29
102741,Pune,Maharashtra,2024-07-28
102742,Kolkata,West Bengal,2025-06-05
102743,Nashik,Maharashtra,2023-11-08
102744,Kanpur,Uttar Pradesh,2024-07-07
102745,New Delhi,Delhi,2024-09-13
102746,Kanpur,Uttar Pradesh,2023-05-21
102747,Mysuru,Karnataka,2024-12-07
102748,Bengaluru,Karnataka,2023-05-11
102749,Chennai,Tamil Nadu,2025-01-24
102750,Nashik,Maharashtra,2023-04-26
102751,Mangaluru,Karnataka,2023-06-13
102752,Noida,Uttar Pradesh,2024-03-26
102753,Howrah,West Bengal,2023-06-15
102754,Nagpur,Maharashtra,2023-03-11
102755,Jaipur,Rajasthan,2023-02-17
102756,Kanpur,Uttar Pradesh,2023-09-18
102757,Howrah,West Bengal,2024-03-23
102758,Ghaziabad,Uttar Pradesh,2023-02-10
102759,Ahmedabad,Gujarat,2023-05-06
102760,Hyderabad,Telangana,2024-07-11
102761,Vadodara,Gujarat,2023-10-18
102762,Jaipur,Rajasthan,2024-11-21
102763,Nashik,Maharashtra,2025-02-04
102764,New Delhi,Delhi,2023-01-28
102765,Pune,Maharashtra,2025-05-14
102766,Udaipur,Rajasthan,2024-09-14
102767,Chennai,Tamil Nadu,2025-01-18
102768,Vadodara,Gujarat,2024-03-11
102769,Howrah,West Bengal,2023-01-01
102770,Thiruvananthapuram,Kerala,2025-03-17
102771,Pune,Maharashtra,2024-06-01
102772,Noida,Uttar Pradesh,2023-02-03
102773,Udaipur,Rajasthan,2023-06-01
102774,Pune,Maharashtra,2023-07-07
102775,Noida,Uttar Pradesh,2023-12-09
102776,New Delhi,Delhi,2024-02-08
102777,Vadodara,Gujarat,2024-01-25
102778,Hyderabad,Telangana,2025-03-01
102779,Mangaluru,Karnataka,2025-05-09
102780,Pune,Maharashtra,2024-09-10
102781,Nashik,Maharashtra,2024-07-31
102782,Mumbai,Maharashtra,2025-02-26
102783,Vadodara,Gujarat,2023-09-01
102784,New Delhi,Delhi,2024-05-23
102785,Bengaluru,Karnataka,2024-08-08
102786,Ghaziabad,Uttar Pradesh,2023-09-18
102787,Surat,Gujarat,2025-05-17
102788,Hyderabad,Telangana,2023-08-03
102789,Jaipur,Rajasthan,2023-02-23
102790,New Delhi,Delhi,2023-10-22
102791,Kolkata,West Bengal,2025-01-13
102792,Pune,Maharashtra,2023-12-08
102793,Kanpur,Uttar Pradesh,2023-07-17
102794,Thiruvananthapuram,Kerala,2025-03-05
102795,Howrah,West Bengal,2023-05-20
102796,Warangal,Telangana,2023-05-25
102797,Surat,Gujarat,2025-03-29
102798,New Delhi,Delhi,2023-10-20
102799,Surat,Gujarat,2023-01-02
102800,Noida,Uttar Pradesh,2024-01-30
102801,Kochi,Kerala,2024-11-06
102802,Madurai,Tamil Nadu,2024-11-20
102803,Mumbai,Maharashtra,2023-03-21
102804,Surat,Gujarat,2023-09-14
102805,Mumbai,Maharashtra,2024-07-16
102806,Mangaluru,Karnataka,2024-08-24
102807,New Delhi,Delhi,2024-07-19
102808,Kanpur,Uttar Pradesh,2023-11-04
102809,Mysuru,Karnataka,2025-02-24
102810,Nagpur,Maharashtra,2023-03-13
102811,Mumbai,Maharashtra,2025-01-19
102812,Kolkata,West Bengal,2025-05-06
102813,Lucknow,Uttar Pradesh,2024-09-16
102814,Mumbai,Maharashtra,2024-01-27
102815,Pune,Maharashtra,2023-12-13
102816,Hyderabad,Telangana,2024-02-01
102817,Mangaluru,Karnataka,2023-06-01
102818,Ahmedabad,Gujarat,2023-07-22
102819,Chennai,Tamil Nadu,2024-08-02
102820,Udaipur,Rajasthan,2024-05-16
102821,Bengaluru,Karnataka,2024-03-28
102822,Ahmedabad,Gujarat,2024-03-08
102823,Pune,Maharashtra,2023-03-13
102824,Kochi,Kerala,2025-03-01
102825,Thiruvananthapuram,Kerala,2025-05-20
102826,Lucknow,Uttar Pradesh,2023-08-12
102827,Madurai,Tamil Nadu,2023-10-14
102828,Bengaluru,Karnataka,2024-07-28
102829,Howrah,West Bengal,2023-01-02
102830,Noida,Uttar Pradesh,2023-04-04
102831,Bengaluru,Karnataka,2025-04-01
102832,Coimbatore,Tamil Nadu,2023-06-07
102833,Madurai,Tamil Nadu,2024-06-09
102834,Kolkata,West Bengal,2025-03-14
102835,Vadodara,Gujarat,2024-10-29
102836,Ahmedabad,Gujarat,2023-09-05
102837,Ahmedabad,Gujarat,2023-05-20
102838,Mysuru,Karnataka,2024-10-15
102839,New Delhi,Delhi,2024-01-04
102840,Pune,Maharashtra,2025-05-31
102841,Kanpur,Uttar Pradesh,2024-08-10
102842,Madurai,Tamil Nadu,2023-01-11
102843,Chennai,Tamil Nadu,2023-08-17
102844,Mangaluru,Karnataka,2024-11-09
102845,Mangaluru,Karnataka,2024-10-01
102846,Warangal,Telangana,2024-11-06
102847,Bengaluru,Karnataka,2023-08-01
102848,Pune,Maharashtra,2023-08-16
102849,Ghaziabad,Uttar Pradesh,2023-07-10
102850,New Delhi,Delhi,2024-09-25
102851,New Delhi,Delhi,2023-01-11
102852,Madurai,Tamil Nadu,2025-01-11
102853,Howrah,West Bengal,2023-09-14
102854,New Delhi,Delhi,2024-03-20
102855,Ghaziabad,Uttar Pradesh,2023-08-13
102856,Jaipur,Rajasthan,2024-01-23
102857,Ahmedabad,Gujarat,2024-11-27
102858,Chennai,Tamil Nadu,2023-06-30
102859,Lucknow,Uttar Pradesh,2024-06-03
102860,Madurai,Tamil Nadu,2023-02-22
102861,Chennai,Tamil Nadu,2023-06-11
102862,Hyderabad,Telangana,2024-09-15
102863,New Delhi,Delhi,2024-06-01
102864,Nashik,Maharashtra,2024-07-11
102865,Chennai,Tamil Nadu,2023-07-25
102866,Nagpur,Maharashtra,2023-07-07
102867,Coimbatore,Tamil Nadu,2024-01-23
102868,Warangal,Telangana,2023-04-28
102869,Jaipur,Rajasthan,2025-03-20
102870,Nagpur,Maharashtra,2023-09-02
102871,Vadodara,Gujarat,2024-10-17
102872,Madurai,Tamil Nadu,2023-05-23
102873,Nagpur,Maharashtra,2024-08-16
102874,Mangaluru,Karnataka,2023-07-05
102875,Nashik,Maharashtra,2023-09-14
102876,Mangaluru,Karnataka,2024-01-11
102877,Mangaluru,Karnataka,2023-04-24
102878,New Delhi,Delhi,2023-04-24
102879,Hyderabad,Telangana,2024-11-16
102880,Nagpur,Maharashtra,2023-11-11
102881,Mumbai,Maharashtra,2024-06-01
102882,Nagpur,Maharashtra,2024-08-11
102883,Hyderabad,Telangana,2024-07-21
102884,New Delhi,Delhi,2024-07-25
102885,Warangal,Telangana,2025-06-07
102886,Mysuru,Karnataka,2024-07-28
102887,Nashik,Maharashtra,2023-11-14
102888,Udaipur,Rajasthan,2023-09-17
102889,Nashik,Maharashtra,2024-12-30
102890,Mumbai,Maharashtra,2024-01-20
102891,Nashik,Maharashtra,2024-05-24
102892,Kochi,Kerala,2025-01-12
102893,Surat,Gujarat,2023-08-03
102894,Surat,Gujarat,2023-07-22
102895,Kochi,Kerala,2023-02-18
102896,Nashik,Maharashtra,2023-03-07
102897,Thiruvananthapuram,Kerala,2024-07-15
102898,Mysuru,Karnataka,2024-04-03
102899,Ahmedabad,Gujarat,2023-09-29
102900,Chennai,Tamil Nadu,2023-07-12
102901,New Delhi,Delhi,2024-09-25
102902,Jaipur,Rajasthan,2023-03-19
102903,Nashik,Maharashtra,2024-09-30
102904,Kochi,Kerala,2025-04-04
102905,New Delhi,Delhi,2024-02-19
102906,Ahmedabad,Gujarat,2024-03-26
102907,Thiruvananthapuram,Kerala,2024-05-03
102908,Nashik,Maharashtra,2023-03-28
102909,Udaipur,Rajasthan,2024-07-24
102910,Hyderabad,Telangana,2023-11-29
102911,Noida,Uttar Pradesh,2024-03-02
102912,Nashik,Maharashtra,2023-01-21
102913,Hyderabad,Telangana,2025-03-10
102914,Vadodara,Gujarat,2023-10-31
102915,Chennai,Tamil Nadu,2023-03-11
102916,Mumbai,Maharashtra,2024-12-13
102917,Mysuru,Karnataka,2025-06-11
102918,Kolkata,West Bengal,2024-04-18
102919,Mumbai,Maharashtra,2023-01-31
102920,Noida,Uttar Pradesh,2025-06-22
102921,Thiruvananthapuram,Kerala,2023-07-09
102922,Nashik,Maharashtra,2023-08-08
102923,Mumbai,Maharashtra,2024-10-07
102924,Surat,Gujarat,2023-10-30
102925,Pune,Maharashtra,2023-03-19
102926,Hyderabad,Telangana,2024-09-13
102927,Surat,Gujarat,2023-08-27
102928,Warangal,Telangana,2025-02-23
102929,New Delhi,Delhi,2023-05-21
102930,Kanpur,Uttar Pradesh,2025-04-05
102931,Surat,Gujarat,2024-10-21
102932,Mangaluru,Karnataka,2023-08-07
102933,Warangal,Telangana,2024-06-11
102934,Jaipur,Rajasthan,2025-05-04
102935,Ahmedabad,Gujarat,2023-02-28
102936,Coimbatore,Tamil Nadu,2025-01-16
102937,New Delhi,Delhi,2024-02-24
102938,Mumbai,Maharashtra,2025-05-14
102939,Mangaluru,Karnataka,2023-07-09
102940,Pune,Maharashtra,2024-10-17
102941,Kochi,Kerala,2025-05-31
102942,Mysuru,Karnataka,2023-11-10
102943,Howrah,West Bengal,2023-04-09
102944,Nashik,Maharashtra,2023-12-24
102945,Mangaluru,Karnataka,2024-06-28
102946,Madurai,Tamil Nadu,2024-07-28
102947,New Delhi,Delhi,2024-03-14
102948,Kanpur,Uttar Pradesh,2025-04-29
102949,Thiruvananthapuram,Kerala,2024-06-10
102950,Howrah,West Bengal,2024-08-06
102951,Nagpur,Maharashtra,2025-05-21
102952,Lucknow,Uttar Pradesh,2025-05-05
102953,Nashik,Maharashtra,2023-11-07
102954,Jaipur,Rajasthan,2023-09-18
102955,Hyderabad,Telangana,2024-11-13
102956,New Delhi,Delhi,2024-04-23
102957,Mumbai,Maharashtra,2024-02-12
102958,Nagpur,Maharashtra,2024-09-28
102959,Bengaluru,Karnataka,2024-08-24
102960,Jaipur,Rajasthan,2025-04-12
102961,Noida,Uttar Pradesh,2023-11-30
102962,Thiruvananthapuram,Kerala,2024-11-17
102963,Pune,Maharashtra,2023-07-26
102964,Surat,Gujarat,2025-05-03
102965,Mysuru,Karnataka,2023-03-18
102966,Warangal,Telangana,2024-11-14
102967,New Delhi,Delhi,2023-04-03
102968,Bengaluru,Karnataka,2025-03-12
102969,Hyderabad,Telangana,2025-05-24
102970,Mysuru,Karnataka,2025-01-15
102971,Chennai,Tamil Nadu,2024-12-19
102972,Ahmedabad,Gujarat,2024-03-11
102973,Mumbai,Maharashtra,2023-08-12
102974,Jaipur,Rajasthan,2025-06-16
102975,Chennai,Tamil Nadu,2024-04-27
102976,Kolkata,West Bengal,2025-01-13
102977,Ahmedabad,Gujarat,2024-10-12
102978,Kanpur,Uttar Pradesh,2024-09-30
102979,Ghaziabad,Uttar Pradesh,2023-11-18
102980,Howrah,West Bengal,2024-01-24
102981,Ahmedabad,Gujarat,2024-02-05
102982,Mangaluru,Karnataka,2024-07-02
102983,Mumbai,Maharashtra,2024-10-16
102984,Ahmedabad,Gujarat,2023-07-01
102985,Nagpur,Maharashtra,2023-07-27
102986,Mysuru,Karnataka,2023-02-14
102987,Pune,Maharashtra,2024-04-24
102988,Warangal,Telangana,2024-09-01
102989,Mumbai,Maharashtra,2023-07-11
102990,Ahmedabad,Gujarat,2024-10-10
102991,Kanpur,Uttar Pradesh,2023-01-03
102992,Kolkata,West Bengal,2025-02-28
102993,Mangaluru,Karnataka,2024-09-20
102994,Hyderabad,Telangana,2024-09-14
102995,Hyderabad,Telangana,2024-10-06
102996,Chennai,Tamil Nadu,2023-11-23
102997,Ahmedabad,Gujarat,2025-06-26
102998,Mysuru,Karnataka,2024-11-11
102999,Thiruvananthapuram,Kerala,2023-06-14
103000,Mumbai,Maharashtra,2025-04-20
103001,Howrah,West Bengal,2024-11-04
103002,Surat,Gujarat,2023-10-11
103003,Mysuru,Karnataka,2025-05-13
103004,Ghaziabad,Uttar Pradesh,2023-08-15
103005,Pune,Maharashtra,2024-08-10
103006,Noida,Uttar Pradesh,2024-09-02
103007,Warangal,Telangana,2025-05-27
103008,Mumbai,Maharashtra,2024-06-03
103009,Nashik,Maharashtra,2025-06-24
103010,Ghaziabad,Uttar Pradesh,2023-09-17
103011,Mangaluru,Karnataka,2024-12-31
103012,Jaipur,Rajasthan,2023-08-12
103013,Kanpur,Uttar Pradesh,2025-06-29
103014,Ghaziabad,Uttar Pradesh,2024-11-26
103015,Bengaluru,Karnataka,2024-07-24
103016,Lucknow,Uttar Pradesh,2023-03-02
103017,Jaipur,Rajasthan,2024-03-28
103018,Nagpur,Maharashtra,2023-05-12
103019,New Delhi,Delhi,2025-04-15
103020,Mangaluru,Karnataka,2023-12-12
103021,New Delhi,Delhi,2025-01-27
103022,Ghaziabad,Uttar Pradesh,2025-04-05
103023,Coimbatore,Tamil Nadu,2023-04-11
103024,Hyderabad,Telangana,2024-11-22
103025,New Delhi,Delhi,2023-10-03
103026,Mumbai,Maharashtra,2023-04-10
103027,Mangaluru,Karnataka,2023-08-26
103028,Kolkata,West Bengal,2024-05-16
103029,Surat,Gujarat,2025-02-18
103030,New Delhi,Delhi,2024-09-22
103031,Kanpur,Uttar Pradesh,2023-08-01
103032,Nashik,Maharashtra,2023-09-27
103033,Bengaluru,Karnataka,2023-10-04
103034,Bengaluru,Karnataka,2024-11-01
103035,Thiruvananthapuram,Kerala,2024-04-17
103036,Lucknow,Uttar Pradesh,2023-01-22
103037,Vadodara,Gujarat,2023-03-11
103038,Mumbai,Maharashtra,2023-03-10
103039,Bengaluru,Karnataka,2025-05-25
103040,Vadodara,Gujarat,2024-04-04
103041,New Delhi,Delhi,2024-03-23
103042,Udaipur,Rajasthan,2024-11-24
103043,Noida,Uttar Pradesh,2023-06-23
103044,Madurai,Tamil Nadu,2023-01-29
103045,Noida,Uttar Pradesh,2023-09-04
103046,Kochi,Kerala,2023-07-09
103047,Madurai,Tamil Nadu,2024-12-28
103048,Ahmedabad,Gujarat,2025-01-15
103049,Jaipur,Rajasthan,2024-07-31
103050,Bengaluru,Karnataka,2025-04-08
103051,Udaipur,Rajasthan,2024-02-28
103052,Mumbai,Maharashtra,2023-08-08
103053,Ahmedabad,Gujarat,2023-10-30
103054,Lucknow,Uttar Pradesh,2023-05-10
103055,Surat,Gujarat,2025-03-31
103056,Coimbatore,Tamil Nadu,2024-07-04
103057,Ahmedabad,Gujarat,2024-12-04
103058,Pune,Maharashtra,2024-10-16
103059,Mysuru,Karnataka,2023-10-29
103060,Mysuru,Karnataka,2024-02-11
103061,Surat,Gujarat,2024-08-16
103062,Chennai,Tamil Nadu,2025-06-12
103063,Mysuru,Karnataka,2024-05-23
103064,Udaipur,Rajasthan,2024-10-08
103065,New Delhi,Delhi,2024-06-25
103066,Chennai,Tamil Nadu,2024-01-21
103067,New Delhi,Delhi,2025-04-29
103068,Bengaluru,Karnataka,2025-05-25
103069,Noida,Uttar Pradesh,2023-10-10
103070,Madurai,Tamil Nadu,2025-03-27
103071,Nagpur,Maharashtra,2024-02-16
103072,Thiruvananthapuram,Kerala,2024-11-05
103073,Kolkata,West Bengal,2024-04-16
103074,Lucknow,Uttar Pradesh,2024-11-29
103075,Kolkata,West Bengal,2025-03-05
103076,Udaipur,Rajasthan,2024-01-21
103077,New Delhi,Delhi,2024-09-30
103078,Surat,Gujarat,2024-04-07
103079,Surat,Gujarat,2024-12-28
103080,Mysuru,Karnataka,2023-06-24
103081,Mangaluru,Karnataka,2024-10-26
103082,Nagpur,Maharashtra,2024-06-26
103083,Vadodara,Gujarat,2024-02-16
103084,Lucknow,Uttar Pradesh,2023-12-03
103085,Ghaziabad,Uttar Pradesh,2024-10-01
103086,New Delhi,Delhi,2023-11-13
103087,Mangaluru,Karnataka,2023-01-30
103088,Coimbatore,Tamil Nadu,2024-02-13
103089,Warangal,Telangana,2023-05-31
103090,Udaipur,Rajasthan,2023-07-25
103091,Howrah,West Bengal,2025-01-26
103092,Jaipur,Rajasthan,2023-10-30
103093,Howrah,West Bengal,2023-09-14
103094,Kochi,Kerala,2024-03-19
103095,Chennai,Tamil Nadu,2023-01-27
103096,Pune,Maharashtra,2024-05-25
103097,Nashik,Maharashtra,2023-02-06
103098,New Delhi,Delhi,2025-01-31
103099,Mangaluru,Karnataka,2024-01-26
103100,Nashik,Maharashtra,2023-07-18
103101,Thiruvananthapuram,Kerala,2024-02-19
103102,Mysuru,Karnataka,2023-06-09
103103,Thiruvananthapuram,Kerala,2023-10-19
103104,Noida,Uttar Pradesh,2023-04-30
103105,Ahmedabad,Gujarat,2024-09-01
103106,Ahmedabad,Gujarat,2025-06-08
103107,New Delhi,Delhi,2024-03-18
103108,Vadodara,Gujarat,2023-03-31
103109,Mysuru,Karnataka,2023-03-09
103110,Udaipur,Rajasthan,2025-01-28
103111,Mysuru,Karnataka,2023-11-14
103112,Mysuru,Karnataka,2023-09-27
103113,Kanpur,Uttar Pradesh,2023-04-03
103114,Surat,Gujarat,2024-08-27
103115,Coimbatore,Tamil Nadu,2023-02-27
103116,Ahmedabad,Gujarat,2025-04-03
103117,Nagpur,Maharashtra,2023-07-09
103118,Ahmedabad,Gujarat,2023-03-04
103119,Bengaluru,Karnataka,2024-09-30
103120,Bengaluru,Karnataka,2023-11-19
103121,Mumbai,Maharashtra,2024-09-26
103122,New Delhi,Delhi,2023-02-06
103123,New Delhi,Delhi,2025-02-23
103124,Chennai,Tamil Nadu,2023-10-10
103125,Bengaluru,Karnataka,2024-11-20
103126,Bengaluru,Karnataka,2025-05-02
103127,Warangal,Telangana,2024-05-02
103128,Mumbai,Maharashtra,2023-11-01
103129,Surat,Gujarat,2023-10-12
103130,Jaipur,Rajasthan,2024-09-17
103131,Madurai,Tamil Nadu,2023-01-06
103132,Jaipur,Rajasthan,2023-05-14
103133,Nagpur,Maharashtra,2023-01-24
103134,Nagpur,Maharashtra,2023-09-21
103135,Ghaziabad,Uttar Pradesh,2024-08-13
103136,Kanpur,Uttar Pradesh,2023-08-16
103137,Howrah,West Bengal,2025-04-27
103138,Nashik,Maharashtra,2025-06-07
103139,Ghaziabad,Uttar Pradesh,2023-01-31
103140,New Delhi,Delhi,2023-06-08
103141,Mysuru,Karnataka,2025-04-06
103142,Nashik,Maharashtra,2023-01-30
103143,Thiruvananthapuram,Kerala,2024-03-19
103144,Nagpur,Maharashtra,2025-05-14
103145,Howrah,West Bengal,2024-06-20
103146,Ahmedabad,Gujarat,2023-10-06
103147,Kanpur,Uttar Pradesh,2023-01-06
103148,Kanpur,Uttar Pradesh,2023-12-25
103149,Howrah,West Bengal,2024-05-08
103150,Bengaluru,Karnataka,2023-03-15
103151,Nashik,Maharashtra,2024-04-26
103152,Ahmedabad,Gujarat,2024-01-04
103153,New Delhi,Delhi,2023-10-24
103154,Pune,Maharashtra,2025-06-04
103155,Mangaluru,Karnataka,2025-03-25
103156,New Delhi,Delhi,2024-09-24
103157,Pune,Maharashtra,2024-06-22
103158,Nashik,Maharashtra,2024-03-07
103159,Udaipur,Rajasthan,2023-03-06
103160,New Delhi,Delhi,2023-10-08
103161,Kochi,Kerala,2023-01-10
103162,Kochi,Kerala,2023-11-30
103163,Mumbai,Maharashtra,2024-03-07
103164,Kanpur,Uttar Pradesh,2024-07-10
103165,Vadodara,Gujarat,2023-11-20
103166,Kanpur,Uttar Pradesh,2023-08-20
103167,Mumbai,Maharashtra,2024-10-08
103168,Bengaluru,Karnataka,2023-05-19
103169,Mumbai,Maharashtra,2023-04-25
103170,Surat,Gujarat,2024-09-26
103171,Thiruvananthapuram,Kerala,2024-06-17
103172,Ahmedabad,Gujarat,2025-03-03
103173,Ghaziabad,Uttar Pradesh,2024-11-04
103174,Kochi,Kerala,2025-04-01
103175,Surat,Gujarat,2024-08-28
103176,Nagpur,Maharashtra,2025-02-05
103177,Howrah,West Bengal,2023-06-04
103178,New Delhi,Delhi,2024-04-28
103179,Pune,Maharashtra,2025-05-10
103180,Coimbatore,Tamil Nadu,2024-12-19
103181,Jaipur,Rajasthan,2024-01-03
103182,Bengaluru,Karnataka,2025-04-23
103183,Chennai,Tamil Nadu,2023-01-22
103184,Nashik,Maharashtra,2024-12-26
103185,Nashik,Maharashtra,2024-01-11
103186,Nashik,Maharashtra,2023-02-01
103187,Lucknow,Uttar Pradesh,2023-07-05
103188,Kolkata,West Bengal,2023-03-07
103189,Mumbai,Maharashtra,2025-06-27
103190,Bengaluru,Karnataka,2025-02-11
103191,Mysuru,Karnataka,2025-04-26
103192,Pune,Maharashtra,2023-06-15
103193,Warangal,Telangana,2024-12-31
103194,Noida,Uttar Pradesh,2024-05-28
103195,Surat,Gujarat,2023-09-27
103196,New Delhi,Delhi,2024-09-01
103197,Hyderabad,Telangana,2025-05-17
103198,Pune,Maharashtra,2024-02-24
103199,Mumbai,Maharashtra,2023-01-27
103200,Jaipur,Rajasthan,2025-02-06
103201,Ghaziabad,Uttar Pradesh,2023-06-21
103202,Udaipur,Rajasthan,2023-06-16
103203,Jaipur,Rajasthan,2024-07-15
103204,Surat,Gujarat,2024-12-28
103205,Udaipur,Rajasthan,2024-12-23
103206,Coimbatore,Tamil Nadu,2025-03-01
103207,Nagpur,Maharashtra,2025-03-15
103208,Pune,Maharashtra,2023-04-27
103209,Nashik,Maharashtra,2023-10-01
103210,Nagpur,Maharashtra,2024-10-18
103211,New Delhi,Delhi,2023-12-23
103212,Ghaziabad,Uttar Pradesh,2024-10-14
103213,Ghaziabad,Uttar Pradesh,2024-02-19
103214,Surat,Gujarat,2024-02-16
103215,Pune,Maharashtra,2023-01-25
103216,Noida,Uttar Pradesh,2024-07-08
103217,New Delhi,Delhi,2025-02-26
103218,Nagpur,Maharashtra,2025-01-15
103219,Mangaluru,Karnataka,2023-11-04
103220,New Delhi,Delhi,2024-09-08
103221,Mysuru,Karnataka,2023-07-01
103222,Kolkata,West Bengal,2024-07-31
103223,Ghaziabad,Uttar Pradesh,2024-01-08
103224,Noida,Uttar Pradesh,2025-04-24
103225,Nagpur,Maharashtra,2024-10-09
103226,Noida,Uttar Pradesh,2023-03-08
103227,Ahmedabad,Gujarat,2025-03-04
103228,Mangaluru,Karnataka,2024-10-21
103229,Vadodara,Gujarat,2023-07-16
103230,Chennai,Tamil Nadu,2023-09-15
103231,Chennai,Tamil Nadu,2023-06-07
103232,Pune,Maharashtra,2023-10-10
103233,Warangal,Telangana,2025-05-09
103234,Pune,Maharashtra,2025-04-01
103235,Nashik,Maharashtra,2024-05-16
103236,Nagpur,Maharashtra,2023-11-26
103237,Thiruvananthapuram,Kerala,2023-11-30
103238,Bengaluru,Karnataka,2025-05-21
103239,New Delhi,Delhi,2023-07-01
103240,New Delhi,Delhi,2024-11-21
103241,Udaipur,Rajasthan,2025-06-25
103242,Warangal,Telangana,2025-02-18
103243,Jaipur,Rajasthan,2024-10-17
103244,Mangaluru,Karnataka,2025-03-30
103245,Nashik,Maharashtra,2023-07-18
103246,Hyderabad,Telangana,2025-06-15
103247,New Delhi,Delhi,2023-03-25
103248,Ghaziabad,Uttar Pradesh,2023-01-13
103249,Kolkata,West Bengal,2024-07-08
103250,Chennai,Tamil Nadu,2023-08-14
103251,Thiruvananthapuram,Kerala,2024-07-31
103252,Hyderabad,Telangana,2023-04-12
103253,Mangaluru,Karnataka,2024-09-27
103254,Chennai,Tamil Nadu,2023-07-29
103255,Pune,Maharashtra,2024-04-21
103256,Kanpur,Uttar Pradesh,2023-04-17
103257,Pune,Maharashtra,2025-06-02
103258,Mangaluru,Karnataka,2023-12-11
103259,Hyderabad,Telangana,2024-07-04
103260,Mumbai,Maharashtra,2024-03-18
103261,Mumbai,Maharashtra,2024-06-26
103262,Lucknow,Uttar Pradesh,2024-02-19
103263,Mumbai,Maharashtra,2023-03-08
103264,Coimbatore,Tamil Nadu,2025-01-25
103265,New Delhi,Delhi,2024-08-08
103266,Bengaluru,Karnataka,2023-08-20
103267,Mangaluru,Karnataka,2023-03-18
103268,Noida,Uttar Pradesh,2025-03-19
103269,Thiruvananthapuram,Kerala,2023-10-30
103270,Nashik,Maharashtra,2025-04-07
103271,Thiruvananthapuram,Kerala,2024-11-28
103272,Vadodara,Gujarat,2025-05-24
103273,Vadodara,Gujarat,2024-08-24
103274,Ghaziabad,Uttar Pradesh,2023-06-14
103275,Kanpur,Uttar Pradesh,2023-02-02
103276,Howrah,West Bengal,2023-08-12
103277,Coimbatore,Tamil Nadu,2024-02-05
103278,Warangal,Telangana,2024-07-22
103279,New Delhi,Delhi,2025-03-27
103280,Pune,Maharashtra,2023-05-09
103281,Ahmedabad,Gujarat,2024-08-01
103282,Nashik,Maharashtra,2023-03-20
103283,Mangaluru,Karnataka,2024-03-14
103284,Nagpur,Maharashtra,2023-03-09
103285,Bengaluru,Karnataka,2023-12-07
103286,Vadodara,Gujarat,2024-07-06
103287,Surat,Gujarat,2024-11-04
103288,Chennai,Tamil Nadu,2025-01-03
103289,Nashik,Maharashtra,2024-04-22
103290,Madurai,Tamil Nadu,2023-08-24
103291,New Delhi,Delhi,2025-04-11
103292,Ghaziabad,Uttar Pradesh,2025-04-30
103293,Hyderabad,Telangana,2025-05-31
103294,Chennai,Tamil Nadu,2024-12-22
103295,Chennai,Tamil Nadu,2024-12-09
103296,Thiruvananthapuram,Kerala,2023-03-12
103297,Ghaziabad,Uttar Pradesh,2024-06-05
103298,Chennai,Tamil Nadu,2024-01-07
103299,Madurai,Tamil Nadu,2023-08-24
103300,Mumbai,Maharashtra,2023-03-03
103301,Udaipur,Rajasthan,2023-07-14
103302,New Delhi,Delhi,2025-04-13
103303,Bengaluru,Karnataka,2025-04-07
103304,Thiruvananthapuram,Kerala,2024-11-07
103305,Noida,Uttar Pradesh,2023-04-03
103306,Pune,Maharashtra,2024-09-17
103307,Nagpur,Maharashtra,2023-04-26
103308,Nashik,Maharashtra,2024-09-13
103309,Surat,Gujarat,2023-01-31
103310,Nashik,Maharashtra,2023-09-17
103311,Jaipur,Rajasthan,2023-04-22
103312,Jaipur,Rajasthan,2025-04-30
103313,Warangal,Telangana,2024-06-02
103314,Ahmedabad,Gujarat,2025-04-20
103315,Mysuru,Karnataka,2023-01-19
103316,Pune,Maharashtra,2024-11-04
103317,Lucknow,Uttar Pradesh,2024-03-13
103318,Nashik,Maharashtra,2024-03-03
103319,Nagpur,Maharashtra,2025-03-06
103320,New Delhi,Delhi,2025-05-10
103321,Nagpur,Maharashtra,2023-01-26
103322,Coimbatore,Tamil Nadu,2023-11-27
103323,Ghaziabad,Uttar Pradesh,2023-05-06
103324,Lucknow,Uttar Pradesh,2024-04-21
103325,Vadodara,Gujarat,2024-06-26
103326,Howrah,West Bengal,2024-08-07
103327,New Delhi,Delhi,2024-12-28
103328,Howrah,West Bengal,2024-11-15
103329,Madurai,Tamil Nadu,2025-05-14
103330,Bengaluru,Karnataka,2024-02-14
103331,Jaipur,Rajasthan,2023-06-09
103332,Bengaluru,Karnataka,2023-05-22
103333,Pune,Maharashtra,2023-09-09
103334,Mysuru,Karnataka,2024-07-03
103335,New Delhi,Delhi,2023-02-19
103336,New Delhi,Delhi,2025-05-19
103337,Hyderabad,Telangana,2025-06-20
103338,Udaipur,Rajasthan,2023-05-31
103339,Mangaluru,Karnataka,2024-12-12
103340,Warangal,Telangana,2024-06-27
103341,New Delhi,Delhi,2024-03-13
103342,Kolkata,West Bengal,2024-10-31
103343,Nashik,Maharashtra,2024-06-08
103344,Pune,Maharashtra,2023-10-22
103345,Chennai,Tamil Nadu,2024-05-27
103346,Vadodara,Gujarat,2023-05-04
103347,Ghaziabad,Uttar Pradesh,2023-08-20
103348,Warangal,Telangana,2025-06-05
103349,Noida,Uttar Pradesh,2023-06-18
103350,New Delhi,Delhi,2024-06-28
103351,Mumbai,Maharashtra,2023-09-28
103352,Nashik,Maharashtra,2024-02-28
103353,Pune,Maharashtra,2023-08-14
103354,New Delhi,Delhi,2024-06-02
103355,Madurai,Tamil Nadu,2024-05-22
103356,New Delhi,Delhi,2024-07-16
103357,Hyderabad,Telangana,2023-10-08
103358,Coimbatore,Tamil Nadu,2024-06-11
103359,Vadodara,Gujarat,2024-10-26
103360,Surat,Gujarat,2024-10-17
103361,New Delhi,Delhi,2024-06-01
103362,New Delhi,Delhi,2023-09-30
103363,Hyderabad,Telangana,2024-04-29
103364,Surat,Gujarat,2024-05-04
103365,New Delhi,Delhi,2025-05-16
103366,New Delhi,Delhi,2023-12-10
103367,Noida,Uttar Pradesh,2023-10-21
103368,Surat,Gujarat,2024-11-14
103369,Nagpur,Maharashtra,2024-08-01
103370,Chennai,Tamil Nadu,2024-01-25
103371,Jaipur,Rajasthan,2023-01-01
103372,Nagpur,Maharashtra,2024-10-04
103373,Kolkata,West Bengal,2024-11-02
103374,Nashik,Maharashtra,2025-04-27
103375,Madurai,Tamil Nadu,2024-04-02
103376,Coimbatore,Tamil Nadu,2024-04-14
103377,Mumbai,Maharashtra,2023-07-09
103378,Udaipur,Rajasthan,2024-02-23
103379,Madurai,Tamil Nadu,2023-01-02
103380,Kochi,Kerala,2024-04-01
103381,Mangaluru,Karnataka,2024-10-06
103382,Howrah,West Bengal,2024-12-16
103383,Jaipur,Rajasthan,2024-08-26
103384,Hyderabad,Telangana,2025-01-03
103385,Mangaluru,Karnataka,2024-08-29
103386,Vadodara,Gujarat,2024-12-11
103387,Warangal,Telangana,2024-02-03
103388,Udaipur,Rajasthan,2024-07-02
103389,Coimbatore,Tamil Nadu,2024-08-05
103390,Mysuru,Karnataka,2024-06-05
103391,Nagpur,Maharashtra,2024-06-04
103392,Ghaziabad,Uttar Pradesh,2024-12-13
103393,Kochi,Kerala,2023-08-06
103394,Mumbai,Maharashtra,2023-10-16
103395,Noida,Uttar Pradesh,2024-04-17
103396,Udaipur,Rajasthan,2024-08-10
103397,Nagpur,Maharashtra,2024-04-13
103398,Mumbai,Maharashtra,2023-07-01
103399,Noida,Uttar Pradesh,2025-01-20
103400,Ahmedabad,Gujarat,2024-05-12
103401,Mumbai,Maharashtra,2024-01-30
103402,Howrah,West Bengal,2025-03-10
103403,Hyderabad,Telangana,2024-02-02
103404,Jaipur,Rajasthan,2023-05-28
103405,Kolkata,West Bengal,2025-06-15
103406,Howrah,West Bengal,2023-12-15
103407,Warangal,Telangana,2025-03-25
103408,Mysuru,Karnataka,2024-04-15
103409,Madurai,Tamil Nadu,2023-08-09
103410,Nashik,Maharashtra,2023-12-10
103411,Vadodara,Gujarat,2025-04-09
103412,Nagpur,Maharashtra,2025-05-10
103413,Hyderabad,Telangana,2023-05-06
103414,Pune,Maharashtra,2025-06-18
103415,Mysuru,Karnataka,2025-02-16
103416,Mangaluru,Karnataka,2024-08-13
103417,Vadodara,Gujarat,2023-06-17
103418,Kanpur,Uttar Pradesh,2024-06-18
103419,Pune,Maharashtra,2024-01-23
103420,Howrah,West Bengal,2023-04-24
103421,Howrah,West Bengal,2025-06-15
103422,New Delhi,Delhi,2024-07-03
103423,Vadodara,Gujarat,2023-03-30
103424,New Delhi,Delhi,2023-11-08
103425,Nagpur,Maharashtra,2025-02-04
103426,Warangal,Telangana,2024-02-07
103427,Pune,Maharashtra,2024-03-26
103428,Kolkata,West Bengal,2023-05-10
103429,Jaipur,Rajasthan,2023-04-12
103430,Kolkata,West Bengal,2025-06-09
103431,Warangal,Telangana,2025-05-17
103432,Hyderabad,Telangana,2023-03-28
103433,Kochi,Kerala,2024-05-15
103434,Bengaluru,Karnataka,2024-09-12
103435,Nashik,Maharashtra,2025-03-13
103436,Hyderabad,Telangana,2024-05-24
103437,New Delhi,Delhi,2025-03-02
103438,New Delhi,Delhi,2023-04-21
103439,Nagpur,Maharashtra,2023-01-14
103440,Vadodara,Gujarat,2024-02-28
103441,Bengaluru,Karnataka,2023-08-30
103442,Mangaluru,Karnataka,2024-11-18
103443,Nagpur,Maharashtra,2023-11-03
103444,New Delhi,Delhi,2024-01-06
103445,Howrah,West Bengal,2024-05-02
103446,New Delhi,Delhi,2025-05-25
103447,Surat,Gujarat,2023-03-07
103448,Kanpur,Uttar Pradesh,2024-05-18
103449,New Delhi,Delhi,2023-12-21
103450,Kolkata,West Bengal,2023-02-02
103451,Lucknow,Uttar Pradesh,2025-01-12
103452,Warangal,Telangana,2025-04-12
103453,Pune,Maharashtra,2023-06-07
103454,Nagpur,Maharashtra,2024-11-23
103455,Thiruvananthapuram,Kerala,2024-09-30
103456,Kanpur,Uttar Pradesh,2024-10-04
103457,Jaipur,Rajasthan,2024-02-24
103458,Udaipur,Rajasthan,2023-10-19
103459,Nashik,Maharashtra,2023-03-06
103460,Kanpur,Uttar Pradesh,2023-02-01
103461,Chennai,Tamil Nadu,2023-06-11
103462,Lucknow,Uttar Pradesh,2024-04-25
103463,Pune,Maharashtra,2023-05-09
103464,Bengaluru,Karnataka,2024-09-17
103465,Lucknow,Uttar Pradesh,2024-07-18
103466,Noida,Uttar Pradesh,2023-11-10
103467,Vadodara,Gujarat,2023-03-21
103468,Mysuru,Karnataka,2024-04-16
103469,New Delhi,Delhi,2025-01-19
103470,Thiruvananthapuram,Kerala,2023-12-25
103471,Coimbatore,Tamil Nadu,2025-01-04
103472,Madurai,Tamil Nadu,2023-09-18
103473,Warangal,Telangana,2023-03-14
103474,New Delhi,Delhi,2024-08-15
103475,Hyderabad,Telangana,2025-03-20
103476,Coimbatore,Tamil Nadu,2025-03-15
103477,Howrah,West Bengal,2025-05-23
103478,Udaipur,Rajasthan,2023-04-09
103479,Jaipur,Rajasthan,2023-02-09
103480,Warangal,Telangana,2024-06-02
103481,Chennai,Tamil Nadu,2025-05-15
103482,Ghaziabad,Uttar Pradesh,2025-06-28
103483,Howrah,West Bengal,2023-09-12
103484,Hyderabad,Telangana,2023-12-08
103485,Noida,Uttar Pradesh,2024-08-28
103486,Ghaziabad,Uttar Pradesh,2025-04-12
103487,Surat,Gujarat,2023-06-09
103488,Ghaziabad,Uttar Pradesh,2025-06-07
103489,Mangaluru,Karnataka,2025-01-14
103490,Chennai,Tamil Nadu,2023-03-04
103491,Warangal,Telangana,2025-02-05
103492,Pune,Maharashtra,2024-08-07
103493,Howrah,West Bengal,2025-06-10
103494,Ahmedabad,Gujarat,2023-07-10
103495,Mumbai,Maharashtra,2025-06-23
103496,Howrah,West Bengal,2023-02-13
103497,Kanpur,Uttar Pradesh,2023-03-11
103498,Kanpur,Uttar Pradesh,2024-02-12
103499,New Delhi,Delhi,2024-08-22
103500,Kolkata,West Bengal,2023-06-02
103501,Coimbatore,Tamil Nadu,2023-09-06
103502,Warangal,Telangana,2023-12-22
103503,Nashik,Maharashtra,2023-04-25
103504,Vadodara,Gujarat,2023-06-10
103505,Lucknow,Uttar Pradesh,2023-05-16
103506,Warangal,Telangana,2025-05-19
103507,Coimbatore,Tamil Nadu,2025-05-03
103508,Ghaziabad,Uttar Pradesh,2024-07-26
103509,Vadodara,Gujarat,2024-09-14
103510,Bengaluru,Karnataka,2023-05-05
103511,Thiruvananthapuram,Kerala,2023-02-15
103512,Kanpur,Uttar Pradesh,2023-12-10
103513,Thiruvananthapuram,Kerala,2025-06-15
103514,Thiruvananthapuram,Kerala,2024-03-11
103515,Jaipur,Rajasthan,2025-01-05
103516,Ghaziabad,Uttar Pradesh,2023-12-03
103517,Ahmedabad,Gujarat,2023-10-09
103518,Nashik,Maharashtra,2025-01-09
103519,Hyderabad,Telangana,2024-03-04
103520,Ghaziabad,Uttar Pradesh,2024-10-28
103521,Hyderabad,Telangana,2024-10-23
103522,Kolkata,West Bengal,2024-10-24
103523,Mumbai,Maharashtra,2024-09-07
103524,New Delhi,Delhi,2025-01-07
103525,Chennai,Tamil Nadu,2024-02-26
103526,Madurai,Tamil Nadu,2023-10-04
103527,Nashik,Maharashtra,2024-04-11
103528,Nagpur,Maharashtra,2023-10-23
103529,Howrah,West Bengal,2023-02-09
103530,Coimbatore,Tamil Nadu,2023-11-26
103531,Nashik,Maharashtra,2024-04-01
103532,Pune,Maharashtra,2024-04-19
103533,Madurai,Tamil Nadu,2023-11-06
103534,Pune,Maharashtra,2024-10-22
103535,Lucknow,Uttar Pradesh,2023-09-17
103536,Lucknow,Uttar Pradesh,2024-08-12
103537,Mangaluru,Karnataka,2023-09-03
103538,Vadodara,Gujarat,2025-06-17
103539,Nashik,Maharashtra,2024-08-14
103540,Bengaluru,Karnataka,2024-05-22
103541,Jaipur,Rajasthan,2024-01-27
103542,Warangal,Telangana,2024-11-19
103543,Udaipur,Rajasthan,2024-01-23
103544,Bengaluru,Karnataka,2025-01-01
103545,New Delhi,Delhi,2023-05-26
103546,Madurai,Tamil Nadu,2025-01-17
103547,Chennai,Tamil Nadu,2025-05-26
103548,Thiruvananthapuram,Kerala,2023-08-10
103549,Nashik,Maharashtra,2023-07-23
103550,Howrah,West Bengal,2025-05-19
103551,Kolkata,West Bengal,2024-01-05
103552,Warangal,Telangana,2024-09-25
103553,New Delhi,Delhi,2023-06-23
103554,Hyderabad,Telangana,2024-01-25
103555,Mysuru,Karnataka,2024-10-02
103556,Kanpur,Uttar Pradesh,2025-03-26
103557,Chennai,Tamil Nadu,2024-02-02
103558,Jaipur,Rajasthan,2023-03-10
103559,Vadodara,Gujarat,2024-01-12
103560,Hyderabad,Telangana,2024-08-08
103561,Lucknow,Uttar Pradesh,2025-03-08
103562,Chennai,Tamil Nadu,2025-01-29
103563,Udaipur,Rajasthan,2024-11-22
103564,Bengaluru,Karnataka,2023-05-31
103565,Kochi,Kerala,2024-04-18
103566,Howrah,West Bengal,2024-06-08
103567,Kolkata,West Bengal,2024-03-02
103568,Chennai,Tamil Nadu,2025-04-20
103569,Howrah,West Bengal,2025-05-24
103570,Mangaluru,Karnataka,2023-07-11
103571,Noida,Uttar Pradesh,2025-05-21
103572,Nashik,Maharashtra,2025-02-10
103573,Mysuru,Karnataka,2024-10-04
103574,Chennai,Tamil Nadu,2023-12-14
103575,New Delhi,Delhi,2024-11-23
103576,New Delhi,Delhi,2024-06-18
103577,Howrah,West Bengal,2025-03-30
103578,Mysuru,Karnataka,2024-10-09
103579,Lucknow,Uttar Pradesh,2025-05-28
103580,Mumbai,Maharashtra,2024-01-17
103581,Ghaziabad,Uttar Pradesh,2023-03-16
103582,Lucknow,Uttar Pradesh,2024-03-24
103583,New Delhi,Delhi,2025-06-27
103584,Kanpur,Uttar Pradesh,2024-08-19
103585,Jaipur,Rajasthan,2024-10-02
103586,Ghaziabad,Uttar Pradesh,2024-07-23
103587,New Delhi,Delhi,2024-06-23
103588,Madurai,Tamil Nadu,2023-02-25
103589,Kanpur,Uttar Pradesh,2024-01-12
103590,Mysuru,Karnataka,2023-03-20
103591,Kanpur,Uttar Pradesh,2023-11-03
103592,New Delhi,Delhi,2024-10-17
103593,Lucknow,Uttar Pradesh,2025-01-02
103594,Nashik,Maharashtra,2023-07-23
103595,Nagpur,Maharashtra,2024-08-19
103596,Kochi,Kerala,2023-07-26
103597,Howrah,West Bengal,2023-07-02
103598,Jaipur,Rajasthan,2025-05-24
103599,Kochi,Kerala,2024-07-09
103600,Coimbatore,Tamil Nadu,2023-06-29
103601,Bengaluru,Karnataka,2023-05-09
103602,Nashik,Maharashtra,2023-02-15
103603,Madurai,Tamil Nadu,2024-03-28
103604,Bengaluru,Karnataka,2023-04-03
103605,Jaipur,Rajasthan,2024-06-15
103606,Pune,Maharashtra,2024-01-31
103607,Nagpur,Maharashtra,2024-08-02
103608,Mysuru,Karnataka,2023-07-09
103609,Mangaluru,Karnataka,2023-05-13
103610,Bengaluru,Karnataka,2023-04-02
103611,Surat,Gujarat,2023-03-29
103612,New Delhi,Delhi,2023-03-07
103613,Ahmedabad,Gujarat,2023-08-24
103614,Jaipur,Rajasthan,2024-12-30
103615,Vadodara,Gujarat,2024-07-07
103616,Noida,Uttar Pradesh,2023-08-17
103617,New Delhi,Delhi,2025-04-28
103618,Mumbai,Maharashtra,2024-11-24
103619,New Delhi,Delhi,2024-12-10
103620,Kochi,Kerala,2025-03-29
103621,Vadodara,Gujarat,2024-11-10
103622,Mysuru,Karnataka,2025-05-21
103623,Chennai,Tamil Nadu,2023-10-28
103624,Howrah,West Bengal,2025-02-18
103625,Surat,Gujarat,2023-04-12
103626,Warangal,Telangana,2023-10-01
103627,Jaipur,Rajasthan,2025-03-23
103628,Vadodara,Gujarat,2023-05-02
103629,Ahmedabad,Gujarat,2024-04-01
103630,Mangaluru,Karnataka,2023-11-07
103631,Pune,Maharashtra,2023-04-02
103632,Thiruvananthapuram,Kerala,2023-08-03
103633,Surat,Gujarat,2024-05-02
103634,Chennai,Tamil Nadu,2024-07-28
103635,Hyderabad,Telangana,2024-09-07
103636,Pune,Maharashtra,2023-04-30
103637,Kolkata,West Bengal,2023-10-19
103638,Mysuru,Karnataka,2023-04-05
103639,Noida,Uttar Pradesh,2023-01-09
103640,Warangal,Telangana,2023-12-22
103641,Bengaluru,Karnataka,2024-07-20
103642,Mumbai,Maharashtra,2023-12-04
103643,Kolkata,West Bengal,2023-02-06
103644,Nagpur,Maharashtra,2023-07-20
103645,Pune,Maharashtra,2024-01-30
103646,Lucknow,Uttar Pradesh,2023-11-21
103647,New Delhi,Delhi,2025-01-21
103648,New Delhi,Delhi,2024-06-28
103649,Mysuru,Karnataka,2025-06-28
103650,Kolkata,West Bengal,2023-06-09
103651,Mysuru,Karnataka,2023-12-04
103652,Mangaluru,Karnataka,2023-03-21
103653,Mysuru,Karnataka,2023-01-19
103654,Mysuru,Karnataka,2025-04-21
103655,New Delhi,Delhi,2024-03-25
103656,Nagpur,Maharashtra,2024-08-24
103657,Nagpur,Maharashtra,2023-09-09
103658,Madurai,Tamil Nadu,2023-02-16
103659,Howrah,West Bengal,2025-03-24
103660,Mumbai,Maharashtra,2024-08-22
103661,Mysuru,Karnataka,2024-10-10
103662,Udaipur,Rajasthan,2024-04-30
103663,Jaipur,Rajasthan,2024-01-04
103664,Ahmedabad,Gujarat,2024-01-20
103665,Mysuru,Karnataka,2024-11-25
103666,Madurai,Tamil Nadu,2023-07-27
103667,Mysuru,Karnataka,2023-11-07
103668,Nagpur,Maharashtra,2023-10-08
103669,New Delhi,Delhi,2024-04-20
103670,Warangal,Telangana,2025-05-31
103671,New Delhi,Delhi,2025-04-20
103672,Surat,Gujarat,2024-05-11
103673,Bengaluru,Karnataka,2023-07-02
103674,New Delhi,Delhi,2025-05-06
103675,Lucknow,Uttar Pradesh,2023-10-13
103676,Howrah,West Bengal,2023-11-21
103677,New Delhi,Delhi,2025-03-17
103678,Warangal,Telangana,2023-08-28
103679,Mangaluru,Karnataka,2024-02-25
103680,Mumbai,Maharashtra,2025-04-15
103681,Lucknow,Uttar Pradesh,2023-10-17
103682,Mumbai,Maharashtra,2024-07-22
103683,Chennai,Tamil Nadu,2023-02-03
103684,Madurai,Tamil Nadu,2025-06-25
103685,Mysuru,Karnataka,2024-01-17
103686,Mumbai,Maharashtra,2024-09-02
103687,New Delhi,Delhi,2024-04-01
103688,Thiruvananthapuram,Kerala,2024-01-31
103689,Vadodara,Gujarat,2024-01-06
103690,New Delhi,Delhi,2023-01-17
103691,Nagpur,Maharashtra,2023-09-10
103692,Vadodara,Gujarat,2023-12-13
103693,Nagpur,Maharashtra,2023-12-03
103694,Warangal,Telangana,2023-09-07
103695,Ghaziabad,Uttar Pradesh,2024-08-08
103696,Chennai,Tamil Nadu,2025-01-25
103697,Mysuru,Karnataka,2025-03-22
103698,Nagpur,Maharashtra,2025-06-04
103699,Nagpur,Maharashtra,2024-08-14
103700,Coimbatore,Tamil Nadu,2024-01-10
103701,Jaipur,Rajasthan,2024-08-11
103702,Bengaluru,Karnataka,2023-05-01
103703,Warangal,Telangana,2025-01-14
103704,Ahmedabad,Gujarat,2024-05-02
103705,Pune,Maharashtra,2023-05-31
103706,Pune,Maharashtra,2024-01-23
103707,New Delhi,Delhi,2023-10-02
103708,Vadodara,Gujarat,2023-11-15
103709,Coimbatore,Tamil Nadu,2023-02-16
103710,Noida,Uttar Pradesh,2023-01-15
103711,Howrah,West Bengal,2023-11-15
103712,Noida,Uttar Pradesh,2023-10-02
103713,Kochi,Kerala,2025-06-28
103714,Lucknow,Uttar Pradesh,2023-08-28
103715,Kolkata,West Bengal,2023-10-28
103716,Howrah,West Bengal,2025-04-13
103717,Lucknow,Uttar Pradesh,2025-02-22
103718,Kanpur,Uttar Pradesh,2023-02-21
103719,Udaipur,Rajasthan,2023-03-20
103720,Coimbatore,Tamil Nadu,2023-03-28
103721,Vadodara,Gujarat,2024-06-05
103722,Hyderabad,Telangana,2023-11-17
103723,Howrah,West Bengal,2023-01-12
103724,Coimbatore,Tamil Nadu,2023-07-03
103725,Kolkata,West Bengal,2024-07-13
103726,Ghaziabad,Uttar Pradesh,2023-12-06
103727,Thiruvananthapuram,Kerala,2023-04-23
103728,Mangaluru,Karnataka,2024-08-16
103729,Noida,Uttar Pradesh,2024-07-12
103730,Ghaziabad,Uttar Pradesh,2024-03-22
103731,Jaipur,Rajasthan,2025-05-06
103732,Udaipur,Rajasthan,2025-02-08
103733,Warangal,Telangana,2023-02-06
103734,Hyderabad,Telangana,2025-04-04
103735,Pune,Maharashtra,2023-02-15
103736,Kochi,Kerala,2024-03-15
103737,Bengaluru,Karnataka,2025-04-01
103738,Kanpur,Uttar Pradesh,2025-06-13
103739,Lucknow,Uttar Pradesh,2023-01-21
103740,Coimbatore,Tamil Nadu,2023-03-07
103741,Mangaluru,Karnataka,2023-08-08
103742,Bengaluru,Karnataka,2023-09-09
103743,Kolkata,West Bengal,2023-09-12
103744,Warangal,Telangana,2024-01-15
103745,Mumbai,Maharashtra,2023-10-18
103746,Noida,Uttar Pradesh,2024-06-14
103747,Mysuru,Karnataka,2025-02-16
103748,Kolkata,West Bengal,2024-05-12
103749,Bengaluru,Karnataka,2023-10-30
103750,Bengaluru,Karnataka,2024-06-01
103751,Nagpur,Maharashtra,2024-07-19
103752,Warangal,Telangana,2025-03-27
103753,Madurai,Tamil Nadu,2023-09-10
103754,Kanpur,Uttar Pradesh,2025-04-16
103755,Madurai,Tamil Nadu,2025-01-14
103756,New Delhi,Delhi,2023-04-27
103757,Mysuru,Karnataka,2024-05-23
103758,Mysuru,Karnataka,2023-05-19
103759,Udaipur,Rajasthan,2024-03-22
103760,Pune,Maharashtra,2023-02-10
103761,Thiruvananthapuram,Kerala,2023-09-30
103762,New Delhi,Delhi,2024-06-19
103763,Nashik,Maharashtra,2023-10-05
103764,Mysuru,Karnataka,2023-01-10
103765,Nagpur,Maharashtra,2023-12-20
103766,Ghaziabad,Uttar Pradesh,2024-05-08
103767,Warangal,Telangana,2024-11-26
103768,New Delhi,Delhi,2023-05-05
103769,Ahmedabad,Gujarat,2024-03-10
103770,Vadodara,Gujarat,2023-07-01
103771,Udaipur,Rajasthan,2023-05-21
103772,Kochi,Kerala,2023-04-22
103773,Ahmedabad,Gujarat,2024-11-23
103774,Howrah,West Bengal,2025-04-17
103775,Lucknow,Uttar Pradesh,2024-08-27
103776,Chennai,Tamil Nadu,2023-12-11
103777,Kanpur,Uttar Pradesh,2025-05-14
103778,Nagpur,Maharashtra,2024-04-27
103779,Noida,Uttar Pradesh,2024-08-01
103780,Kochi,Kerala,2024-08-19
103781,Pune,Maharashtra,2024-03-24
103782,Howrah,West Bengal,2024-03-12
103783,Udaipur,Rajasthan,2023-10-17
103784,Bengaluru,Karnataka,2024-09-12
103785,Warangal,Telangana,2024-09-04
103786,Udaipur,Rajasthan,2024-02-02
103787,Kochi,Kerala,2024-10-10
103788,Nashik,Maharashtra,2023-05-06
103789,New Delhi,Delhi,2024-01-15
103790,Noida,Uttar Pradesh,2025-06-17
103791,Mysuru,Karnataka,2024-10-30
103792,New Delhi,Delhi,2024-10-18
103793,Pune,Maharashtra,2025-02-25
103794,Nagpur,Maharashtra,2024-07-08
103795,Warangal,Telangana,2024-08-26
103796,Vadodara,Gujarat,2024-03-14
103797,Vadodara,Gujarat,2025-01-22
103798,Ghaziabad,Uttar Pradesh,2024-10-10
103799,Chennai,Tamil Nadu,2024-04-21
103800,Mysuru,Karnataka,2023-04-26
103801,Nagpur,Maharashtra,2025-01-04
103802,Bengaluru,Karnataka,2023-10-25
103803,New Delhi,Delhi,2023-11-24
103804,Nagpur,Maharashtra,2023-04-24
103805,Nagpur,Maharashtra,2023-07-17
103806,Nashik,Maharashtra,2023-04-25
103807,Ahmedabad,Gujarat,2023-03-30
103808,Ahmedabad,Gujarat,2023-01-20
103809,Jaipur,Rajasthan,2023-09-26
103810,Kanpur,Uttar Pradesh,2024-11-19
103811,Warangal,Telangana,2025-02-25
103812,Nagpur,Maharashtra,2023-07-27
103813,Hyderabad,Telangana,2024-01-22
103814,Pune,Maharashtra,2025-01-27
103815,Coimbatore,Tamil Nadu,2024-10-05
103816,New Delhi,Delhi,2025-04-03
103817,Chennai,Tamil Nadu,2024-01-19
103818,Mangaluru,Karnataka,2023-06-03
103819,Ahmedabad,Gujarat,2023-05-11
103820,Howrah,West Bengal,2024-10-07
103821,Lucknow,Uttar Pradesh,2023-01-24
103822,Vadodara,Gujarat,2024-02-24
103823,Warangal,Telangana,2023-11-18
103824,Pune,Maharashtra,2025-04-17
103825,Kanpur,Uttar Pradesh,2025-06-28
103826,Hyderabad,Telangana,2024-03-17
103827,Bengaluru,Karnataka,2024-06-12
103828,New Delhi,Delhi,2023-12-12
103829,Jaipur,Rajasthan,2024-12-08
103830,Vadodara,Gujarat,2023-09-26
103831,Madurai,Tamil Nadu,2024-11-09
103832,Surat,Gujarat,2025-04-03
103833,Chennai,Tamil Nadu,2023-06-06
103834,Madurai,Tamil Nadu,2023-07-26
103835,Mysuru,Karnataka,2023-12-11
103836,Chennai,Tamil Nadu,2025-01-24
103837,Ahmedabad,Gujarat,2024-08-06
103838,Nashik,Maharashtra,2023-06-26
103839,Ghaziabad,Uttar Pradesh,2023-12-02
103840,Mangaluru,Karnataka,2024-08-09
103841,Ahmedabad,Gujarat,2025-05-28
103842,Vadodara,Gujarat,2024-02-15
103843,Ahmedabad,Gujarat,2023-04-06
103844,Vadodara,Gujarat,2023-01-27
103845,Thiruvananthapuram,Kerala,2023-04-25
103846,Coimbatore,Tamil Nadu,2024-01-11
103847,Noida,Uttar Pradesh,2023-09-14
103848,Kanpur,Uttar Pradesh,2023-10-02
103849,Bengaluru,Karnataka,2024-11-29
103850,Mysuru,Karnataka,2024-03-10
103851,Chennai,Tamil Nadu,2024-10-26
103852,Mysuru,Karnataka,2024-05-08
103853,New Delhi,Delhi,2023-07-06
103854,New Delhi,Delhi,2025-05-13
103855,Vadodara,Gujarat,2024-03-09
103856,Mangaluru,Karnataka,2025-01-31
103857,Lucknow,Uttar Pradesh,2023-03-30
103858,Chennai,Tamil Nadu,2025-02-12
103859,Ghaziabad,Uttar Pradesh,2024-10-14
103860,Pune,Maharashtra,2023-08-16
103861,Chennai,Tamil Nadu,2024-12-23
103862,Nashik,Maharashtra,2024-11-07
103863,Vadodara,Gujarat,2025-03-24
103864,New Delhi,Delhi,2023-07-11
103865,Jaipur,Rajasthan,2025-03-17
103866,New Delhi,Delhi,2024-11-25
103867,Hyderabad,Telangana,2023-11-04
103868,Bengaluru,Karnataka,2023-11-16
103869,Surat,Gujarat,2023-08-20
103870,Chennai,Tamil Nadu,2024-03-10
103871,New Delhi,Delhi,2025-03-27
103872,Mysuru,Karnataka,2025-02-02
103873,Nashik,Maharashtra,2023-05-14
103874,Mumbai,Maharashtra,2023-04-30
103875,Thiruvananthapuram,Kerala,2023-02-24
103876,Chennai,Tamil Nadu,2024-07-13
103877,Mumbai,Maharashtra,2023-10-14
103878,Thiruvananthapuram,Kerala,2024-11-24
103879,Nagpur,Maharashtra,2024-11-23
103880,Madurai,Tamil Nadu,2023-06-30
103881,Kanpur,Uttar Pradesh,2024-09-24
103882,Jaipur,Rajasthan,2024-11-27
103883,Kanpur,Uttar Pradesh,2025-06-18
103884,Madurai,Tamil Nadu,2024-10-20
103885,Thiruvananthapuram,Kerala,2023-11-24
103886,Pune,Maharashtra,2025-06-29
103887,Thiruvananthapuram,Kerala,2023-09-09
103888,Kolkata,West Bengal,2025-01-03
103889,Jaipur,Rajasthan,2023-12-11
103890,Bengaluru,Karnataka,2025-05-01
103891,Pune,Maharashtra,2024-12-13
103892,Ahmedabad,Gujarat,2024-06-30
103893,Warangal,Telangana,2023-07-15
103894,Warangal,Telangana,2023-06-21
103895,Jaipur,Rajasthan,2025-05-13
103896,Vadodara,Gujarat,2024-12-31
103897,New Delhi,Delhi,2024-04-11
103898,New Delhi,Delhi,2025-03-10
103899,Pune,Maharashtra,2024-12-14
103900,Mysuru,Karnataka,2023-12-20
103901,Mumbai,Maharashtra,2025-01-23
103902,Howrah,West Bengal,2024-12-26
103903,Noida,Uttar Pradesh,2024-03-12
103904,Hyderabad,Telangana,2023-01-18
103905,New Delhi,Delhi,2024-11-06
103906,Vadodara,Gujarat,2023-11-06
103907,Howrah,West Bengal,2023-11-29
103908,Jaipur,Rajasthan,2024-10-12
103909,Hyderabad,Telangana,2025-01-08
103910,Howrah,West Bengal,2023-03-22
103911,Hyderabad,Telangana,2025-01-20
103912,Madurai,Tamil Nadu,2023-09-24
103913,Howrah,West Bengal,2024-05-30
103914,New Delhi,Delhi,2025-03-02
103915,New Delhi,Delhi,2023-07-18
103916,Bengaluru,Karnataka,2023-07-21
103917,Warangal,Telangana,2025-06-02
103918,Hyderabad,Telangana,2023-12-06
103919,Vadodara,Gujarat,2025-05-12
103920,Coimbatore,Tamil Nadu,2023-11-22
103921,Bengaluru,Karnataka,2024-07-18
103922,Howrah,West Bengal,2024-04-09
103923,New Delhi,Delhi,2025-06-15
103924,Jaipur,Rajasthan,2024-05-16
103925,Mysuru,Karnataka,2024-04-03
103926,Warangal,Telangana,2024-02-29
103927,Warangal,Telangana,2023-12-09
103928,Kolkata,West Bengal,2024-02-05
103929,Mumbai,Maharashtra,2024-02-24
103930,Udaipur,Rajasthan,2024-11-26
103931,Hyderabad,Telangana,2023-02-11
103932,Warangal,Telangana,2024-04-01
103933,Hyderabad,Telangana,2024-05-15
103934,Nagpur,Maharashtra,2024-11-17
103935,Coimbatore,Tamil Nadu,2024-08-29
103936,Mangaluru,Karnataka,2024-01-29
103937,New Delhi,Delhi,2023-04-10
103938,Surat,Gujarat,2023-12-05
103939,Chennai,Tamil Nadu,2023-08-21
103940,Nashik,Maharashtra,2023-07-05
103941,Nashik,Maharashtra,2024-10-18
103942,Bengaluru,Karnataka,2024-03-11
103943,Bengaluru,Karnataka,2024-12-23
103944,Surat,Gujarat,2023-05-07
103945,Nashik,Maharashtra,2025-06-17
103946,Udaipur,Rajasthan,2024-03-07
103947,Bengaluru,Karnataka,2023-08-19
103948,Nagpur,Maharashtra,2023-11-27
103949,Kolkata,West Bengal,2025-02-05
103950,Mysuru,Karnataka,2024-10-08
103951,Coimbatore,Tamil Nadu,2023-06-06
103952,Kochi,Kerala,2025-06-21
103953,Jaipur,Rajasthan,2023-04-30
103954,Kanpur,Uttar Pradesh,2023-09-08
103955,Nagpur,Maharashtra,2024-10-26
103956,Ahmedabad,Gujarat,2024-04-27
103957,Kochi,Kerala,2024-02-11
103958,Udaipur,Rajasthan,2025-04-23
103959,Mumbai,Maharashtra,2024-12-24
103960,New Delhi,Delhi,2025-05-26
103961,New Delhi,Delhi,2023-09-15
103962,Mumbai,Maharashtra,2025-02-13
103963,Lucknow,Uttar Pradesh,2023-07-14
103964,Mangaluru,Karnataka,2025-01-04
103965,New Delhi,Delhi,2024-05-14
103966,Nashik,Maharashtra,2024-06-28
103967,Coimbatore,Tamil Nadu,2023-04-16
103968,Nashik,Maharashtra,2025-03-11
103969,Coimbatore,Tamil Nadu,2023-09-11
103970,Nashik,Maharashtra,2024-06-28
103971,Kochi,Kerala,2023-06-01
103972,Mumbai,Maharashtra,2025-04-23
103973,Warangal,Telangana,2023-10-19
103974,Mangaluru,Karnataka,2024-11-25
103975,Nagpur,Maharashtra,2024-11-28
103976,Mysuru,Karnataka,2024-05-16
103977,Pune,Maharashtra,2023-04-20
103978,Mumbai,Maharashtra,2023-09-12
103979,Coimbatore,Tamil Nadu,2024-07-11
103980,Vadodara,Gujarat,2024-05-03
103981,Mumbai,Maharashtra,2024-06-16
103982,Coimbatore,Tamil Nadu,2023-08-16
103983,Hyderabad,Telangana,2024-05-05
103984,Mysuru,Karnataka,2023-03-19
103985,New Delhi,Delhi,2024-03-17
103986,Nashik,Maharashtra,2023-03-25
103987,Mangaluru,Karnataka,2024-08-27
103988,Coimbatore,Tamil Nadu,2024-05-31
103989,Thiruvananthapuram,Kerala,2025-02-14
103990,Thiruvananthapuram,Kerala,2024-02-25
103991,Thiruvananthapuram,Kerala,2023-05-28
103992,Madurai,Tamil Nadu,2025-01-11
103993,Nagpur,Maharashtra,2025-05-22
103994,New Delhi,Delhi,2023-02-26
103995,Mangaluru,Karnataka,2024-09-08
103996,Pune,Maharashtra,2024-03-15
103997,Nagpur,Maharashtra,2023-08-23
103998,Madurai,Tamil Nadu,2024-04-10
103999,New Delhi,Delhi,2025-05-02
104000,Mysuru,Karnataka,2023-06-30
104001,Noida,Uttar Pradesh,2025-02-01
104002,New Delhi,Delhi,2023-03-23
104003,Howrah,West Bengal,2024-10-18
104004,Mangaluru,Karnataka,2023-03-10
104005,Hyderabad,Telangana,2023-02-25
104006,Mangaluru,Karnataka,2023-02-03
104007,Madurai,Tamil Nadu,2025-01-03
104008,Nagpur,Maharashtra,2024-06-06
104009,Nashik,Maharashtra,2024-09-20
104010,Vadodara,Gujarat,2023-05-22
104011,Mysuru,Karnataka,2025-04-19
104012,Nashik,Maharashtra,2025-01-06
104013,Udaipur,Rajasthan,2024-03-21
104014,Mumbai,Maharashtra,2025-03-29
104015,Warangal,Telangana,2023-05-11
104016,Hyderabad,Telangana,2023-09-24
104017,Mysuru,Karnataka,2023-02-14
104018,Madurai,Tamil Nadu,2023-05-30
104019,Nagpur,Maharashtra,2025-02-05
104020,Lucknow,Uttar Pradesh,2024-01-09
104021,Mysuru,Karnataka,2024-08-10
104022,Bengaluru,Karnataka,2025-03-14
104023,New Delhi,Delhi,2024-11-27
104024,Jaipur,Rajasthan,2023-12-31
104025,Ghaziabad,Uttar Pradesh,2023-11-14
104026,Jaipur,Rajasthan,2023-04-09
104027,Vadodara,Gujarat,2025-01-25
104028,Surat,Gujarat,2025-06-16
104029,Chennai,Tamil Nadu,2024-03-31
104030,Udaipur,Rajasthan,2024-03-31
104031,Hyderabad,Telangana,2025-02-11
104032,New Delhi,Delhi,2023-11-08
104033,Ahmedabad,Gujarat,2024-01-06
104034,Hyderabad,Telangana,2025-03-25
104035,Nashik,Maharashtra,2023-12-12
104036,New Delhi,Delhi,2025-04-24
104037,New Delhi,Delhi,2023-05-28
104038,Kolkata,West Bengal,2024-03-28
104039,New Delhi,Delhi,2024-03-22
104040,Howrah,West Bengal,2023-10-07
104041,Chennai,Tamil Nadu,2025-05-27
104042,Kanpur,Uttar Pradesh,2024-03-15
104043,Nagpur,Maharashtra,2025-03-11
104044,Jaipur,Rajasthan,2023-07-19
104045,Madurai,Tamil Nadu,2023-11-14
104046,Mysuru,Karnataka,2024-03-11
104047,Mangaluru,Karnataka,2024-05-28
104048,Bengaluru,Karnataka,2023-07-29
104049,New Delhi,Delhi,2023-10-13
104050,Ghaziabad,Uttar Pradesh,2024-07-20
104051,Jaipur,Rajasthan,2023-09-11
104052,Surat,Gujarat,2024-11-23
104053,Hyderabad,Telangana,2024-03-10
104054,Chennai,Tamil Nadu,2025-06-02
104055,Kolkata,West Bengal,2023-08-05
104056,Howrah,West Bengal,2025-02-06
104057,Bengaluru,Karnataka,2024-03-22
104058,Thiruvananthapuram,Kerala,2023-03-20
104059,New Delhi,Delhi,2024-10-04
104060,Kanpur,Uttar Pradesh,2023-07-12
104061,Kochi,Kerala,2023-05-07
104062,Lucknow,Uttar Pradesh,2024-04-29
104063,Pune,Maharashtra,2024-12-16
104064,Hyderabad,Telangana,2023-08-23
104065,Nagpur,Maharashtra,2024-07-21
104066,Ghaziabad,Uttar Pradesh,2023-01-14
104067,Mangaluru,Karnataka,2023-06-18
104068,Kanpur,Uttar Pradesh,2024-11-18
104069,Udaipur,Rajasthan,2023-01-12
104070,Mangaluru,Karnataka,2023-11-22
104071,New Delhi,Delhi,2024-04-07
104072,Ahmedabad,Gujarat,2023-03-02
104073,Coimbatore,Tamil Nadu,2025-06-10
104074,Nashik,Maharashtra,2024-04-08
104075,Mumbai,Maharashtra,2023-11-05
104076,New Delhi,Delhi,2025-06-09
104077,Surat,Gujarat,2024-05-23
104078,Warangal,Telangana,2024-09-10
104079,Pune,Maharashtra,2023-03-24
104080,Madurai,Tamil Nadu,2023-05-25
104081,New Delhi,Delhi,2023-02-11
104082,Mangaluru,Karnataka,2024-04-13
104083,Kanpur,Uttar Pradesh,2025-01-31
104084,Mysuru,Karnataka,2025-04-01
104085,Warangal,Telangana,2024-06-07
104086,Jaipur,Rajasthan,2023-02-19
104087,Hyderabad,Telangana,2024-07-24
104088,Surat,Gujarat,2024-08-04
104089,Pune,Maharashtra,2024-06-27
104090,Nashik,Maharashtra,2024-10-19
104091,Nashik,Maharashtra,2024-05-22
104092,Lucknow,Uttar Pradesh,2024-10-03
104093,Howrah,West Bengal,2024-03-19
104094,Bengaluru,Karnataka,2023-05-17
104095,Bengaluru,Karnataka,2023-03-14
104096,New Delhi,Delhi,2025-04-06
104097,Surat,Gujarat,2024-02-06
104098,Ahmedabad,Gujarat,2023-10-21
104099,Vadodara,Gujarat,2023-09-25
104100,Jaipur,Rajasthan,2023-02-17
104101,Bengaluru,Karnataka,2025-05-10
104102,Ahmedabad,Gujarat,2023-03-17
104103,Hyderabad,Telangana,2023-07-19
104104,Mysuru,Karnataka,2024-02-21
104105,Udaipur,Rajasthan,2023-11-23
104106,Nashik,Maharashtra,2023-02-06
104107,Noida,Uttar Pradesh,2023-10-27
104108,Noida,Uttar Pradesh,2024-12-11
104109,Jaipur,Rajasthan,2023-08-17
104110,Hyderabad,Telangana,2025-02-27
104111,New Delhi,Delhi,2023-11-25
104112,Howrah,West Bengal,2023-01-13
104113,Noida,Uttar Pradesh,2023-04-10
104114,Coimbatore,Tamil Nadu,2025-01-07
104115,Kanpur,Uttar Pradesh,2024-01-05
104116,Mysuru,Karnataka,2025-06-12
104117,Warangal,Telangana,2024-12-19
104118,Howrah,West Bengal,2023-01-28
104119,New Delhi,Delhi,2023-10-12
104120,Coimbatore,Tamil Nadu,2024-10-22
104121,Kochi,Kerala,2023-02-27
104122,Ghaziabad,Uttar Pradesh,2025-06-29
104123,Udaipur,Rajasthan,2023-06-01
104124,New Delhi,Delhi,2024-12-27
104125,Thiruvananthapuram,Kerala,2025-02-04
104126,Mumbai,Maharashtra,2024-04-05
104127,Warangal,Telangana,2025-01-02
104128,Madurai,Tamil Nadu,2025-03-17
104129,Ghaziabad,Uttar Pradesh,2024-10-31
104130,Udaipur,Rajasthan,2024-10-06
104131,Lucknow,Uttar Pradesh,2023-12-21
104132,Vadodara,Gujarat,2023-09-24
104133,Coimbatore,Tamil Nadu,2025-03-01
104134,Warangal,Telangana,2023-07-24
104135,Coimbatore,Tamil Nadu,2024-01-13
104136,Nagpur,Maharashtra,2024-04-11
104137,Madurai,Tamil Nadu,2023-12-22
104138,Howrah,West Bengal,2023-12-06
104139,Noida,Uttar Pradesh,2024-06-29
104140,Ghaziabad,Uttar Pradesh,2023-10-28
104141,New Delhi,Delhi,2025-06-19
104142,Hyderabad,Telangana,2023-06-12
104143,Nashik,Maharashtra,2023-12-21
104144,New Delhi,Delhi,2025-02-09
104145,Chennai,Tamil Nadu,2024-03-09
104146,Bengaluru,Karnataka,2024-10-04
104147,Nagpur,Maharashtra,2024-08-12
104148,Kanpur,Uttar Pradesh,2023-10-29
104149,Madurai,Tamil Nadu,2024-11-08
104150,Coimbatore,Tamil Nadu,2023-08-05
104151,Bengaluru,Karnataka,2024-11-14
104152,Warangal,Telangana,2023-04-27
104153,Coimbatore,Tamil Nadu,2024-09-24
104154,Coimbatore,Tamil Nadu,2023-04-13
104155,Hyderabad,Telangana,2025-03-02
104156,Nashik,Maharashtra,2024-07-23
104157,Udaipur,Rajasthan,2023-02-06
104158,Mumbai,Maharashtra,2023-04-10
104159,Chennai,Tamil Nadu,2023-06-20
104160,Bengaluru,Karnataka,2025-05-24
104161,Hyderabad,Telangana,2024-06-21
104162,Mangaluru,Karnataka,2023-09-12
104163,Howrah,West Bengal,2023-09-10
104164,New Delhi,Delhi,2023-01-24
104165,Surat,Gujarat,2023-07-05
104166,Mysuru,Karnataka,2025-02-18
104167,Nashik,Maharashtra,2024-06-29
104168,New Delhi,Delhi,2023-12-01
104169,Warangal,Telangana,2023-01-20
104170,Coimbatore,Tamil Nadu,2023-11-09
104171,Thiruvananthapuram,Kerala,2023-12-15
104172,Kanpur,Uttar Pradesh,2023-04-19
104173,Thiruvananthapuram,Kerala,2024-07-07
104174,Mangaluru,Karnataka,2024-08-24
104175,Lucknow,Uttar Pradesh,2025-06-28
104176,Warangal,Telangana,2023-11-23
104177,Surat,Gujarat,2023-09-09
104178,Thiruvananthapuram,Kerala,2025-01-19
104179,Vadodara,Gujarat,2023-11-16
104180,Udaipur,Rajasthan,2024-07-28
104181,Noida,Uttar Pradesh,2024-11-02
104182,Mumbai,Maharashtra,2025-03-12
104183,Ghaziabad,Uttar Pradesh,2023-10-18
104184,Chennai,Tamil Nadu,2024-07-21
104185,Jaipur,Rajasthan,2023-04-30
104186,Lucknow,Uttar Pradesh,2024-12-10
104187,Pune,Maharashtra,2023-02-11
104188,Mumbai,Maharashtra,2024-09-26
104189,Mumbai,Maharashtra,2023-07-10
104190,Coimbatore,Tamil Nadu,2024-02-26
104191,Nagpur,Maharashtra,2023-03-11
104192,Kanpur,Uttar Pradesh,2024-09-19
104193,Warangal,Telangana,2024-03-15
104194,Howrah,West Bengal,2024-08-27
104195,Bengaluru,Karnataka,2023-11-13
104196,Warangal,Telangana,2023-01-07
104197,Mumbai,Maharashtra,2024-06-13
104198,Jaipur,Rajasthan,2024-09-28
104199,Pune,Maharashtra,2024-08-28
104200,Nagpur,Maharashtra,2023-08-27
104201,Bengaluru,Karnataka,2024-10-14
104202,Ghaziabad,Uttar Pradesh,2024-05-08
104203,Pune,Maharashtra,2023-07-11
104204,Vadodara,Gujarat,2023-04-12
104205,Ghaziabad,Uttar Pradesh,2023-10-24
104206,Kanpur,Uttar Pradesh,2023-01-21
104207,Bengaluru,Karnataka,2024-10-14
104208,Nagpur,Maharashtra,2023-01-14
104209,Coimbatore,Tamil Nadu,2023-02-14
104210,Mysuru,Karnataka,2023-05-25
104211,Lucknow,Uttar Pradesh,2023-10-25
104212,New Delhi,Delhi,2023-01-19
104213,Chennai,Tamil Nadu,2024-07-27
104214,Pune,Maharashtra,2023-05-01
104215,Warangal,Telangana,2025-01-01
104216,Bengaluru,Karnataka,2024-05-24
104217,Surat,Gujarat,2023-03-17
104218,Nagpur,Maharashtra,2023-12-31
104219,Kochi,Kerala,2023-05-08
104220,Surat,Gujarat,2025-06-12
104221,Mangaluru,Karnataka,2024-06-23
104222,Nashik,Maharashtra,2025-01-06
104223,New Delhi,Delhi,2023-12-08
104224,Mumbai,Maharashtra,2023-05-14
104225,Mysuru,Karnataka,2023-08-03
104226,Kolkata,West Bengal,2024-01-15
104227,Surat,Gujarat,2024-12-02
104228,Pune,Maharashtra,2024-01-28
104229,Warangal,Telangana,2025-04-25
104230,Bengaluru,Karnataka,2023-11-26
104231,Thiruvananthapuram,Kerala,2023-08-01
104232,Pune,Maharashtra,2024-03-27
104233,Ghaziabad,Uttar Pradesh,2023-04-12
104234,Noida,Uttar Pradesh,2024-09-02
104235,Pune,Maharashtra,2023-04-02
104236,Pune,Maharashtra,2024-08-06
104237,New Delhi,Delhi,2023-12-15
104238,Howrah,West Bengal,2023-11-22
104239,Warangal,Telangana,2024-07-10
104240,Vadodara,Gujarat,2025-04-26
104241,Kanpur,Uttar Pradesh,2023-09-21
104242,Howrah,West Bengal,2025-01-09
104243,Coimbatore,Tamil Nadu,2025-01-31
104244,Madurai,Tamil Nadu,2025-06-26
104245,Ghaziabad,Uttar Pradesh,2025-05-28
104246,Mangaluru,Karnataka,2024-12-21
104247,Howrah,West Bengal,2023-09-26
104248,Pune,Maharashtra,2024-09-24
104249,Mysuru,Karnataka,2024-12-15
104250,Kanpur,Uttar Pradesh,2023-09-23
104251,New Delhi,Delhi,2025-01-11
104252,Nashik,Maharashtra,2024-10-01
104253,Mangaluru,Karnataka,2024-03-23
104254,Warangal,Telangana,2025-02-24
104255,Howrah,West Bengal,2023-03-21
104256,Nashik,Maharashtra,2024-09-15
104257,Nashik,Maharashtra,2024-12-17
104258,Madurai,Tamil Nadu,2023-02-06
104259,Kochi,Kerala,2024-01-07
104260,Mangaluru,Karnataka,2024-04-16
104261,Kochi,Kerala,2023-07-09
104262,Udaipur,Rajasthan,2025-03-12
104263,Mysuru,Karnataka,2024-07-24
104264,Kolkata,West Bengal,2023-09-08
104265,Vadodara,Gujarat,2024-02-03
104266,Warangal,Telangana,2023-04-13
104267,Madurai,Tamil Nadu,2023-03-21
104268,Kolkata,West Bengal,2024-11-11
104269,Ghaziabad,Uttar Pradesh,2025-06-15
104270,Lucknow,Uttar Pradesh,2023-09-10
104271,Thiruvananthapuram,Kerala,2023-08-11
104272,Chennai,Tamil Nadu,2024-09-15
104273,Kanpur,Uttar Pradesh,2024-04-10
104274,Howrah,West Bengal,2023-05-08
104275,Bengaluru,Karnataka,2024-08-30
104276,Pune,Maharashtra,2023-07-11
104277,New Delhi,Delhi,2023-04-15
104278,Howrah,West Bengal,2024-02-27
104279,Mangaluru,Karnataka,2024-11-04
104280,Ghaziabad,Uttar Pradesh,2024-04-19
104281,Pune,Maharashtra,2024-08-13
104282,New Delhi,Delhi,2023-08-05
104283,Surat,Gujarat,2024-03-25
104284,Mumbai,Maharashtra,2024-10-11
104285,Udaipur,Rajasthan,2024-04-26
104286,Nashik,Maharashtra,2023-08-07
104287,Udaipur,Rajasthan,2025-05-19
104288,Mysuru,Karnataka,2023-03-03
104289,Kochi,Kerala,2025-04-09
104290,Vadodara,Gujarat,2024-10-22
104291,Nagpur,Maharashtra,2023-04-13
104292,Mumbai,Maharashtra,2023-12-02
104293,Nagpur,Maharashtra,2025-05-22
104294,Warangal,Telangana,2024-04-15
104295,Lucknow,Uttar Pradesh,2023-08-24
104296,New Delhi,Delhi,2025-04-18
104297,Coimbatore,Tamil Nadu,2023-04-18
104298,Hyderabad,Telangana,2025-01-13
104299,Hyderabad,Telangana,2025-01-26
104300,Ahmedabad,Gujarat,2023-12-19
104301,Chennai,Tamil Nadu,2023-02-09
104302,Noida,Uttar Pradesh,2025-03-18
104303,Kochi,Kerala,2025-05-31
104304,New Delhi,Delhi,2023-12-11
104305,Nagpur,Maharashtra,2023-06-19
104306,Pune,Maharashtra,2023-09-05
104307,Hyderabad,Telangana,2023-05-05
104308,New Delhi,Delhi,2024-07-09
104309,Udaipur,Rajasthan,2024-04-17
104310,Surat,Gujarat,2023-11-21
104311,Warangal,Telangana,2024-08-15
104312,Kanpur,Uttar Pradesh,2024-07-21
104313,Mysuru,Karnataka,2023-01-11
104314,Kolkata,West Bengal,2024-01-09
104315,Nashik,Maharashtra,2025-02-25
104316,Vadodara,Gujarat,2024-12-25
104317,Udaipur,Rajasthan,2025-02-17
104318,Lucknow,Uttar Pradesh,2025-05-19
104319,Kolkata,West Bengal,2023-02-25
104320,New Delhi,Delhi,2023-09-04
104321,Kolkata,West Bengal,2024-02-23
104322,Hyderabad,Telangana,2024-04-09
104323,Vadodara,Gujarat,2024-12-17
104324,Pune,Maharashtra,2024-10-21
104325,Mangaluru,Karnataka,2024-10-05
104326,Warangal,Telangana,2023-05-25
104327,Nagpur,Maharashtra,2024-09-09
104328,Kanpur,Uttar Pradesh,2024-12-26
104329,Howrah,West Bengal,2024-11-16
104330,Jaipur,Rajasthan,2024-06-15
104331,Mumbai,Maharashtra,2023-03-22
104332,Jaipur,Rajasthan,2023-05-17
104333,Nashik,Maharashtra,2024-11-08
104334,Coimbatore,Tamil Nadu,2025-03-01
104335,Kolkata,West Bengal,2025-01-21
104336,Mumbai,Maharashtra,2024-01-24
104337,Pune,Maharashtra,2024-06-19
104338,Pune,Maharashtra,2023-06-10
104339,Hyderabad,Telangana,2024-06-23
104340,Kolkata,West Bengal,2023-06-28
104341,Nashik,Maharashtra,2024-12-25
104342,Nashik,Maharashtra,2024-12-16
104343,Hyderabad,Telangana,2023-02-16
104344,Mysuru,Karnataka,2025-05-02
104345,Lucknow,Uttar Pradesh,2024-12-26
104346,Jaipur,Rajasthan,2023-12-11
104347,Noida,Uttar Pradesh,2024-02-16
104348,Howrah,West Bengal,2023-03-13
104349,Warangal,Telangana,2025-05-02
104350,Howrah,West Bengal,2023-04-02
104351,Bengaluru,Karnataka,2025-04-20
104352,Nashik,Maharashtra,2024-08-19
104353,Surat,Gujarat,2025-04-16
104354,Mumbai,Maharashtra,2023-12-04
104355,Jaipur,Rajasthan,2025-03-26
104356,Ghaziabad,Uttar Pradesh,2024-01-24
104357,Thiruvananthapuram,Kerala,2023-11-15
104358,New Delhi,Delhi,2023-11-04
104359,Madurai,Tamil Nadu,2025-05-17
104360,Noida,Uttar Pradesh,2024-02-29
104361,Mysuru,Karnataka,2024-03-11
104362,Warangal,Telangana,2024-08-09
104363,Ahmedabad,Gujarat,2024-05-21
104364,Kochi,Kerala,2024-05-07
104365,Noida,Uttar Pradesh,2023-12-12
104366,Mumbai,Maharashtra,2023-05-30
104367,Madurai,Tamil Nadu,2025-06-25
104368,Hyderabad,Telangana,2024-03-23
104369,Mumbai,Maharashtra,2025-06-04
104370,Chennai,Tamil Nadu,2024-02-24
104371,Mangaluru,Karnataka,2024-06-30
104372,Pune,Maharashtra,2024-05-12
104373,Warangal,Telangana,2025-05-29
104374,Pune,Maharashtra,2023-04-11
104375,Surat,Gujarat,2024-04-16
104376,Nashik,Maharashtra,2023-05-20
104377,Kanpur,Uttar Pradesh,2025-03-01
104378,Mysuru,Karnataka,2024-04-28
104379,Jaipur,Rajasthan,2025-04-20
104380,Mumbai,Maharashtra,2023-09-08
104381,Warangal,Telangana,2023-05-29
104382,New Delhi,Delhi,2024-07-27
104383,Mysuru,Karnataka,2023-05-13
104384,Chennai,Tamil Nadu,2023-12-06
104385,Kolkata,West Bengal,2023-10-13
104386,Jaipur,Rajasthan,2023-07-21
104387,Bengaluru,Karnataka,2023-04-30
104388,Nagpur,Maharashtra,2024-08-20
104389,Lucknow,Uttar Pradesh,2024-11-21
104390,Hyderabad,Telangana,2023-12-25
104391,Bengaluru,Karnataka,2023-09-14
104392,Kanpur,Uttar Pradesh,2023-05-24
104393,Hyderabad,Telangana,2024-09-08
104394,Surat,Gujarat,2025-01-06
104395,New Delhi,Delhi,2024-05-14
104396,Madurai,Tamil Nadu,2024-01-29
104397,Mangaluru,Karnataka,2024-08-13
104398,Kanpur,Uttar Pradesh,2025-04-13
104399,Nashik,Maharashtra,2025-06-20
104400,Ghaziabad,Uttar Pradesh,2023-06-26
104401,Kanpur,Uttar Pradesh,2024-03-10
104402,Lucknow,Uttar Pradesh,2025-03-09
104403,Nagpur,Maharashtra,2024-07-30
104404,Mangaluru,Karnataka,2025-01-13
104405,Madurai,Tamil Nadu,2025-06-26
104406,Surat,Gujarat,2023-04-05
104407,Jaipur,Rajasthan,2024-07-11
104408,New Delhi,Delhi,2024-04-29
104409,Kolkata,West Bengal,2023-09-17
104410,Pune,Maharashtra,2024-08-18
104411,New Delhi,Delhi,2023-04-05
104412,Nashik,Maharashtra,2024-03-27
104413,Kanpur,Uttar Pradesh,2024-01-13
104414,Mumbai,Maharashtra,2023-12-22
104415,Mangaluru,Karnataka,2024-07-13
104416,Lucknow,Uttar Pradesh,2025-05-09
104417,Hyderabad,Telangana,2025-05-13
104418,Nashik,Maharashtra,2024-09-30
104419,Pune,Maharashtra,2023-10-29
104420,Warangal,Telangana,2025-05-29
104421,Mangaluru,Karnataka,2025-06-28
104422,Mysuru,Karnataka,2025-02-09
104423,Surat,Gujarat,2025-03-06
104424,Mysuru,Karnataka,2025-01-14
104425,Vadodara,Gujarat,2024-11-23
104426,New Delhi,Delhi,2024-10-23
104427,Bengaluru,Karnataka,2024-08-04
104428,Pune,Maharashtra,2024-08-11
104429,Mangaluru,Karnataka,2023-12-22
104430,Pune,Maharashtra,2025-03-18
104431,Bengaluru,Karnataka,2024-08-01
104432,Jaipur,Rajasthan,2024-07-12
104433,Kolkata,West Bengal,2024-11-06
104434,New Delhi,Delhi,2023-03-10
104435,Warangal,Telangana,2025-04-17
104436,Hyderabad,Telangana,2024-06-14
104437,Kolkata,West Bengal,2025-05-10
104438,Mangaluru,Karnataka,2023-04-04
104439,Bengaluru,Karnataka,2023-08-01
104440,Mangaluru,Karnataka,2025-05-14
104441,Mumbai,Maharashtra,2024-09-23
104442,New Delhi,Delhi,2024-08-12
104443,Kolkata,West Bengal,2024-01-04
104444,Udaipur,Rajasthan,2024-05-21
104445,Nashik,Maharashtra,2024-05-12
104446,Chennai,Tamil Nadu,2023-06-30
104447,New Delhi,Delhi,2024-05-31
104448,Chennai,Tamil Nadu,2024-04-14
104449,Warangal,Telangana,2023-10-13
104450,Nashik,Maharashtra,2023-11-09
104451,Howrah,West Bengal,2024-11-30
104452,Kochi,Kerala,2024-09-07
104453,Surat,Gujarat,2024-03-04
104454,Surat,Gujarat,2024-07-04
104455,Hyderabad,Telangana,2023-08-08
104456,New Delhi,Delhi,2024-03-30
104457,Mumbai,Maharashtra,2024-05-26
104458,Hyderabad,Telangana,2023-08-19
104459,Nashik,Maharashtra,2023-06-04
104460,Kolkata,West Bengal,2024-04-23
104461,Madurai,Tamil Nadu,2025-05-07
104462,Coimbatore,Tamil Nadu,2024-02-25
104463,New Delhi,Delhi,2025-04-01
104464,Thiruvananthapuram,Kerala,2025-02-14
104465,Nashik,Maharashtra,2024-11-09
104466,Mumbai,Maharashtra,2025-03-25
104467,Nashik,Maharashtra,2024-01-10
104468,Ahmedabad,Gujarat,2024-11-22
104469,Kochi,Kerala,2023-05-12
104470,Mysuru,Karnataka,2023-10-19
104471,Udaipur,Rajasthan,2024-05-31
104472,Bengaluru,Karnataka,2023-02-04
104473,Vadodara,Gujarat,2024-11-28
104474,Mumbai,Maharashtra,2025-04-22
104475,Coimbatore,Tamil Nadu,2023-04-06
104476,Surat,Gujarat,2025-06-22
104477,Warangal,Telangana,2023-03-22
104478,Mysuru,Karnataka,2024-11-25
104479,Howrah,West Bengal,2024-09-16
104480,Thiruvananthapuram,Kerala,2024-01-23
104481,Chennai,Tamil Nadu,2024-06-05
104482,Surat,Gujarat,2023-05-16
104483,Kanpur,Uttar Pradesh,2024-09-22
104484,Mysuru,Karnataka,2025-06-28
104485,Howrah,West Bengal,2024-06-27
104486,Mysuru,Karnataka,2025-04-30
104487,Kanpur,Uttar Pradesh,2023-12-25
104488,Mumbai,Maharashtra,2025-06-14
104489,Mysuru,Karnataka,2024-05-03
104490,Warangal,Telangana,2023-05-12
104491,Hyderabad,Telangana,2023-11-27
104492,Howrah,West Bengal,2024-03-24
104493,Kochi,Kerala,2023-03-03
104494,Mumbai,Maharashtra,2025-03-27
104495,Mysuru,Karnataka,2023-08-06
104496,New Delhi,Delhi,2024-09-07
104497,Chennai,Tamil Nadu,2025-04-18
104498,Madurai,Tamil Nadu,2024-01-31
104499,Howrah,West Bengal,2024-07-09
104500,Lucknow,Uttar Pradesh,2024-04-15
104501,Nagpur,Maharashtra,2024-11-27
104502,Chennai,Tamil Nadu,2023-02-05
104503,Surat,Gujarat,2023-11-24
104504,Madurai,Tamil Nadu,2024-07-11
104505,Nagpur,Maharashtra,2023-03-25
104506,New Delhi,Delhi,2025-02-22
104507,Madurai,Tamil Nadu,2024-07-29
104508,Mysuru,Karnataka,2023-01-03
104509,Lucknow,Uttar Pradesh,2023-01-12
104510,New Delhi,Delhi,2023-05-26
104511,Hyderabad,Telangana,2024-08-27
104512,Warangal,Telangana,2024-04-16
104513,Howrah,West Bengal,2024-03-15
104514,Nagpur,Maharashtra,2024-05-26
104515,Nashik,Maharashtra,2024-03-26
104516,Bengaluru,Karnataka,2023-11-09
104517,Chennai,Tamil Nadu,2023-01-07
104518,Mysuru,Karnataka,2023-01-26
104519,Noida,Uttar Pradesh,2024-09-19
104520,Bengaluru,Karnataka,2024-11-08
104521,Nagpur,Maharashtra,2023-08-07
104522,Coimbatore,Tamil Nadu,2023-08-10
104523,Kanpur,Uttar Pradesh,2024-01-07
104524,Howrah,West Bengal,2024-08-10
104525,Lucknow,Uttar Pradesh,2024-06-24
104526,Warangal,Telangana,2024-05-24
104527,Kanpur,Uttar Pradesh,2023-02-03
104528,Surat,Gujarat,2024-01-28
104529,Mangaluru,Karnataka,2024-11-16
104530,Hyderabad,Telangana,2024-06-21
104531,Kanpur,Uttar Pradesh,2025-01-05
104532,New Delhi,Delhi,2024-09-25
104533,Surat,Gujarat,2025-03-30
104534,Chennai,Tamil Nadu,2024-06-05
104535,Chennai,Tamil Nadu,2024-06-02
104536,Mumbai,Maharashtra,2024-05-22
104537,Ahmedabad,Gujarat,2023-08-30
104538,Kolkata,West Bengal,2024-02-02
104539,Nashik,Maharashtra,2023-06-03
104540,New Delhi,Delhi,2024-01-27
104541,Nashik,Maharashtra,2023-05-17
104542,Nashik,Maharashtra,2024-03-23
104543,Thiruvananthapuram,Kerala,2025-05-19
104544,Chennai,Tamil Nadu,2024-02-16
104545,New Delhi,Delhi,2024-11-03
104546,Mysuru,Karnataka,2024-02-04
104547,Thiruvananthapuram,Kerala,2025-04-05
104548,Mangaluru,Karnataka,2023-07-11
104549,Ghaziabad,Uttar Pradesh,2025-01-30
104550,Mysuru,Karnataka,2024-10-22
104551,Pune,Maharashtra,2025-03-20
104552,Surat,Gujarat,2023-05-02
104553,Mumbai,Maharashtra,2025-03-26
104554,Ahmedabad,Gujarat,2025-04-07
104555,Bengaluru,Karnataka,2023-09-27
104556,Kanpur,Uttar Pradesh,2024-07-23
104557,Noida,Uttar Pradesh,2024-06-18
104558,Kanpur,Uttar Pradesh,2024-04-23
104559,Pune,Maharashtra,2024-08-23
104560,Ghaziabad,Uttar Pradesh,2023-07-06
104561,Kochi,Kerala,2023-11-26
104562,Bengaluru,Karnataka,2024-06-17
104563,Bengaluru,Karnataka,2025-04-27
104564,Kolkata,West Bengal,2023-02-25
104565,Nagpur,Maharashtra,2025-05-02
104566,Ahmedabad,Gujarat,2025-01-13
104567,Kanpur,Uttar Pradesh,2025-02-09
104568,Nashik,Maharashtra,2023-02-13
104569,Hyderabad,Telangana,2024-06-01
104570,Hyderabad,Telangana,2023-12-02
104571,Mangaluru,Karnataka,2025-04-17
104572,Howrah,West Bengal,2024-11-05
104573,Nashik,Maharashtra,2024-08-14
104574,New Delhi,Delhi,2023-01-26
104575,Howrah,West Bengal,2024-03-22
104576,Mangaluru,Karnataka,2023-05-26
104577,Kolkata,West Bengal,2025-03-07
104578,Nagpur,Maharashtra,2025-04-03
104579,Coimbatore,Tamil Nadu,2024-03-28
104580,Nashik,Maharashtra,2024-08-25
104581,Ahmedabad,Gujarat,2024-07-10
104582,Noida,Uttar Pradesh,2023-10-04
104583,Howrah,West Bengal,2024-11-12
104584,Thiruvananthapuram,Kerala,2025-06-28
104585,Vadodara,Gujarat,2025-05-01
104586,Kanpur,Uttar Pradesh,2024-09-17
104587,Coimbatore,Tamil Nadu,2023-11-25
104588,Jaipur,Rajasthan,2025-04-07
104589,Vadodara,Gujarat,2025-04-24
104590,Jaipur,Rajasthan,2023-01-06
104591,Bengaluru,Karnataka,2023-11-05
104592,Coimbatore,Tamil Nadu,2024-05-18
104593,Lucknow,Uttar Pradesh,2024-06-10
104594,Mysuru,Karnataka,2024-10-11
104595,Mangaluru,Karnataka,2024-04-12
104596,Kochi,Kerala,2023-01-13
104597,Madurai,Tamil Nadu,2023-05-31
104598,Bengaluru,Karnataka,2024-11-25
104599,New Delhi,Delhi,2024-09-23
104600,New Delhi,Delhi,2024-08-16
104601,Ahmedabad,Gujarat,2024-02-06
104602,Jaipur,Rajasthan,2023-09-08
104603,Thiruvananthapuram,Kerala,2023-10-08
104604,Vadodara,Gujarat,2024-09-19
104605,Ghaziabad,Uttar Pradesh,2024-04-04
104606,New Delhi,Delhi,2023-04-30
104607,Kolkata,West Bengal,2023-12-30
104608,Mangaluru,Karnataka,2025-01-20
104609,Mumbai,Maharashtra,2024-06-29
104610,Thiruvananthapuram,Kerala,2025-02-28
104611,Howrah,West Bengal,2024-04-08
104612,Bengaluru,Karnataka,2024-03-18
104613,Ahmedabad,Gujarat,2025-05-14
104614,Chennai,Tamil Nadu,2024-04-07
104615,New Delhi,Delhi,2023-05-04
104616,Mangaluru,Karnataka,2024-01-02
104617,Nagpur,Maharashtra,2024-08-13
104618,Hyderabad,Telangana,2023-11-11
104619,Coimbatore,Tamil Nadu,2024-01-09
104620,Warangal,Telangana,2025-03-06
104621,Bengaluru,Karnataka,2024-02-01
104622,Udaipur,Rajasthan,2023-10-05
104623,Ahmedabad,Gujarat,2023-04-09
104624,Jaipur,Rajasthan,2024-01-02
104625,Pune,Maharashtra,2024-11-29
104626,Surat,Gujarat,2023-10-01
104627,Kolkata,West Bengal,2024-03-04
104628,New Delhi,Delhi,2024-08-21
104629,Bengaluru,Karnataka,2025-04-25
104630,Mysuru,Karnataka,2025-01-11
104631,Mysuru,Karnataka,2023-05-30
104632,Coimbatore,Tamil Nadu,2024-09-03
104633,New Delhi,Delhi,2023-08-21
104634,Mysuru,Karnataka,2023-12-24
104635,Ahmedabad,Gujarat,2023-04-05
104636,Mumbai,Maharashtra,2024-12-06
104637,New Delhi,Delhi,2023-05-26
104638,Vadodara,Gujarat,2023-12-13
104639,Pune,Maharashtra,2024-01-06
104640,Mysuru,Karnataka,2023-02-08
104641,Mangaluru,Karnataka,2024-12-07
104642,Mumbai,Maharashtra,2024-07-17
104643,Madurai,Tamil Nadu,2024-05-08
104644,Pune,Maharashtra,2023-06-12
104645,Mangaluru,Karnataka,2023-02-18
104646,Kochi,Kerala,2023-02-20
104647,Jaipur,Rajasthan,2024-07-23
104648,Mysuru,Karnataka,2024-11-12
104649,New Delhi,Delhi,2024-12-25
104650,Chennai,Tamil Nadu,2024-12-30
104651,Howrah,West Bengal,2023-12-25
104652,Ghaziabad,Uttar Pradesh,2023-01-02
104653,Nagpur,Maharashtra,2023-08-12
104654,Mumbai,Maharashtra,2024-12-17
104655,Madurai,Tamil Nadu,2024-11-26
104656,Kolkata,West Bengal,2024-04-07
104657,Jaipur,Rajasthan,2023-01-22
104658,Pune,Maharashtra,2024-12-08
104659,Hyderabad,Telangana,2025-01-13
104660,Mumbai,Maharashtra,2023-07-26
104661,Ahmedabad,Gujarat,2025-01-02
104662,Udaipur,Rajasthan,2024-08-05
104663,Coimbatore,Tamil Nadu,2025-03-19
104664,Mumbai,Maharashtra,2024-07-24
104665,Hyderabad,Telangana,2023-03-23
104666,New Delhi,Delhi,2024-08-12
104667,Howrah,West Bengal,2023-04-09
104668,New Delhi,Delhi,2023-08-24
104669,Howrah,West Bengal,2025-03-06
104670,Bengaluru,Karnataka,2025-05-31
104671,Mumbai,Maharashtra,2024-03-08
104672,Mangaluru,Karnataka,2023-09-23
104673,Nagpur,Maharashtra,2023-12-24
104674,Mangaluru,Karnataka,2023-08-09
104675,Ahmedabad,Gujarat,2024-06-06
104676,Mumbai,Maharashtra,2024-01-19
104677,Pune,Maharashtra,2023-02-23
104678,Pune,Maharashtra,2024-07-09
104679,Nagpur,Maharashtra,2024-08-09
104680,Howrah,West Bengal,2024-08-30
104681,Jaipur,Rajasthan,2025-05-10
104682,Nagpur,Maharashtra,2024-10-03
104683,Lucknow,Uttar Pradesh,2024-09-07
104684,Kanpur,Uttar Pradesh,2023-07-12
104685,Kochi,Kerala,2024-02-28
104686,New Delhi,Delhi,2024-01-31
104687,Mysuru,Karnataka,2025-05-25
104688,Madurai,Tamil Nadu,2024-03-08
104689,Kolkata,West Bengal,2024-09-19
104690,Noida,Uttar Pradesh,2024-05-07
104691,Madurai,Tamil Nadu,2023-02-21
104692,Mangaluru,Karnataka,2025-05-02
104693,Lucknow,Uttar Pradesh,2024-09-02
104694,Howrah,West Bengal,2023-07-29
104695,New Delhi,Delhi,2023-02-24
104696,Ahmedabad,Gujarat,2025-05-03
104697,New Delhi,Delhi,2023-10-07
104698,Madurai,Tamil Nadu,2023-01-16
104699,Warangal,Telangana,2024-07-14
104700,Lucknow,Uttar Pradesh,2023-01-15
104701,Kochi,Kerala,2023-07-16
104702,Coimbatore,Tamil Nadu,2025-03-24
104703,New Delhi,Delhi,2023-02-04
104704,New Delhi,Delhi,2024-11-16
104705,Nashik,Maharashtra,2024-07-16
104706,Bengaluru,Karnataka,2023-10-06
104707,Nagpur,Maharashtra,2023-09-18
104708,Madurai,Tamil Nadu,2024-03-08
104709,Mumbai,Maharashtra,2024-04-30
104710,New Delhi,Delhi,2025-03-22
104711,Kanpur,Uttar Pradesh,2023-08-26
104712,Bengaluru,Karnataka,2024-06-21
104713,Ahmedabad,Gujarat,2024-09-17
104714,Jaipur,Rajasthan,2023-01-12
104715,Hyderabad,Telangana,2025-03-26
104716,Bengaluru,Karnataka,2025-06-22
104717,New Delhi,Delhi,2023-03-20
104718,Vadodara,Gujarat,2023-08-27
104719,Chennai,Tamil Nadu,2024-12-17
104720,Nashik,Maharashtra,2025-01-07
104721,Chennai,Tamil Nadu,2023-05-23
104722,Warangal,Telangana,2025-04-15
104723,Mangaluru,Karnataka,2023-10-28
104724,Surat,Gujarat,2023-09-25
104725,Pune,Maharashtra,2023-11-22
104726,New Delhi,Delhi,2024-09-03
104727,Ghaziabad,Uttar Pradesh,2023-07-07
104728,Bengaluru,Karnataka,2024-05-09
104729,Vadodara,Gujarat,2023-03-10
104730,Madurai,Tamil Nadu,2023-05-14
104731,New Delhi,Delhi,2024-12-01
104732,Udaipur,Rajasthan,2023-12-16
104733,New Delhi,Delhi,2024-12-23
104734,Mysuru,Karnataka,2024-11-03
104735,Jaipur,Rajasthan,2023-05-06
104736,Kanpur,Uttar Pradesh,2025-05-01
104737,Surat,Gujarat,2025-03-23
104738,Nashik,Maharashtra,2024-01-31
104739,Nashik,Maharashtra,2023-05-04
104740,Ahmedabad,Gujarat,2023-05-02
104741,Bengaluru,Karnataka,2024-04-10
104742,Mangaluru,Karnataka,2023-01-10
104743,Lucknow,Uttar Pradesh,2023-03-29
104744,Mysuru,Karnataka,2024-04-29
104745,Mumbai,Maharashtra,2024-05-28
104746,Mumbai,Maharashtra,2025-02-22
104747,Coimbatore,Tamil Nadu,2025-06-06
104748,Vadodara,Gujarat,2023-09-02
104749,Howrah,West Bengal,2023-10-28
104750,Nashik,Maharashtra,2023-07-01
104751,Bengaluru,Karnataka,2023-07-24
104752,Hyderabad,Telangana,2024-02-04
104753,New Delhi,Delhi,2025-06-23
104754,Coimbatore,Tamil Nadu,2025-03-25
104755,Udaipur,Rajasthan,2025-04-11
104756,Hyderabad,Telangana,2024-02-16
104757,Coimbatore,Tamil Nadu,2024-08-21
104758,Thiruvananthapuram,Kerala,2024-10-20
104759,Mumbai,Maharashtra,2023-08-10
104760,Udaipur,Rajasthan,2024-05-16
104761,Coimbatore,Tamil Nadu,2023-12-06
104762,Coimbatore,Tamil Nadu,2024-03-06
104763,Udaipur,Rajasthan,2024-02-06
104764,Madurai,Tamil Nadu,2023-02-25
104765,Coimbatore,Tamil Nadu,2024-12-01
104766,Bengaluru,Karnataka,2025-03-31
104767,Ahmedabad,Gujarat,2024-11-18
104768,Warangal,Telangana,2025-04-30
104769,Bengaluru,Karnataka,2024-01-29
104770,Kanpur,Uttar Pradesh,2023-02-20
104771,Surat,Gujarat,2023-09-01
104772,New Delhi,Delhi,2025-02-16
104773,Mumbai,Maharashtra,2023-05-07
104774,Chennai,Tamil Nadu,2024-05-13
104775,Nashik,Maharashtra,2023-01-02
104776,Mumbai,Maharashtra,2023-10-22
104777,Chennai,Tamil Nadu,2023-04-14
104778,Mumbai,Maharashtra,2023-04-14
104779,Mysuru,Karnataka,2023-05-31
104780,Vadodara,Gujarat,2024-05-05
104781,Bengaluru,Karnataka,2024-09-20
104782,Thiruvananthapuram,Kerala,2023-09-20
104783,Udaipur,Rajasthan,2025-01-15
104784,Hyderabad,Telangana,2023-12-24
104785,Kochi,Kerala,2024-11-02
104786,Kolkata,West Bengal,2024-04-27
104787,New Delhi,Delhi,2024-10-20
104788,Noida,Uttar Pradesh,2025-06-10
104789,Mumbai,Maharashtra,2025-06-24
104790,Surat,Gujarat,2024-06-18
104791,Madurai,Tamil Nadu,2025-05-26
104792,Nashik,Maharashtra,2024-09-30
104793,Mysuru,Karnataka,2023-09-02
104794,Kochi,Kerala,2025-05-02
104795,New Delhi,Delhi,2023-05-13
104796,Bengaluru,Karnataka,2024-03-02
104797,Mysuru,Karnataka,2023-05-20
104798,Chennai,Tamil Nadu,2024-12-15
104799,Howrah,West Bengal,2025-03-26
104800,Ghaziabad,Uttar Pradesh,2025-01-15
104801,Madurai,Tamil Nadu,2023-04-04
104802,Bengaluru,Karnataka,2023-09-04
104803,Pune,Maharashtra,2023-11-06
104804,Chennai,Tamil Nadu,2023-04-16
104805,Howrah,West Bengal,2024-04-28
104806,Noida,Uttar Pradesh,2023-01-31
104807,New Delhi,Delhi,2024-07-12
104808,Vadodara,Gujarat,2024-06-07
104809,Madurai,Tamil Nadu,2024-06-26
104810,Hyderabad,Telangana,2025-04-11
104811,Hyderabad,Telangana,2024-12-17
104812,Surat,Gujarat,2023-08-25
104813,Chennai,Tamil Nadu,2024-06-04
104814,Udaipur,Rajasthan,2025-01-01
104815,Madurai,Tamil Nadu,2025-02-14
104816,Pune,Maharashtra,2024-08-08
104817,Mysuru,Karnataka,2023-03-19
104818,Coimbatore,Tamil Nadu,2024-01-31
104819,Hyderabad,Telangana,2025-02-21
104820,Hyderabad,Telangana,2023-03-09
104821,Noida,Uttar Pradesh,2024-06-21
104822,Mangaluru,Karnataka,2024-05-07
104823,Surat,Gujarat,2023-07-23
104824,Ghaziabad,Uttar Pradesh,2023-11-10
104825,Chennai,Tamil Nadu,2025-06-09
104826,New Delhi,Delhi,2024-06-26
104827,Nagpur,Maharashtra,2025-05-06
104828,Coimbatore,Tamil Nadu,2024-03-05
104829,Kanpur,Uttar Pradesh,2025-02-09
104830,Udaipur,Rajasthan,2024-07-18
104831,Surat,Gujarat,2025-04-10
104832,Bengaluru,Karnataka,2023-10-25
104833,Ahmedabad,Gujarat,2023-12-15
104834,Lucknow,Uttar Pradesh,2023-02-06
104835,New Delhi,Delhi,2023-07-27
104836,Kolkata,West Bengal,2023-05-07
104837,Mumbai,Maharashtra,2023-06-16
104838,Mumbai,Maharashtra,2025-03-06
104839,Pune,Maharashtra,2023-12-11
104840,Mumbai,Maharashtra,2025-01-23
104841,Kolkata,West Bengal,2025-01-12
104842,Coimbatore,Tamil Nadu,2025-06-12
104843,Bengaluru,Karnataka,2024-04-08
104844,Chennai,Tamil Nadu,2025-02-11
104845,New Delhi,Delhi,2024-01-18
104846,Mysuru,Karnataka,2024-07-30
104847,Mumbai,Maharashtra,2025-01-08
104848,Vadodara,Gujarat,2023-05-10
104849,Pune,Maharashtra,2023-02-22
104850,Lucknow,Uttar Pradesh,2023-05-31
104851,Bengaluru,Karnataka,2024-10-18
104852,Lucknow,Uttar Pradesh,2024-03-07
104853,Noida,Uttar Pradesh,2023-09-13
104854,Nagpur,Maharashtra,2024-11-30
104855,Mumbai,Maharashtra,2023-01-14
104856,Udaipur,Rajasthan,2023-06-07
104857,Chennai,Tamil Nadu,2024-03-04
104858,Surat,Gujarat,2025-04-14
104859,Nagpur,Maharashtra,2024-11-13
104860,Mysuru,Karnataka,2024-09-14
104861,Madurai,Tamil Nadu,2024-10-09
104862,Udaipur,Rajasthan,2023-10-12
104863,Mangaluru,Karnataka,2024-02-13
104864,Lucknow,Uttar Pradesh,2025-03-17
104865,Vadodara,Gujarat,2024-10-26
104866,Pune,Maharashtra,2024-06-29
104867,Mysuru,Karnataka,2023-03-17
104868,Mysuru,Karnataka,2024-10-29
104869,Madurai,Tamil Nadu,2023-11-30
104870,Ahmedabad,Gujarat,2023-12-18
104871,Coimbatore,Tamil Nadu,2024-09-05
104872,Bengaluru,Karnataka,2023-12-25
104873,Kanpur,Uttar Pradesh,2024-06-05
104874,Hyderabad,Telangana,2023-06-18
104875,Hyderabad,Telangana,2024-05-05
104876,Hyderabad,Telangana,2024-11-24
104877,Bengaluru,Karnataka,2024-01-16
104878,Surat,Gujarat,2025-06-01
104879,New Delhi,Delhi,2023-09-08
104880,New Delhi,Delhi,2025-03-23
104881,Pune,Maharashtra,2024-01-03
104882,Surat,Gujarat,2023-03-21
104883,Ahmedabad,Gujarat,2023-01-03
104884,New Delhi,Delhi,2025-06-12
104885,Howrah,West Bengal,2024-08-08
104886,Howrah,West Bengal,2023-05-17
104887,Pune,Maharashtra,2025-06-22
104888,Noida,Uttar Pradesh,2023-02-07
104889,New Delhi,Delhi,2023-11-01
104890,Kochi,Kerala,2024-11-13
104891,Mangaluru,Karnataka,2023-02-18
104892,Mangaluru,Karnataka,2025-04-05
104893,Madurai,Tamil Nadu,2024-09-09
104894,Mysuru,Karnataka,2025-05-15
104895,Lucknow,Uttar Pradesh,2025-02-01
104896,Chennai,Tamil Nadu,2025-01-21
104897,Bengaluru,Karnataka,2023-07-27
104898,Madurai,Tamil Nadu,2023-07-06
104899,Jaipur,Rajasthan,2023-08-09
104900,Lucknow,Uttar Pradesh,2023-05-21
104901,Coimbatore,Tamil Nadu,2024-08-28
104902,Bengaluru,Karnataka,2023-02-23
104903,Nashik,Maharashtra,2024-01-26
104904,Howrah,West Bengal,2024-06-14
104905,Kanpur,Uttar Pradesh,2024-05-05
104906,Hyderabad,Telangana,2024-03-19
104907,Howrah,West Bengal,2023-07-23
104908,Pune,Maharashtra,2023-04-10
104909,Surat,Gujarat,2025-06-19
104910,Bengaluru,Karnataka,2024-02-28
104911,Nagpur,Maharashtra,2024-06-25
104912,Chennai,Tamil Nadu,2024-05-31
104913,New Delhi,Delhi,2023-12-03
104914,Udaipur,Rajasthan,2024-10-20
104915,New Delhi,Delhi,2023-12-09
104916,Howrah,West Bengal,2024-01-13
104917,Noida,Uttar Pradesh,2025-01-01
104918,Surat,Gujarat,2023-10-18
104919,Jaipur,Rajasthan,2024-09-29
104920,New Delhi,Delhi,2024-08-29
104921,New Delhi,Delhi,2023-01-28
104922,Pune,Maharashtra,2024-09-15
104923,Bengaluru,Karnataka,2024-12-31
104924,Howrah,West Bengal,2023-09-04
104925,Coimbatore,Tamil Nadu,2025-04-12
104926,New Delhi,Delhi,2023-01-19
104927,Mysuru,Karnataka,2023-06-13
104928,Madurai,Tamil Nadu,2025-05-11
104929,Kanpur,Uttar Pradesh,2025-02-18
104930,Mysuru,Karnataka,2024-11-19
104931,Noida,Uttar Pradesh,2024-07-04
104932,Surat,Gujarat,2023-07-03
104933,Kanpur,Uttar Pradesh,2024-03-21
104934,Mangaluru,Karnataka,2024-05-30
104935,Surat,Gujarat,2023-03-23
104936,Mumbai,Maharashtra,2024-06-25
104937,New Delhi,Delhi,2023-03-23
104938,Kanpur,Uttar Pradesh,2023-04-25
104939,Ahmedabad,Gujarat,2023-06-04
104940,Bengaluru,Karnataka,2023-03-16
104941,Howrah,West Bengal,2025-05-21
104942,Nashik,Maharashtra,2025-01-01
104943,Vadodara,Gujarat,2024-04-07
104944,Kochi,Kerala,2023-12-02
104945,Warangal,Telangana,2023-06-24
104946,Kanpur,Uttar Pradesh,2025-05-14
104947,Ahmedabad,Gujarat,2024-12-27
104948,Ghaziabad,Uttar Pradesh,2024-11-16
104949,Vadodara,Gujarat,2024-03-04
104950,Noida,Uttar Pradesh,2023-01-26
104951,Mangaluru,Karnataka,2024-08-04
104952,Lucknow,Uttar Pradesh,2024-03-20
104953,Mangaluru,Karnataka,2023-09-29
104954,Thiruvananthapuram,Kerala,2023-10-15
104955,Bengaluru,Karnataka,2023-02-22
104956,Bengaluru,Karnataka,2025-03-05
104957,Howrah,West Bengal,2023-05-31
104958,Mangaluru,Karnataka,2025-01-10
104959,New Delhi,Delhi,2025-06-05
104960,Ghaziabad,Uttar Pradesh,2023-02-11
104961,Pune,Maharashtra,2024-07-22
104962,Nashik,Maharashtra,2023-03-02
104963,Coimbatore,Tamil Nadu,2025-01-27
104964,Mysuru,Karnataka,2024-04-07
104965,Bengaluru,Karnataka,2024-12-04
104966,Nagpur,Maharashtra,2024-11-28
104967,New Delhi,Delhi,2025-04-22
104968,New Delhi,Delhi,2024-03-17
104969,Nagpur,Maharashtra,2025-04-29
104970,Vadodara,Gujarat,2024-08-29
104971,Surat,Gujarat,2024-04-24
104972,Nagpur,Maharashtra,2023-11-23
104973,New Delhi,Delhi,2023-09-24
104974,Howrah,West Bengal,2024-07-19
104975,Hyderabad,Telangana,2024-11-04
104976,Coimbatore,Tamil Nadu,2023-02-02
104977,Chennai,Tamil Nadu,2024-01-11
104978,Mangaluru,Karnataka,2023-02-11
104979,Kolkata,West Bengal,2023-12-28
104980,Udaipur,Rajasthan,2024-12-28
104981,Udaipur,Rajasthan,2024-09-21
104982,Mangaluru,Karnataka,2024-10-15
104983,New Delhi,Delhi,2023-01-13
104984,Mumbai,Maharashtra,2023-01-12
104985,Bengaluru,Karnataka,2025-04-11
104986,New Delhi,Delhi,2023-01-30
104987,Ahmedabad,Gujarat,2023-08-30
104988,Mysuru,Karnataka,2023-05-01
104989,Udaipur,Rajasthan,2024-06-14
104990,Nashik,Maharashtra,2024-04-20
104991,Nagpur,Maharashtra,2025-02-03
104992,Howrah,West Bengal,2025-06-18
104993,Noida,Uttar Pradesh,2024-11-10
104994,New Delhi,Delhi,2024-03-01
104995,Vadodara,Gujarat,2023-02-12
104996,Bengaluru,Karnataka,2025-04-20
104997,Nagpur,Maharashtra,2024-05-26
104998,Madurai,Tamil Nadu,2023-07-18
104999,New Delhi,Delhi,2024-05-08
105000,Vadodara,Gujarat,2023-12-23
105001,Mysuru,Karnataka,2023-11-15
105002,Surat,Gujarat,2024-02-17
105003,Lucknow,Uttar Pradesh,2024-11-17
105004,Nagpur,Maharashtra,2023-05-30
105005,Pune,Maharashtra,2025-05-28
105006,Coimbatore,Tamil Nadu,2023-02-26
105007,Noida,Uttar Pradesh,2023-05-15
105008,Surat,Gujarat,2024-09-08
105009,Kanpur,Uttar Pradesh,2023-05-13
105010,New Delhi,Delhi,2024-12-09
105011,Mangaluru,Karnataka,2024-10-31
105012,Hyderabad,Telangana,2024-01-27
105013,Bengaluru,Karnataka,2024-02-18
105014,Kanpur,Uttar Pradesh,2025-06-29
105015,Mangaluru,Karnataka,2024-12-25
105016,Bengaluru,Karnataka,2024-07-29
105017,Chennai,Tamil Nadu,2023-05-09
105018,Chennai,Tamil Nadu,2024-06-21
105019,Ahmedabad,Gujarat,2023-02-06
105020,Chennai,Tamil Nadu,2023-08-18
105021,Udaipur,Rajasthan,2024-09-27
105022,Howrah,West Bengal,2024-01-07
105023,Kolkata,West Bengal,2025-06-25
105024,Ahmedabad,Gujarat,2025-05-05
105025,Vadodara,Gujarat,2023-03-28
105026,Ahmedabad,Gujarat,2025-03-15
105027,Chennai,Tamil Nadu,2025-02-26
105028,New Delhi,Delhi,2023-04-07
105029,Ahmedabad,Gujarat,2023-12-17
105030,Pune,Maharashtra,2025-05-14
105031,Nagpur,Maharashtra,2023-01-16
105032,Kolkata,West Bengal,2023-02-23
105033,Pune,Maharashtra,2024-04-09
105034,Hyderabad,Telangana,2025-05-18
105035,Vadodara,Gujarat,2023-09-12
105036,Mangaluru,Karnataka,2024-12-05
105037,Udaipur,Rajasthan,2024-09-23
105038,Mysuru,Karnataka,2023-05-14
105039,Udaipur,Rajasthan,2023-09-20
105040,Ghaziabad,Uttar Pradesh,2024-07-22
105041,Mysuru,Karnataka,2024-03-14
105042,Nashik,Maharashtra,2023-08-05
105043,New Delhi,Delhi,2023-07-02
105044,New Delhi,Delhi,2024-05-22
105045,Bengaluru,Karnataka,2025-01-24
105046,Thiruvananthapuram,Kerala,2024-01-12
105047,Mangaluru,Karnataka,2025-04-23
105048,Howrah,West Bengal,2024-08-30
105049,Nashik,Maharashtra,2024-01-03
105050,Thiruvananthapuram,Kerala,2024-10-05
105051,Bengaluru,Karnataka,2024-02-13
105052,Coimbatore,Tamil Nadu,2024-11-20
105053,Warangal,Telangana,2025-06-14
105054,Mumbai,Maharashtra,2024-12-18
105055,Kolkata,West Bengal,2023-03-07
105056,Bengaluru,Karnataka,2025-01-06
105057,Warangal,Telangana,2025-02-10
105058,Hyderabad,Telangana,2024-05-31
105059,Vadodara,Gujarat,2023-08-12
105060,Mumbai,Maharashtra,2025-03-13
105061,Nashik,Maharashtra,2024-02-13
105062,Nagpur,Maharashtra,2023-09-24
105063,Mysuru,Karnataka,2023-11-30
105064,Pune,Maharashtra,2023-09-27
105065,Udaipur,Rajasthan,2023-09-15
105066,Hyderabad,Telangana,2023-10-24
105067,Vadodara,Gujarat,2024-09-06
105068,New Delhi,Delhi,2023-01-16
105069,Mysuru,Karnataka,2023-11-27
105070,Chennai,Tamil Nadu,2023-06-04
105071,Mangaluru,Karnataka,2024-08-13
105072,New Delhi,Delhi,2025-06-25
105073,Coimbatore,Tamil Nadu,2024-12-18
105074,Chennai,Tamil Nadu,2023-08-15
105075,Thiruvananthapuram,Kerala,2024-04-12
105076,Mysuru,Karnataka,2023-01-19
105077,Madurai,Tamil Nadu,2024-01-12
105078,Pune,Maharashtra,2023-09-11
105079,New Delhi,Delhi,2024-04-02
105080,Ghaziabad,Uttar Pradesh,2024-01-08
105081,Nashik,Maharashtra,2024-09-13
105082,Hyderabad,Telangana,2024-05-14
105083,Coimbatore,Tamil Nadu,2025-05-05
105084,Mumbai,Maharashtra,2023-03-04
105085,Jaipur,Rajasthan,2025-05-10
105086,Chennai,Tamil Nadu,2024-12-21
105087,Kanpur,Uttar Pradesh,2024-10-11
105088,Chennai,Tamil Nadu,2023-02-15
105089,Udaipur,Rajasthan,2023-07-14
105090,Mysuru,Karnataka,2023-01-01
105091,Madurai,Tamil Nadu,2024-12-28
105092,Ghaziabad,Uttar Pradesh,2023-11-20
105093,New Delhi,Delhi,2023-11-26
105094,New Delhi,Delhi,2024-07-10
105095,Thiruvananthapuram,Kerala,2024-01-21
105096,Hyderabad,Telangana,2024-08-03
105097,Vadodara,Gujarat,2025-05-03
105098,Vadodara,Gujarat,2023-10-30
105099,Kolkata,West Bengal,2025-03-23
105100,Kolkata,West Bengal,2024-04-30
105101,Warangal,Telangana,2023-12-08
105102,Bengaluru,Karnataka,2025-04-17
105103,Mumbai,Maharashtra,2024-03-20
105104,Vadodara,Gujarat,2023-04-27
105105,Howrah,West Bengal,2023-09-19
105106,Coimbatore,Tamil Nadu,2025-02-09
105107,Nagpur,Maharashtra,2024-04-14
105108,Mysuru,Karnataka,2024-05-25
105109,Coimbatore,Tamil Nadu,2024-09-13
105110,Howrah,West Bengal,2023-06-27
105111,Nashik,Maharashtra,2023-03-26
105112,Surat,Gujarat,2024-02-06
105113,Lucknow,Uttar Pradesh,2025-04-17
105114,Jaipur,Rajasthan,2023-04-26
105115,Mumbai,Maharashtra,2024-10-16
105116,Jaipur,Rajasthan,2025-06-11
105117,Surat,Gujarat,2023-03-30
105118,Kanpur,Uttar Pradesh,2023-05-02
105119,Nashik,Maharashtra,2025-03-02
105120,Coimbatore,Tamil Nadu,2023-04-09
105121,Ahmedabad,Gujarat,2024-11-08
105122,Mangaluru,Karnataka,2024-12-27
105123,Madurai,Tamil Nadu,2023-10-13
105124,Warangal,Telangana,2023-09-23
105125,Hyderabad,Telangana,2024-04-20
105126,Pune,Maharashtra,2024-04-06
105127,Coimbatore,Tamil Nadu,2025-02-22
105128,Mangaluru,Karnataka,2024-06-23
105129,Udaipur,Rajasthan,2025-05-31
105130,Kochi,Kerala,2023-08-07
105131,Mysuru,Karnataka,2023-09-14
105132,Pune,Maharashtra,2023-08-08
105133,Bengaluru,Karnataka,2024-08-15
105134,Chennai,Tamil Nadu,2023-01-31
105135,Howrah,West Bengal,2025-02-22
105136,Coimbatore,Tamil Nadu,2024-12-04
105137,Nashik,Maharashtra,2025-06-19
105138,Pune,Maharashtra,2025-05-23
105139,Mangaluru,Karnataka,2023-03-06
105140,Kolkata,West Bengal,2024-11-12
105141,Ahmedabad,Gujarat,2024-04-03
105142,Warangal,Telangana,2024-11-01
105143,New Delhi,Delhi,2025-03-06
105144,Udaipur,Rajasthan,2024-06-15
105145,New Delhi,Delhi,2023-01-03
105146,Kolkata,West Bengal,2025-02-26
105147,Udaipur,Rajasthan,2024-02-03
105148,Chennai,Tamil Nadu,2024-02-22
105149,Udaipur,Rajasthan,2024-06-16
105150,Mysuru,Karnataka,2025-04-10
105151,Surat,Gujarat,2024-04-24
105152,Pune,Maharashtra,2023-07-09
105153,Chennai,Tamil Nadu,2024-10-29
105154,Mysuru,Karnataka,2024-07-30
105155,Pune,Maharashtra,2023-03-01
105156,Nagpur,Maharashtra,2024-04-30
105157,New Delhi,Delhi,2024-12-16
105158,Hyderabad,Telangana,2025-03-16
105159,Chennai,Tamil Nadu,2023-09-15
105160,Bengaluru,Karnataka,2024-04-21
105161,Kochi,Kerala,2025-01-20
105162,Jaipur,Rajasthan,2024-06-15
105163,Pune,Maharashtra,2024-01-18
105164,Chennai,Tamil Nadu,2023-06-17
105165,Ahmedabad,Gujarat,2023-02-09
105166,Ghaziabad,Uttar Pradesh,2024-09-20
105167,New Delhi,Delhi,2025-05-28
105168,Kanpur,Uttar Pradesh,2024-07-01
105169,Nagpur,Maharashtra,2024-12-12
105170,New Delhi,Delhi,2024-09-08
105171,Kanpur,Uttar Pradesh,2023-11-13
105172,Ahmedabad,Gujarat,2024-04-21
105173,Howrah,West Bengal,2023-09-03
105174,Nashik,Maharashtra,2023-07-23
105175,Pune,Maharashtra,2024-06-20
105176,Nashik,Maharashtra,2024-08-11
105177,Mangaluru,Karnataka,2025-06-18
105178,Nagpur,Maharashtra,2023-08-04
105179,Chennai,Tamil Nadu,2023-09-22
105180,Warangal,Telangana,2023-06-01
105181,Vadodara,Gujarat,2025-05-13
105182,New Delhi,Delhi,2024-12-12
105183,Nagpur,Maharashtra,2023-10-28
105184,Vadodara,Gujarat,2025-06-01
105185,Nagpur,Maharashtra,2024-10-03
105186,Kolkata,West Bengal,2024-03-09
105187,Nashik,Maharashtra,2023-12-14
105188,Hyderabad,Telangana,2024-06-02
105189,Jaipur,Rajasthan,2023-03-19
105190,Hyderabad,Telangana,2023-06-06
105191,Surat,Gujarat,2025-05-02
105192,Vadodara,Gujarat,2023-07-08
105193,Nashik,Maharashtra,2023-05-30
105194,Ahmedabad,Gujarat,2025-02-22
105195,Udaipur,Rajasthan,2025-05-10
105196,Thiruvananthapuram,Kerala,2025-01-15
105197,Madurai,Tamil Nadu,2023-04-05
105198,New Delhi,Delhi,2025-02-03
105199,Kanpur,Uttar Pradesh,2023-09-01
105200,Hyderabad,Telangana,2023-01-11
105201,Mysuru,Karnataka,2025-04-18
105202,Nashik,Maharashtra,2023-09-01
105203,Nagpur,Maharashtra,2024-08-22
105204,Coimbatore,Tamil Nadu,2023-03-09
105205,Mumbai,Maharashtra,2023-06-22
105206,Nagpur,Maharashtra,2025-03-13
105207,Pune,Maharashtra,2024-06-23
105208,Jaipur,Rajasthan,2025-06-28
105209,Nashik,Maharashtra,2023-06-14
105210,Mumbai,Maharashtra,2025-03-22
105211,Chennai,Tamil Nadu,2025-03-07
105212,Mangaluru,Karnataka,2025-04-21
105213,Thiruvananthapuram,Kerala,2023-02-15
105214,Jaipur,Rajasthan,2023-04-06
105215,New Delhi,Delhi,2024-04-27
105216,Madurai,Tamil Nadu,2023-04-16
105217,New Delhi,Delhi,2023-02-27
105218,Mumbai,Maharashtra,2025-01-09
105219,Bengaluru,Karnataka,2024-09-25
105220,Pune,Maharashtra,2025-02-07
105221,Nagpur,Maharashtra,2025-05-02
105222,Hyderabad,Telangana,2023-05-10
105223,Mumbai,Maharashtra,2025-01-27
105224,Nashik,Maharashtra,2023-02-09
105225,Coimbatore,Tamil Nadu,2023-12-05
105226,Coimbatore,Tamil Nadu,2023-09-29
105227,Nashik,Maharashtra,2023-08-04
105228,Mumbai,Maharashtra,2024-10-16
105229,Mangaluru,Karnataka,2023-04-21
105230,Mysuru,Karnataka,2025-01-07
105231,Ghaziabad,Uttar Pradesh,2025-03-06
105232,Udaipur,Rajasthan,2024-08-29
105233,New Delhi,Delhi,2023-03-15
105234,New Delhi,Delhi,2024-06-27
105235,Noida,Uttar Pradesh,2024-07-26
105236,Ahmedabad,Gujarat,2023-12-06
105237,Mysuru,Karnataka,2023-12-01
105238,Nagpur,Maharashtra,2024-03-03
105239,Chennai,Tamil Nadu,2025-06-26
105240,Hyderabad,Telangana,2023-01-04
105241,Nashik,Maharashtra,2024-04-08
105242,Mangaluru,Karnataka,2023-10-16
105243,Bengaluru,Karnataka,2024-05-14
105244,Mangaluru,Karnataka,2023-01-04
105245,Chennai,Tamil Nadu,2025-04-16
105246,Surat,Gujarat,2024-02-21
105247,Chennai,Tamil Nadu,2025-06-02
105248,Mysuru,Karnataka,2023-05-21
105249,Mumbai,Maharashtra,2024-06-15
105250,Kolkata,West Bengal,2024-09-11
105251,Chennai,Tamil Nadu,2024-12-26
105252,Mumbai,Maharashtra,2023-01-09
105253,Bengaluru,Karnataka,2024-08-01
105254,Kanpur,Uttar Pradesh,2023-05-15
105255,Ghaziabad,Uttar Pradesh,2024-01-25
105256,Kolkata,West Bengal,2023-02-18
105257,Vadodara,Gujarat,2023-02-22
105258,Coimbatore,Tamil Nadu,2024-11-29
105259,Chennai,Tamil Nadu,2024-10-15
105260,Bengaluru,Karnataka,2025-03-26
105261,Vadodara,Gujarat,2024-09-29
105262,Hyderabad,Telangana,2024-06-26
105263,Pune,Maharashtra,2023-04-17
105264,Jaipur,Rajasthan,2024-11-28
105265,New Delhi,Delhi,2023-07-29
105266,Nashik,Maharashtra,2023-04-08
105267,New Delhi,Delhi,2024-10-28
105268,Howrah,West Bengal,2024-06-19
105269,Jaipur,Rajasthan,2023-05-17
105270,Chennai,Tamil Nadu,2024-05-15
105271,Thiruvananthapuram,Kerala,2024-09-21
105272,Howrah,West Bengal,2024-03-30
105273,Kolkata,West Bengal,2024-10-16
105274,Kolkata,West Bengal,2024-04-04
105275,New Delhi,Delhi,2023-11-18
105276,Noida,Uttar Pradesh,2023-07-23
105277,Hyderabad,Telangana,2023-08-24
105278,Kanpur,Uttar Pradesh,2025-01-07
105279,Nagpur,Maharashtra,2023-12-06
105280,Ghaziabad,Uttar Pradesh,2024-10-14
105281,Thiruvananthapuram,Kerala,2023-11-24
105282,Mangaluru,Karnataka,2024-04-23
105283,Thiruvananthapuram,Kerala,2024-07-06
105284,New Delhi,Delhi,2024-03-11
105285,Mysuru,Karnataka,2024-11-08
105286,Pune,Maharashtra,2025-04-21
105287,Kanpur,Uttar Pradesh,2025-02-24
105288,Hyderabad,Telangana,2025-04-19
105289,Mangaluru,Karnataka,2023-01-28
105290,Ahmedabad,Gujarat,2024-11-22
105291,New Delhi,Delhi,2024-10-23
105292,Chennai,Tamil Nadu,2024-01-11
105293,Kolkata,West Bengal,2023-10-14
105294,Ahmedabad,Gujarat,2023-02-18
105295,Noida,Uttar Pradesh,2025-02-03
105296,Hyderabad,Telangana,2025-02-04
105297,Kochi,Kerala,2023-03-10
105298,Bengaluru,Karnataka,2024-06-14
105299,Mysuru,Karnataka,2024-05-17
105300,Pune,Maharashtra,2023-06-07
105301,Warangal,Telangana,2024-05-14
105302,Ahmedabad,Gujarat,2025-01-09
105303,Kanpur,Uttar Pradesh,2023-10-25
105304,New Delhi,Delhi,2024-10-23
105305,Nagpur,Maharashtra,2025-06-02
105306,Surat,Gujarat,2024-02-19
105307,Thiruvananthapuram,Kerala,2023-04-08
105308,Bengaluru,Karnataka,2023-09-28
105309,Mangaluru,Karnataka,2023-05-05
105310,Bengaluru,Karnataka,2023-11-18
105311,Coimbatore,Tamil Nadu,2024-08-09
105312,Bengaluru,Karnataka,2023-07-04
105313,New Delhi,Delhi,2024-04-13
105314,Surat,Gujarat,2025-06-28
105315,New Delhi,Delhi,2023-08-29
105316,New Delhi,Delhi,2025-03-12
105317,Nagpur,Maharashtra,2023-10-05
105318,Udaipur,Rajasthan,2024-07-13
105319,New Delhi,Delhi,2023-05-24
105320,New Delhi,Delhi,2023-09-02
105321,Nashik,Maharashtra,2025-03-01
105322,Vadodara,Gujarat,2024-06-21
105323,Howrah,West Bengal,2024-06-02
105324,Nagpur,Maharashtra,2024-04-10
105325,Nashik,Maharashtra,2023-08-12
105326,Mumbai,Maharashtra,2025-04-26
105327,Vadodara,Gujarat,2023-12-25
105328,Udaipur,Rajasthan,2023-01-11
105329,Coimbatore,Tamil Nadu,2025-04-05
105330,New Delhi,Delhi,2023-02-12
105331,Kanpur,Uttar Pradesh,2025-03-18
105332,Ghaziabad,Uttar Pradesh,2023-08-31
105333,Mangaluru,Karnataka,2023-03-04
105334,Mumbai,Maharashtra,2023-07-20
105335,New Delhi,Delhi,2024-08-18
105336,Ghaziabad,Uttar Pradesh,2024-05-12
105337,Kanpur,Uttar Pradesh,2023-05-20
105338,Vadodara,Gujarat,2023-10-01
105339,Howrah,West Bengal,2023-07-12
105340,Mangaluru,Karnataka,2024-08-18
105341,New Delhi,Delhi,2025-02-26
105342,Mumbai,Maharashtra,2023-08-21
105343,Howrah,West Bengal,2025-03-26
105344,Warangal,Telangana,2024-01-07
105345,Mangaluru,Karnataka,2023-03-17
105346,Nagpur,Maharashtra,2023-10-21
105347,Ghaziabad,Uttar Pradesh,2025-03-07
105348,Ghaziabad,Uttar Pradesh,2025-01-06
105349,Ahmedabad,Gujarat,2024-10-25
105350,Mangaluru,Karnataka,2023-12-30
105351,Udaipur,Rajasthan,2024-12-07
105352,Kanpur,Uttar Pradesh,2024-10-09
105353,Ahmedabad,Gujarat,2024-12-22
105354,Vadodara,Gujarat,2024-05-23
105355,Jaipur,Rajasthan,2024-04-07
105356,Jaipur,Rajasthan,2025-05-30
105357,Ahmedabad,Gujarat,2025-05-12
105358,Madurai,Tamil Nadu,2024-05-03
105359,New Delhi,Delhi,2023-07-02
105360,Kolkata,West Bengal,2024-01-08
105361,Ahmedabad,Gujarat,2024-04-05
105362,Mumbai,Maharashtra,2024-09-08
105363,Nashik,Maharashtra,2023-10-18
105364,Jaipur,Rajasthan,2023-02-11
105365,Udaipur,Rajasthan,2025-01-19
105366,Kochi,Kerala,2025-05-14
105367,Madurai,Tamil Nadu,2023-03-17
105368,Kanpur,Uttar Pradesh,2023-10-18
105369,Kolkata,West Bengal,2024-01-31
105370,New Delhi,Delhi,2024-11-23
105371,Nashik,Maharashtra,2024-12-05
105372,Kochi,Kerala,2023-11-09
105373,Nashik,Maharashtra,2023-10-12
105374,Surat,Gujarat,2024-01-05
105375,Surat,Gujarat,2023-08-08
105376,Ahmedabad,Gujarat,2024-02-02
105377,Bengaluru,Karnataka,2023-08-28
105378,Noida,Uttar Pradesh,2023-02-24
105379,Mangaluru,Karnataka,2024-10-12
105380,Kolkata,West Bengal,2024-12-18
105381,Bengaluru,Karnataka,2023-09-19
105382,Noida,Uttar Pradesh,2024-01-01
105383,Ghaziabad,Uttar Pradesh,2024-01-02
105384,Mangaluru,Karnataka,2023-01-21
105385,Mangaluru,Karnataka,2024-05-12
105386,Noida,Uttar Pradesh,2024-02-22
105387,Nagpur,Maharashtra,2025-05-07
105388,Mangaluru,Karnataka,2023-12-05
105389,Chennai,Tamil Nadu,2024-12-24
105390,Udaipur,Rajasthan,2023-12-22
105391,Hyderabad,Telangana,2023-06-18
105392,New Delhi,Delhi,2023-11-14
105393,Thiruvananthapuram,Kerala,2025-03-15
105394,Coimbatore,Tamil Nadu,2023-08-22
105395,Madurai,Tamil Nadu,2025-02-08
105396,Coimbatore,Tamil Nadu,2024-08-29
105397,New Delhi,Delhi,2024-11-09
105398,New Delhi,Delhi,2024-11-16
105399,Vadodara,Gujarat,2024-04-15
105400,Nashik,Maharashtra,2024-07-02
105401,Ahmedabad,Gujarat,2023-03-05
105402,Mysuru,Karnataka,2024-09-28
105403,New Delhi,Delhi,2024-10-10
105404,Pune,Maharashtra,2023-04-05
105405,Hyderabad,Telangana,2024-04-17
105406,Ghaziabad,Uttar Pradesh,2024-04-08
105407,New Delhi,Delhi,2023-10-10
105408,Mumbai,Maharashtra,2023-03-02
105409,Bengaluru,Karnataka,2023-01-10
105410,Kolkata,West Bengal,2023-07-09
105411,Mangaluru,Karnataka,2023-07-30
105412,Noida,Uttar Pradesh,2023-07-13
105413,New Delhi,Delhi,2024-07-05
105414,Mysuru,Karnataka,2024-01-19
105415,Kanpur,Uttar Pradesh,2023-04-13
105416,Coimbatore,Tamil Nadu,2023-03-18
105417,Nagpur,Maharashtra,2024-08-20
105418,Thiruvananthapuram,Kerala,2025-05-01
105419,Nashik,Maharashtra,2025-01-16
105420,New Delhi,Delhi,2024-11-21
105421,New Delhi,Delhi,2023-10-17
105422,Madurai,Tamil Nadu,2024-10-03
105423,Lucknow,Uttar Pradesh,2023-03-16
105424,Pune,Maharashtra,2023-06-06
105425,Jaipur,Rajasthan,2023-05-08
105426,Surat,Gujarat,2023-06-17
105427,Thiruvananthapuram,Kerala,2023-11-23
105428,Howrah,West Bengal,2023-02-09
105429,Udaipur,Rajasthan,2025-01-11
105430,Surat,Gujarat,2024-10-13
105431,New Delhi,Delhi,2024-07-31
105432,Madurai,Tamil Nadu,2023-06-09
105433,Vadodara,Gujarat,2025-03-01
105434,Coimbatore,Tamil Nadu,2023-01-06
105435,Ghaziabad,Uttar Pradesh,2025-06-24
105436,Nashik,Maharashtra,2024-10-24
105437,Kolkata,West Bengal,2023-07-04
105438,Bengaluru,Karnataka,2023-06-29
105439,Udaipur,Rajasthan,2024-09-24
105440,Pune,Maharashtra,2025-01-06
105441,Pune,Maharashtra,2024-02-29
105442,Howrah,West Bengal,2023-02-24
105443,Howrah,West Bengal,2024-03-25
105444,Noida,Uttar Pradesh,2024-03-12
105445,Kochi,Kerala,2023-10-24
105446,Mangaluru,Karnataka,2025-04-02
105447,Howrah,West Bengal,2023-11-09
105448,New Delhi,Delhi,2023-08-10
105449,Hyderabad,Telangana,2024-09-08
105450,Madurai,Tamil Nadu,2024-07-17
105451,Mumbai,Maharashtra,2024-07-19
105452,Warangal,Telangana,2024-04-04
105453,Noida,Uttar Pradesh,2023-10-18
105454,Nagpur,Maharashtra,2023-08-23
105455,Udaipur,Rajasthan,2023-04-19
105456,Warangal,Telangana,2023-06-19
105457,Nashik,Maharashtra,2024-06-10
105458,Surat,Gujarat,2024-01-05
105459,Bengaluru,Karnataka,2024-11-04
105460,Pune,Maharashtra,2025-01-02
105461,Ahmedabad,Gujarat,2024-05-23
105462,Pune,Maharashtra,2023-04-06
105463,Mumbai,Maharashtra,2023-01-04
105464,Ghaziabad,Uttar Pradesh,2023-07-28
105465,Mumbai,Maharashtra,2023-09-15
105466,Noida,Uttar Pradesh,2023-03-09
105467,Kanpur,Uttar Pradesh,2024-12-10
105468,Nagpur,Maharashtra,2023-12-01
105469,Hyderabad,Telangana,2024-11-07
105470,Nagpur,Maharashtra,2023-07-10
105471,Ahmedabad,Gujarat,2023-01-10
105472,Nashik,Maharashtra,2023-05-05
105473,Jaipur,Rajasthan,2024-03-04
105474,Mysuru,Karnataka,2024-03-12
105475,Surat,Gujarat,2024-02-03
105476,Pune,Maharashtra,2025-05-24
105477,Mangaluru,Karnataka,2024-08-17
105478,Coimbatore,Tamil Nadu,2024-10-28
105479,Warangal,Telangana,2023-04-24
105480,Kochi,Kerala,2024-02-29
105481,Nagpur,Maharashtra,2024-07-20
105482,Nashik,Maharashtra,2024-06-16
105483,New Delhi,Delhi,2025-05-12
105484,New Delhi,Delhi,2024-03-09
105485,Udaipur,Rajasthan,2023-12-05
105486,Jaipur,Rajasthan,2025-05-10
105487,Jaipur,Rajasthan,2023-11-04
105488,Pune,Maharashtra,2024-06-03
105489,Madurai,Tamil Nadu,2023-01-26
105490,Ghaziabad,Uttar Pradesh,2023-05-31
105491,New Delhi,Delhi,2023-02-22
105492,Surat,Gujarat,2024-01-16
105493,Mangaluru,Karnataka,2025-04-28
105494,New Delhi,Delhi,2023-03-06
105495,Kolkata,West Bengal,2025-06-07
105496,Mangaluru,Karnataka,2025-03-02
105497,Thiruvananthapuram,Kerala,2023-01-06
105498,Mangaluru,Karnataka,2023-01-15
105499,Nagpur,Maharashtra,2025-03-31
105500,Mangaluru,Karnataka,2024-06-17
105501,Nagpur,Maharashtra,2023-06-08
105502,Madurai,Tamil Nadu,2025-05-18
105503,Mumbai,Maharashtra,2024-05-26
105504,Surat,Gujarat,2024-08-01
105505,Kolkata,West Bengal,2024-09-09
105506,New Delhi,Delhi,2023-07-03
105507,Nashik,Maharashtra,2023-11-24
105508,New Delhi,Delhi,2023-04-28
105509,Ghaziabad,Uttar Pradesh,2024-04-26
105510,Vadodara,Gujarat,2025-06-18
105511,Mumbai,Maharashtra,2024-07-25
105512,Hyderabad,Telangana,2024-09-22
105513,Chennai,Tamil Nadu,2023-06-26
105514,New Delhi,Delhi,2024-05-08
105515,Nashik,Maharashtra,2025-06-24
105516,Kochi,Kerala,2023-03-22
105517,Nagpur,Maharashtra,2023-07-05
105518,Mysuru,Karnataka,2024-10-17
105519,Nashik,Maharashtra,2023-01-10
105520,Warangal,Telangana,2023-07-08
105521,Madurai,Tamil Nadu,2025-05-10
105522,Mysuru,Karnataka,2023-01-18
105523,Chennai,Tamil Nadu,2024-01-26
105524,Vadodara,Gujarat,2023-10-28
105525,Bengaluru,Karnataka,2023-12-30
105526,Jaipur,Rajasthan,2023-08-24
105527,Mysuru,Karnataka,2023-09-09
105528,Mysuru,Karnataka,2024-11-24
105529,Thiruvananthapuram,Kerala,2023-01-24
105530,Kolkata,West Bengal,2023-04-29
105531,New Delhi,Delhi,2023-08-30
105532,Howrah,West Bengal,2025-01-22
105533,Hyderabad,Telangana,2023-12-25
105534,New Delhi,Delhi,2023-02-01
105535,Howrah,West Bengal,2024-04-19
105536,Kanpur,Uttar Pradesh,2024-07-25
105537,Mysuru,Karnataka,2024-02-21
105538,Ahmedabad,Gujarat,2023-03-22
105539,New Delhi,Delhi,2025-03-11
105540,Mumbai,Maharashtra,2025-02-20
105541,Kochi,Kerala,2025-04-10
105542,Hyderabad,Telangana,2025-05-28
105543,Vadodara,Gujarat,2023-10-16
105544,Ahmedabad,Gujarat,2024-01-20
105545,Warangal,Telangana,2025-05-24
105546,Mysuru,Karnataka,2024-02-14
105547,Kochi,Kerala,2025-02-26
105548,Surat,Gujarat,2024-08-13
105549,Vadodara,Gujarat,2025-04-25
105550,Madurai,Tamil Nadu,2023-01-10
105551,Mysuru,Karnataka,2024-10-05
105552,Pune,Maharashtra,2024-12-30
105553,New Delhi,Delhi,2023-06-30
105554,Nashik,Maharashtra,2024-10-31
105555,Ahmedabad,Gujarat,2023-06-27
105556,Howrah,West Bengal,2025-04-04
105557,Mangaluru,Karnataka,2025-04-07
105558,New Delhi,Delhi,2023-01-04
105559,Ahmedabad,Gujarat,2024-04-06
105560,Nashik,Maharashtra,2023-12-15
105561,Jaipur,Rajasthan,2025-03-22
105562,New Delhi,Delhi,2023-10-19
105563,Pune,Maharashtra,2024-10-18
105564,Pune,Maharashtra,2023-04-17
105565,Jaipur,Rajasthan,2023-07-13
105566,Mangaluru,Karnataka,2025-06-16
105567,Surat,Gujarat,2023-12-17
105568,Nagpur,Maharashtra,2024-11-28
105569,Mysuru,Karnataka,2025-05-31
105570,Howrah,West Bengal,2025-05-29
105571,Nashik,Maharashtra,2023-01-18
105572,Nagpur,Maharashtra,2023-07-31
105573,Chennai,Tamil Nadu,2024-10-12
105574,Kolkata,West Bengal,2025-04-24
105575,New Delhi,Delhi,2025-06-10
105576,Pune,Maharashtra,2023-04-05
105577,Kochi,Kerala,2024-11-07
105578,Ahmedabad,Gujarat,2023-09-05
105579,Kolkata,West Bengal,2024-05-13
105580,Ghaziabad,Uttar Pradesh,2023-06-17
105581,Lucknow,Uttar Pradesh,2025-02-07
105582,New Delhi,Delhi,2025-06-19
105583,New Delhi,Delhi,2024-04-06
105584,Ghaziabad,Uttar Pradesh,2025-01-10
105585,Kanpur,Uttar Pradesh,2023-02-24
105586,Thiruvananthapuram,Kerala,2023-09-05
105587,Warangal,Telangana,2023-04-26
105588,Mangaluru,Karnataka,2023-09-16
105589,Chennai,Tamil Nadu,2023-12-09
105590,Ahmedabad,Gujarat,2024-01-28
105591,Coimbatore,Tamil Nadu,2023-10-21
105592,Noida,Uttar Pradesh,2024-05-11
105593,Hyderabad,Telangana,2023-07-20
105594,Mumbai,Maharashtra,2023-11-13
105595,Warangal,Telangana,2025-02-04
105596,Surat,Gujarat,2024-05-27
105597,Jaipur,Rajasthan,2023-01-25
105598,Madurai,Tamil Nadu,2023-10-27
105599,Warangal,Telangana,2025-01-25
105600,Madurai,Tamil Nadu,2023-06-14
105601,Hyderabad,Telangana,2025-04-19
105602,Nashik,Maharashtra,2023-09-27
105603,Jaipur,Rajasthan,2024-07-28
105604,Udaipur,Rajasthan,2024-03-08
105605,Warangal,Telangana,2024-12-27
105606,Hyderabad,Telangana,2023-05-16
105607,Pune,Maharashtra,2023-11-17
105608,Ahmedabad,Gujarat,2024-06-01
105609,Coimbatore,Tamil Nadu,2023-08-26
105610,Kanpur,Uttar Pradesh,2023-12-08
105611,Pune,Maharashtra,2025-03-18
105612,Kanpur,Uttar Pradesh,2023-07-28
105613,Mangaluru,Karnataka,2023-06-22
105614,Ahmedabad,Gujarat,2024-06-15
105615,Ahmedabad,Gujarat,2023-04-01
105616,Bengaluru,Karnataka,2023-01-02
105617,Coimbatore,Tamil Nadu,2025-03-03
105618,Kolkata,West Bengal,2023-09-09
105619,Vadodara,Gujarat,2023-04-20
105620,Pune,Maharashtra,2024-08-20
105621,Coimbatore,Tamil Nadu,2024-03-14
105622,New Delhi,Delhi,2024-02-19
105623,Ahmedabad,Gujarat,2024-02-04
105624,Ahmedabad,Gujarat,2023-05-13
105625,Mumbai,Maharashtra,2025-02-21
105626,Surat,Gujarat,2023-01-02
105627,Noida,Uttar Pradesh,2024-03-16
105628,Noida,Uttar Pradesh,2023-09-04
105629,Nagpur,Maharashtra,2024-08-07
105630,Mysuru,Karnataka,2024-05-15
105631,Chennai,Tamil Nadu,2023-12-17
105632,Pune,Maharashtra,2024-05-01
105633,Coimbatore,Tamil Nadu,2023-07-26
105634,Nashik,Maharashtra,2023-04-30
105635,Pune,Maharashtra,2025-04-04
105636,Vadodara,Gujarat,2024-07-13
105637,Bengaluru,Karnataka,2024-08-18
105638,Noida,Uttar Pradesh,2025-06-29
105639,Pune,Maharashtra,2025-04-03
105640,Hyderabad,Telangana,2024-06-16
105641,New Delhi,Delhi,2024-12-22
105642,Kanpur,Uttar Pradesh,2024-04-25
105643,Lucknow,Uttar Pradesh,2023-08-05
105644,New Delhi,Delhi,2024-07-21
105645,Surat,Gujarat,2025-04-11
105646,Mysuru,Karnataka,2025-03-12
105647,Hyderabad,Telangana,2024-04-05
105648,Pune,Maharashtra,2025-05-11
105649,Madurai,Tamil Nadu,2023-06-29
105650,Mysuru,Karnataka,2023-02-07
105651,Udaipur,Rajasthan,2024-01-03
105652,Coimbatore,Tamil Nadu,2023-07-06
105653,Surat,Gujarat,2025-05-22
105654,New Delhi,Delhi,2023-04-16
105655,Mangaluru,Karnataka,2024-05-02
105656,Mangaluru,Karnataka,2024-12-04
105657,Jaipur,Rajasthan,2023-04-12
105658,Ghaziabad,Uttar Pradesh,2023-02-11
105659,Mumbai,Maharashtra,2024-05-19
105660,Lucknow,Uttar Pradesh,2025-04-02
105661,Chennai,Tamil Nadu,2023-01-15
105662,Nagpur,Maharashtra,2023-01-19
105663,Warangal,Telangana,2025-04-23
105664,Pune,Maharashtra,2024-07-02
105665,Bengaluru,Karnataka,2023-09-09
105666,Kanpur,Uttar Pradesh,2023-10-12
105667,Bengaluru,Karnataka,2024-03-04
105668,Jaipur,Rajasthan,2023-07-14
105669,Surat,Gujarat,2024-02-07
105670,Howrah,West Bengal,2025-05-19
105671,Vadodara,Gujarat,2024-11-13
105672,Kolkata,West Bengal,2025-03-02
105673,New Delhi,Delhi,2024-03-28
105674,Warangal,Telangana,2024-12-18
105675,Warangal,Telangana,2024-01-19
105676,Jaipur,Rajasthan,2024-07-16
105677,Nagpur,Maharashtra,2024-10-27
105678,Hyderabad,Telangana,2025-01-21
105679,Noida,Uttar Pradesh,2025-04-23
105680,New Delhi,Delhi,2023-04-07
105681,Kolkata,West Bengal,2024-12-24
105682,New Delhi,Delhi,2024-10-08
105683,Nashik,Maharashtra,2024-11-02
105684,Hyderabad,Telangana,2023-01-14
105685,Coimbatore,Tamil Nadu,2024-03-20
105686,Nashik,Maharashtra,2025-05-25
105687,Nashik,Maharashtra,2025-03-31
105688,Mysuru,Karnataka,2023-07-30
105689,Noida,Uttar Pradesh,2024-03-19
105690,Udaipur,Rajasthan,2025-02-26
105691,Warangal,Telangana,2025-04-27
105692,Nashik,Maharashtra,2023-10-29
105693,Warangal,Telangana,2025-01-01
105694,Howrah,West Bengal,2025-01-30
105695,Noida,Uttar Pradesh,2023-05-17
105696,Bengaluru,Karnataka,2023-01-30
105697,Nagpur,Maharashtra,2023-02-12
105698,Udaipur,Rajasthan,2023-05-13
105699,Kolkata,West Bengal,2024-11-05
105700,Pune,Maharashtra,2024-09-16
105701,Howrah,West Bengal,2023-03-23
105702,Pune,Maharashtra,2024-07-02
105703,Mumbai,Maharashtra,2024-11-09
105704,Ghaziabad,Uttar Pradesh,2025-06-08
105705,Hyderabad,Telangana,2023-10-18
105706,Chennai,Tamil Nadu,2024-05-11
105707,Jaipur,Rajasthan,2024-03-16
105708,Kolkata,West Bengal,2023-11-13
105709,Nashik,Maharashtra,2024-08-05
105710,Ahmedabad,Gujarat,2024-05-29
105711,Noida,Uttar Pradesh,2025-01-28
105712,Hyderabad,Telangana,2023-01-26
105713,Kochi,Kerala,2023-07-22
105714,Surat,Gujarat,2024-06-11
105715,Pune,Maharashtra,2024-06-06
105716,Mangaluru,Karnataka,2025-04-02
105717,Kolkata,West Bengal,2024-09-06
105718,Thiruvananthapuram,Kerala,2023-01-04
105719,Mumbai,Maharashtra,2024-03-21
105720,Pune,Maharashtra,2025-02-09
105721,Lucknow,Uttar Pradesh,2025-03-06
105722,Mumbai,Maharashtra,2024-03-10
105723,Pune,Maharashtra,2023-04-07
105724,Jaipur,Rajasthan,2023-07-14
105725,Lucknow,Uttar Pradesh,2025-02-10
105726,Udaipur,Rajasthan,2023-11-07
105727,Vadodara,Gujarat,2024-11-26
105728,New Delhi,Delhi,2023-02-02
105729,Udaipur,Rajasthan,2024-03-23
105730,Bengaluru,Karnataka,2025-05-15
105731,Mysuru,Karnataka,2023-08-12
105732,Udaipur,Rajasthan,2023-01-28
105733,Vadodara,Gujarat,2023-09-20
105734,Jaipur,Rajasthan,2023-02-27
105735,Nashik,Maharashtra,2024-07-11
105736,Thiruvananthapuram,Kerala,2023-06-24
105737,Surat,Gujarat,2023-08-13
105738,Vadodara,Gujarat,2024-06-19
105739,Udaipur,Rajasthan,2023-10-24
105740,New Delhi,Delhi,2024-08-15
105741,Ghaziabad,Uttar Pradesh,2025-04-27
105742,Vadodara,Gujarat,2025-04-28
105743,Ghaziabad,Uttar Pradesh,2024-10-26
105744,Udaipur,Rajasthan,2025-06-01
105745,Vadodara,Gujarat,2024-11-01
105746,Pune,Maharashtra,2023-03-03
105747,Mysuru,Karnataka,2025-05-20
105748,Thiruvananthapuram,Kerala,2024-05-31
105749,Thiruvananthapuram,Kerala,2023-01-06
105750,Kochi,Kerala,2024-07-19
105751,Pune,Maharashtra,2023-08-11
105752,New Delhi,Delhi,2024-05-01
105753,Kanpur,Uttar Pradesh,2024-08-22
105754,Ghaziabad,Uttar Pradesh,2023-01-26
105755,Nashik,Maharashtra,2024-02-04
105756,Ahmedabad,Gujarat,2023-02-20
105757,Nashik,Maharashtra,2023-04-13
105758,Madurai,Tamil Nadu,2023-07-12
105759,Bengaluru,Karnataka,2024-12-12
105760,Mumbai,Maharashtra,2024-01-12
105761,Mumbai,Maharashtra,2023-02-12
105762,Udaipur,Rajasthan,2024-11-11
105763,Ghaziabad,Uttar Pradesh,2024-05-10
105764,Udaipur,Rajasthan,2023-05-10
105765,Coimbatore,Tamil Nadu,2024-05-27
105766,Coimbatore,Tamil Nadu,2023-08-15
105767,New Delhi,Delhi,2024-08-02
105768,Vadodara,Gujarat,2025-05-13
105769,New Delhi,Delhi,2023-10-15
105770,Noida,Uttar Pradesh,2024-11-10
105771,Lucknow,Uttar Pradesh,2023-01-22
105772,Kolkata,West Bengal,2024-01-06
105773,Mangaluru,Karnataka,2025-03-20
105774,Warangal,Telangana,2023-03-09
105775,Mangaluru,Karnataka,2025-04-26
105776,Nashik,Maharashtra,2023-03-27
105777,Noida,Uttar Pradesh,2024-03-15
105778,Warangal,Telangana,2023-06-14
105779,Noida,Uttar Pradesh,2023-01-19
105780,Nashik,Maharashtra,2023-11-15
105781,Thiruvananthapuram,Kerala,2024-06-13
105782,Thiruvananthapuram,Kerala,2024-10-20
105783,Chennai,Tamil Nadu,2023-10-15
105784,Howrah,West Bengal,2024-03-24
105785,Mangaluru,Karnataka,2023-06-16
105786,Noida,Uttar Pradesh,2024-10-26
105787,Howrah,West Bengal,2023-06-03
105788,Howrah,West Bengal,2025-02-23
105789,Kolkata,West Bengal,2023-06-13
105790,Coimbatore,Tamil Nadu,2024-08-27
105791,Kolkata,West Bengal,2023-10-29
105792,Kanpur,Uttar Pradesh,2025-06-26
105793,Nashik,Maharashtra,2023-09-13
105794,Nagpur,Maharashtra,2025-05-14
105795,Kanpur,Uttar Pradesh,2025-01-31
105796,Vadodara,Gujarat,2024-03-02
105797,Warangal,Telangana,2024-03-27
105798,Jaipur,Rajasthan,2023-11-19
105799,Vadodara,Gujarat,2024-01-25
105800,New Delhi,Delhi,2024-02-29
105801,Chennai,Tamil Nadu,2023-05-13
105802,Surat,Gujarat,2023-10-22
105803,Lucknow,Uttar Pradesh,2025-03-08
105804,Warangal,Telangana,2025-06-10
105805,Madurai,Tamil Nadu,2023-02-19
105806,Kanpur,Uttar Pradesh,2024-10-29
105807,Lucknow,Uttar Pradesh,2023-08-07
105808,Howrah,West Bengal,2024-08-18
105809,Nashik,Maharashtra,2024-07-20
105810,Lucknow,Uttar Pradesh,2025-03-11
105811,Warangal,Telangana,2024-10-01
105812,Pune,Maharashtra,2025-01-20
105813,Ahmedabad,Gujarat,2024-12-30
105814,Kanpur,Uttar Pradesh,2024-08-12
105815,Warangal,Telangana,2024-01-09
105816,Lucknow,Uttar Pradesh,2023-11-04
105817,Mysuru,Karnataka,2023-11-12
105818,Mangaluru,Karnataka,2023-11-23
105819,New Delhi,Delhi,2023-09-20
105820,Madurai,Tamil Nadu,2023-10-11
105821,Ghaziabad,Uttar Pradesh,2024-06-01
105822,Howrah,West Bengal,2023-09-04
105823,Lucknow,Uttar Pradesh,2023-11-14
105824,Mumbai,Maharashtra,2024-10-07
105825,New Delhi,Delhi,2023-10-26
105826,Mumbai,Maharashtra,2023-04-08
105827,Surat,Gujarat,2023-01-16
105828,Mysuru,Karnataka,2024-11-28
105829,Warangal,Telangana,2025-05-13
105830,Noida,Uttar Pradesh,2024-09-13
105831,Vadodara,Gujarat,2023-02-25
105832,Mangaluru,Karnataka,2024-05-28
105833,New Delhi,Delhi,2023-09-04
105834,Vadodara,Gujarat,2023-10-20
105835,Warangal,Telangana,2025-04-19
105836,Mumbai,Maharashtra,2025-01-21
105837,Kolkata,West Bengal,2024-10-31
105838,Warangal,Telangana,2024-04-01
105839,Coimbatore,Tamil Nadu,2024-06-10
105840,Mysuru,Karnataka,2025-04-14
105841,New Delhi,Delhi,2024-08-25
105842,New Delhi,Delhi,2024-06-11
105843,Mysuru,Karnataka,2023-03-30
105844,Warangal,Telangana,2025-06-26
105845,Chennai,Tamil Nadu,2025-01-06
105846,Udaipur,Rajasthan,2023-11-29
105847,Jaipur,Rajasthan,2023-08-16
105848,Mysuru,Karnataka,2025-05-31
105849,Pune,Maharashtra,2025-05-21
105850,Kanpur,Uttar Pradesh,2024-01-18
105851,Thiruvananthapuram,Kerala,2023-07-30
105852,Howrah,West Bengal,2024-12-27
105853,Mumbai,Maharashtra,2024-07-23
105854,Mangaluru,Karnataka,2025-03-30
105855,Pune,Maharashtra,2024-05-11
105856,Kolkata,West Bengal,2024-05-17
105857,Hyderabad,Telangana,2023-05-11
105858,Warangal,Telangana,2024-07-03
105859,Hyderabad,Telangana,2023-11-27
105860,Bengaluru,Karnataka,2023-07-07
105861,Ahmedabad,Gujarat,2024-12-12
105862,Nagpur,Maharashtra,2023-11-12
105863,Vadodara,Gujarat,2023-07-13
105864,Lucknow,Uttar Pradesh,2025-05-25
105865,Ahmedabad,Gujarat,2025-05-27
105866,New Delhi,Delhi,2024-03-26
105867,Kolkata,West Bengal,2023-09-27
105868,Kanpur,Uttar Pradesh,2023-05-28
105869,Mumbai,Maharashtra,2024-07-24
105870,Bengaluru,Karnataka,2024-07-10
105871,Ahmedabad,Gujarat,2024-07-17
105872,Mysuru,Karnataka,2024-11-30
105873,Mumbai,Maharashtra,2024-03-04
105874,Mumbai,Maharashtra,2024-09-14
105875,Mumbai,Maharashtra,2024-08-20
105876,Madurai,Tamil Nadu,2024-12-25
105877,Surat,Gujarat,2024-11-08
105878,Nashik,Maharashtra,2023-02-02
105879,Lucknow,Uttar Pradesh,2024-07-17
105880,Bengaluru,Karnataka,2025-06-07
105881,New Delhi,Delhi,2024-05-25
105882,Bengaluru,Karnataka,2024-04-27
105883,Ghaziabad,Uttar Pradesh,2024-07-06
105884,Thiruvananthapuram,Kerala,2024-05-25
105885,Chennai,Tamil Nadu,2024-01-02
105886,Nagpur,Maharashtra,2025-06-24
105887,Mysuru,Karnataka,2023-03-06
105888,Mumbai,Maharashtra,2025-01-11
105889,Howrah,West Bengal,2023-05-26
105890,Mumbai,Maharashtra,2023-07-08
105891,Kochi,Kerala,2024-07-06
105892,Warangal,Telangana,2024-08-04
105893,Hyderabad,Telangana,2025-04-24
105894,Kolkata,West Bengal,2023-09-26
105895,Mumbai,Maharashtra,2023-01-24
105896,Kanpur,Uttar Pradesh,2023-08-21
105897,Nagpur,Maharashtra,2024-05-10
105898,Kolkata,West Bengal,2023-11-22
105899,Hyderabad,Telangana,2023-08-18
105900,Pune,Maharashtra,2025-04-12
105901,Howrah,West Bengal,2024-05-26
105902,Nashik,Maharashtra,2024-09-04
105903,Pune,Maharashtra,2024-11-13
105904,Kanpur,Uttar Pradesh,2024-01-08
105905,Madurai,Tamil Nadu,2024-10-31
105906,Jaipur,Rajasthan,2025-05-27
105907,Ahmedabad,Gujarat,2024-10-22
105908,Ahmedabad,Gujarat,2023-09-28
105909,Mysuru,Karnataka,2024-12-10
105910,Nashik,Maharashtra,2023-08-04
105911,Kochi,Kerala,2023-03-08
105912,Mumbai,Maharashtra,2024-02-09
105913,Hyderabad,Telangana,2024-04-09
105914,Mysuru,Karnataka,2024-03-03
105915,Bengaluru,Karnataka,2023-08-27
105916,Ahmedabad,Gujarat,2023-09-06
105917,Kanpur,Uttar Pradesh,2025-04-19
105918,Ghaziabad,Uttar Pradesh,2023-09-23
105919,Kolkata,West Bengal,2024-12-14
105920,Mysuru,Karnataka,2023-08-23
105921,Coimbatore,Tamil Nadu,2023-04-08
105922,Nagpur,Maharashtra,2023-02-27
105923,Ghaziabad,Uttar Pradesh,2023-08-10
105924,Mangaluru,Karnataka,2025-02-05
105925,Hyderabad,Telangana,2024-02-19
105926,Nashik,Maharashtra,2024-09-25
105927,Kolkata,West Bengal,2025-05-27
105928,Howrah,West Bengal,2023-02-13
105929,Kolkata,West Bengal,2023-04-10
105930,Mumbai,Maharashtra,2025-04-18
105931,Kochi,Kerala,2024-06-01
105932,Bengaluru,Karnataka,2024-07-16
105933,Mysuru,Karnataka,2023-11-07
105934,Mysuru,Karnataka,2025-01-23
105935,Mangaluru,Karnataka,2024-08-11
105936,Hyderabad,Telangana,2023-08-23
105937,Bengaluru,Karnataka,2024-08-13
105938,New Delhi,Delhi,2023-01-04
105939,Ahmedabad,Gujarat,2023-08-08
105940,Kolkata,West Bengal,2023-07-05
105941,Kanpur,Uttar Pradesh,2024-12-16
105942,Surat,Gujarat,2024-10-31
105943,Mumbai,Maharashtra,2023-03-25
105944,Kolkata,West Bengal,2025-04-05
105945,Nashik,Maharashtra,2025-01-15
105946,Mysuru,Karnataka,2024-02-01
105947,Mumbai,Maharashtra,2023-07-13
105948,Vadodara,Gujarat,2024-01-18
105949,New Delhi,Delhi,2024-06-21
105950,Ahmedabad,Gujarat,2024-07-28
105951,New Delhi,Delhi,2023-11-13
105952,Chennai,Tamil Nadu,2023-04-03
105953,Madurai,Tamil Nadu,2024-07-09
105954,Nagpur,Maharashtra,2024-10-04
105955,Chennai,Tamil Nadu,2023-09-01
105956,Vadodara,Gujarat,2024-08-05
105957,Hyderabad,Telangana,2024-06-02
105958,Nagpur,Maharashtra,2024-04-01
105959,Surat,Gujarat,2023-01-08
105960,Mangaluru,Karnataka,2023-10-07
105961,Nashik,Maharashtra,2023-12-08
105962,Nashik,Maharashtra,2025-01-29
105963,Madurai,Tamil Nadu,2025-01-22
105964,New Delhi,Delhi,2025-03-06
105965,Kanpur,Uttar Pradesh,2024-02-26
105966,Bengaluru,Karnataka,2023-10-25
105967,Kanpur,Uttar Pradesh,2024-03-30
105968,Mysuru,Karnataka,2024-12-22
105969,Vadodara,Gujarat,2024-07-20
105970,Noida,Uttar Pradesh,2024-07-01
105971,New Delhi,Delhi,2024-01-31
105972,Nagpur,Maharashtra,2024-09-26
105973,Hyderabad,Telangana,2025-02-28
105974,Thiruvananthapuram,Kerala,2024-08-31
105975,Kochi,Kerala,2024-01-03
105976,Mysuru,Karnataka,2025-02-04
105977,Noida,Uttar Pradesh,2025-05-08
105978,New Delhi,Delhi,2024-12-26
105979,Nashik,Maharashtra,2025-03-09
105980,Ahmedabad,Gujarat,2023-08-30
105981,Chennai,Tamil Nadu,2024-01-19
105982,Hyderabad,Telangana,2023-08-16
105983,Kolkata,West Bengal,2023-11-30
105984,New Delhi,Delhi,2024-10-30
105985,Vadodara,Gujarat,2023-01-03
105986,New Delhi,Delhi,2024-11-19
105987,Pune,Maharashtra,2023-06-24
105988,New Delhi,Delhi,2023-06-19
105989,Kochi,Kerala,2024-05-10
105990,Chennai,Tamil Nadu,2023-08-08
105991,Mumbai,Maharashtra,2025-05-27
105992,Surat,Gujarat,2023-05-14
105993,Kochi,Kerala,2023-05-19
105994,Jaipur,Rajasthan,2023-09-19
105995,Warangal,Telangana,2024-10-12
105996,New Delhi,Delhi,2024-09-12
105997,Warangal,Telangana,2023-06-22
105998,Kolkata,West Bengal,2024-06-12
105999,Howrah,West Bengal,2024-05-04
106000,Howrah,West Bengal,2023-03-28
106001,Chennai,Tamil Nadu,2024-11-27
106002,Nashik,Maharashtra,2025-02-20
106003,Hyderabad,Telangana,2025-05-12
106004,Mumbai,Maharashtra,2023-03-22
106005,Nagpur,Maharashtra,2023-06-12
106006,Madurai,Tamil Nadu,2025-01-21
106007,Vadodara,Gujarat,2023-10-05
106008,Kolkata,West Bengal,2024-07-23
106009,Lucknow,Uttar Pradesh,2023-11-14
106010,Howrah,West Bengal,2023-07-18
106011,Noida,Uttar Pradesh,2024-07-23
106012,Ghaziabad,Uttar Pradesh,2023-07-07
106013,Pune,Maharashtra,2023-05-05
106014,Ahmedabad,Gujarat,2024-04-28
106015,Mumbai,Maharashtra,2023-06-26
106016,Nagpur,Maharashtra,2023-06-25
106017,Mumbai,Maharashtra,2024-12-11
106018,Howrah,West Bengal,2024-04-26
106019,Ghaziabad,Uttar Pradesh,2024-05-08
106020,Jaipur,Rajasthan,2023-05-11
106021,Kochi,Kerala,2023-05-27
106022,Udaipur,Rajasthan,2023-12-22
106023,Mumbai,Maharashtra,2023-12-20
106024,Kolkata,West Bengal,2024-02-16
106025,Howrah,West Bengal,2023-05-03
106026,Kolkata,West Bengal,2025-03-29
106027,Nagpur,Maharashtra,2023-11-27
106028,Pune,Maharashtra,2025-01-13
106029,Jaipur,Rajasthan,2023-12-31
106030,Nashik,Maharashtra,2024-03-06
106031,New Delhi,Delhi,2023-04-13
106032,Coimbatore,Tamil Nadu,2024-09-08
106033,Pune,Maharashtra,2023-02-24
106034,Nashik,Maharashtra,2024-11-12
106035,Thiruvananthapuram,Kerala,2025-03-14
106036,Kolkata,West Bengal,2023-11-26
106037,Jaipur,Rajasthan,2025-03-19
106038,Bengaluru,Karnataka,2024-09-28
106039,Mysuru,Karnataka,2023-01-03
106040,Madurai,Tamil Nadu,2023-07-04
106041,Chennai,Tamil Nadu,2024-08-07
106042,Nashik,Maharashtra,2024-10-01
106043,Ghaziabad,Uttar Pradesh,2023-03-27
106044,Thiruvananthapuram,Kerala,2024-09-15
106045,Warangal,Telangana,2025-01-08
106046,New Delhi,Delhi,2025-03-12
106047,New Delhi,Delhi,2024-04-30
106048,Pune,Maharashtra,2024-07-15
106049,Bengaluru,Karnataka,2023-02-16
106050,Madurai,Tamil Nadu,2024-07-12
106051,Coimbatore,Tamil Nadu,2024-02-19
106052,Hyderabad,Telangana,2023-12-05
106053,Howrah,West Bengal,2024-12-11
106054,Mangaluru,Karnataka,2023-08-16
106055,Nashik,Maharashtra,2023-02-24
106056,Nashik,Maharashtra,2024-03-30
106057,Nashik,Maharashtra,2024-11-08
106058,Hyderabad,Telangana,2023-05-02
106059,Noida,Uttar Pradesh,2025-06-16
106060,Jaipur,Rajasthan,2024-09-04
106061,Surat,Gujarat,2025-04-30
106062,New Delhi,Delhi,2024-03-04
106063,Nagpur,Maharashtra,2023-04-23
106064,New Delhi,Delhi,2023-06-11
106065,New Delhi,Delhi,2024-04-01
106066,Howrah,West Bengal,2024-06-19
106067,Madurai,Tamil Nadu,2024-10-30
106068,Mangaluru,Karnataka,2024-12-25
106069,Bengaluru,Karnataka,2024-11-25
106070,Nagpur,Maharashtra,2024-06-20
106071,Udaipur,Rajasthan,2023-01-17
106072,Nashik,Maharashtra,2024-04-27
106073,Pune,Maharashtra,2025-01-16
106074,Mangaluru,Karnataka,2025-02-11
106075,Kolkata,West Bengal,2025-01-30
106076,Hyderabad,Telangana,2023-01-10
106077,Surat,Gujarat,2024-02-01
106078,New Delhi,Delhi,2024-07-15
106079,Pune,Maharashtra,2023-08-14
106080,Howrah,West Bengal,2024-01-09
106081,Bengaluru,Karnataka,2023-03-30
106082,Mumbai,Maharashtra,2023-06-26
106083,Warangal,Telangana,2023-01-06
106084,Nagpur,Maharashtra,2025-06-11
106085,Nagpur,Maharashtra,2025-02-22
106086,Noida,Uttar Pradesh,2023-01-04
106087,Coimbatore,Tamil Nadu,2023-11-02
106088,Mangaluru,Karnataka,2024-01-31
106089,New Delhi,Delhi,2023-06-03
106090,Noida,Uttar Pradesh,2024-08-25
106091,Nashik,Maharashtra,2025-06-27
106092,Mumbai,Maharashtra,2025-02-07
106093,Ahmedabad,Gujarat,2025-02-18
106094,Vadodara,Gujarat,2025-01-26
106095,Kochi,Kerala,2023-03-05
106096,New Delhi,Delhi,2024-05-17
106097,Nagpur,Maharashtra,2024-05-30
106098,Hyderabad,Telangana,2023-04-02
106099,Surat,Gujarat,2023-05-15
106100,Pune,Maharashtra,2024-05-29
106101,Hyderabad,Telangana,2024-10-14
106102,Mangaluru,Karnataka,2023-07-10
106103,Howrah,West Bengal,2024-03-17
106104,Howrah,West Bengal,2023-03-10
106105,Madurai,Tamil Nadu,2023-04-11
106106,Kochi,Kerala,2024-06-12
106107,Thiruvananthapuram,Kerala,2024-05-22
106108,Nagpur,Maharashtra,2024-11-14
106109,New Delhi,Delhi,2025-04-09
106110,Vadodara,Gujarat,2023-06-23
106111,Pune,Maharashtra,2023-11-07
106112,New Delhi,Delhi,2025-02-18
106113,Mysuru,Karnataka,2023-02-16
106114,Kochi,Kerala,2025-01-24
106115,Chennai,Tamil Nadu,2025-05-11
106116,Noida,Uttar Pradesh,2023-04-02
106117,New Delhi,Delhi,2023-05-10
106118,Nagpur,Maharashtra,2024-09-15
106119,Kolkata,West Bengal,2024-03-08
106120,Pune,Maharashtra,2025-06-18
106121,Nagpur,Maharashtra,2024-05-11
106122,New Delhi,Delhi,2024-08-19
106123,Surat,Gujarat,2023-08-04
106124,New Delhi,Delhi,2023-10-23
106125,Mumbai,Maharashtra,2023-06-11
106126,New Delhi,Delhi,2023-05-14
106127,Mysuru,Karnataka,2023-04-14
106128,Nagpur,Maharashtra,2025-03-24
106129,Hyderabad,Telangana,2023-03-05
106130,Pune,Maharashtra,2024-04-15
106131,Bengaluru,Karnataka,2024-04-07
106132,Vadodara,Gujarat,2023-02-20
106133,Noida,Uttar Pradesh,2025-02-06
106134,Bengaluru,Karnataka,2024-04-01
106135,New Delhi,Delhi,2023-04-26
106136,Bengaluru,Karnataka,2023-04-28
106137,Kochi,Kerala,2024-09-30
106138,Mangaluru,Karnataka,2024-07-18
106139,Bengaluru,Karnataka,2024-01-11
106140,Madurai,Tamil Nadu,2024-01-05
106141,Bengaluru,Karnataka,2023-02-02
106142,Pune,Maharashtra,2023-01-30
106143,Mumbai,Maharashtra,2024-05-03
106144,Ahmedabad,Gujarat,2023-11-28
106145,Surat,Gujarat,2023-08-18
106146,Surat,Gujarat,2023-12-12
106147,Ghaziabad,Uttar Pradesh,2024-07-05
106148,New Delhi,Delhi,2023-09-25
106149,Udaipur,Rajasthan,2023-11-15
106150,Noida,Uttar Pradesh,2023-09-15
106151,Lucknow,Uttar Pradesh,2024-08-30
106152,Kanpur,Uttar Pradesh,2023-02-19
106153,New Delhi,Delhi,2025-04-16
106154,Mysuru,Karnataka,2024-05-20
106155,Coimbatore,Tamil Nadu,2023-08-11
106156,Nagpur,Maharashtra,2024-11-22
106157,Coimbatore,Tamil Nadu,2025-05-06
106158,Nashik,Maharashtra,2023-02-23
106159,Nagpur,Maharashtra,2023-07-06
106160,Udaipur,Rajasthan,2023-05-12
106161,Surat,Gujarat,2023-03-06
106162,Hyderabad,Telangana,2024-11-03
106163,New Delhi,Delhi,2023-06-25
106164,Warangal,Telangana,2023-12-16
106165,Udaipur,Rajasthan,2025-01-12
106166,Vadodara,Gujarat,2024-07-11
106167,Surat,Gujarat,2024-09-09
106168,Madurai,Tamil Nadu,2023-03-31
106169,New Delhi,Delhi,2025-06-03
106170,Noida,Uttar Pradesh,2023-03-17
106171,Kochi,Kerala,2024-10-08
106172,Chennai,Tamil Nadu,2024-08-05
106173,New Delhi,Delhi,2024-01-11
106174,Coimbatore,Tamil Nadu,2025-02-02
106175,Madurai,Tamil Nadu,2025-03-24
106176,Kochi,Kerala,2023-03-06
106177,Noida,Uttar Pradesh,2025-05-22
106178,New Delhi,Delhi,2023-08-08
106179,New Delhi,Delhi,2024-12-22
106180,Coimbatore,Tamil Nadu,2025-01-17
106181,Nashik,Maharashtra,2024-05-22
106182,Hyderabad,Telangana,2025-02-25
106183,Howrah,West Bengal,2025-01-22
106184,Ahmedabad,Gujarat,2024-04-21
106185,Bengaluru,Karnataka,2023-06-13
106186,Kanpur,Uttar Pradesh,2024-01-31
106187,Kanpur,Uttar Pradesh,2025-03-31
106188,Mangaluru,Karnataka,2023-07-04
106189,Ahmedabad,Gujarat,2025-06-29
106190,Ahmedabad,Gujarat,2023-06-15
106191,Kolkata,West Bengal,2024-08-28
106192,Nagpur,Maharashtra,2024-08-06
106193,Bengaluru,Karnataka,2023-06-28
106194,Coimbatore,Tamil Nadu,2024-03-06
106195,Pune,Maharashtra,2023-05-12
106196,Madurai,Tamil Nadu,2023-11-29
106197,Noida,Uttar Pradesh,2025-05-24
106198,Nagpur,Maharashtra,2023-02-19
106199,Coimbatore,Tamil Nadu,2025-03-04
106200,Kochi,Kerala,2024-09-09
106201,Coimbatore,Tamil Nadu,2024-11-13
106202,Chennai,Tamil Nadu,2023-09-15
106203,Warangal,Telangana,2025-05-14
106204,Mysuru,Karnataka,2023-08-19
106205,Mumbai,Maharashtra,2024-04-03
106206,Ahmedabad,Gujarat,2023-02-03
106207,New Delhi,Delhi,2025-03-19
106208,Bengaluru,Karnataka,2024-10-03
106209,Nashik,Maharashtra,2023-05-29
106210,Kolkata,West Bengal,2024-08-26
106211,Nashik,Maharashtra,2023-06-16
106212,Kanpur,Uttar Pradesh,2024-02-09
106213,New Delhi,Delhi,2024-04-11
106214,Vadodara,Gujarat,2025-04-28
106215,Mangaluru,Karnataka,2023-10-30
106216,Pune,Maharashtra,2023-01-12
106217,Warangal,Telangana,2024-01-30
106218,Kanpur,Uttar Pradesh,2025-04-24
106219,Bengaluru,Karnataka,2024-12-28
106220,Coimbatore,Tamil Nadu,2023-02-23
106221,Coimbatore,Tamil Nadu,2023-02-18
106222,Bengaluru,Karnataka,2024-11-20
106223,Warangal,Telangana,2024-10-18
106224,Pune,Maharashtra,2024-05-22
106225,Madurai,Tamil Nadu,2023-09-13
106226,Mumbai,Maharashtra,2025-02-11
106227,Coimbatore,Tamil Nadu,2023-05-08
106228,New Delhi,Delhi,2023-07-03
106229,Coimbatore,Tamil Nadu,2024-02-16
106230,Madurai,Tamil Nadu,2024-10-31
106231,Udaipur,Rajasthan,2025-01-24
106232,Madurai,Tamil Nadu,2024-06-23
106233,Howrah,West Bengal,2024-03-24
106234,Mangaluru,Karnataka,2023-12-18
106235,New Delhi,Delhi,2023-02-09
106236,Pune,Maharashtra,2023-09-01
106237,Madurai,Tamil Nadu,2023-07-15
106238,Surat,Gujarat,2023-02-22
106239,Kolkata,West Bengal,2024-11-09
106240,Hyderabad,Telangana,2023-11-18
106241,Vadodara,Gujarat,2024-04-09
106242,Pune,Maharashtra,2023-07-02
106243,Nagpur,Maharashtra,2024-06-22
106244,Noida,Uttar Pradesh,2023-05-04
106245,Nagpur,Maharashtra,2024-09-09
106246,Nagpur,Maharashtra,2024-11-03
106247,Udaipur,Rajasthan,2023-10-11
106248,Thiruvananthapuram,Kerala,2023-07-13
106249,Vadodara,Gujarat,2024-12-11
106250,New Delhi,Delhi,2023-07-23
106251,Howrah,West Bengal,2023-06-12
106252,Mysuru,Karnataka,2023-11-07
106253,Madurai,Tamil Nadu,2025-05-30
106254,New Delhi,Delhi,2024-02-26
106255,Udaipur,Rajasthan,2023-08-28
106256,Jaipur,Rajasthan,2024-04-12
106257,Surat,Gujarat,2023-11-14
106258,Nagpur,Maharashtra,2024-08-28
106259,Coimbatore,Tamil Nadu,2024-02-04
106260,Bengaluru,Karnataka,2024-06-20
106261,Jaipur,Rajasthan,2024-02-02
106262,Pune,Maharashtra,2024-03-14
106263,Nagpur,Maharashtra,2024-02-12
106264,Kanpur,Uttar Pradesh,2023-12-25
106265,Chennai,Tamil Nadu,2025-05-28
106266,Kolkata,West Bengal,2023-08-31
106267,Pune,Maharashtra,2025-01-03
106268,Noida,Uttar Pradesh,2024-10-08
106269,Nashik,Maharashtra,2024-04-25
106270,Pune,Maharashtra,2023-10-17
106271,Coimbatore,Tamil Nadu,2024-03-16
106272,Bengaluru,Karnataka,2025-02-12
106273,Surat,Gujarat,2023-06-15
106274,Nashik,Maharashtra,2024-06-17
106275,Nagpur,Maharashtra,2024-11-27
106276,Lucknow,Uttar Pradesh,2024-07-31
106277,Mangaluru,Karnataka,2023-05-12
106278,Surat,Gujarat,2024-04-08
106279,Noida,Uttar Pradesh,2023-06-16
106280,Nashik,Maharashtra,2025-04-25
106281,Ghaziabad,Uttar Pradesh,2023-11-17
106282,Mysuru,Karnataka,2024-01-20
106283,New Delhi,Delhi,2025-02-20
106284,Mumbai,Maharashtra,2024-01-24
106285,Kolkata,West Bengal,2023-06-26
106286,Warangal,Telangana,2025-03-24
106287,Madurai,Tamil Nadu,2024-08-13
106288,Thiruvananthapuram,Kerala,2024-07-05
106289,New Delhi,Delhi,2023-03-10
106290,Jaipur,Rajasthan,2024-02-14
106291,Kanpur,Uttar Pradesh,2024-02-23
106292,Jaipur,Rajasthan,2023-08-27
106293,Jaipur,Rajasthan,2024-05-29
106294,Thiruvananthapuram,Kerala,2023-08-12
106295,Nagpur,Maharashtra,2024-03-05
106296,Lucknow,Uttar Pradesh,2024-12-31
106297,Lucknow,Uttar Pradesh,2024-10-31
106298,Vadodara,Gujarat,2023-09-12
106299,Mysuru,Karnataka,2023-07-09
106300,Kochi,Kerala,2023-01-06
106301,Mangaluru,Karnataka,2023-11-11
106302,Coimbatore,Tamil Nadu,2023-01-18
106303,Warangal,Telangana,2023-04-27
106304,Nagpur,Maharashtra,2025-06-10
106305,Noida,Uttar Pradesh,2025-02-18
106306,Nashik,Maharashtra,2024-05-25
106307,Ghaziabad,Uttar Pradesh,2024-12-06
106308,Kolkata,West Bengal,2024-03-21
106309,New Delhi,Delhi,2024-07-01
106310,Noida,Uttar Pradesh,2025-04-16
106311,Mumbai,Maharashtra,2023-03-13
106312,Howrah,West Bengal,2023-11-17
106313,Thiruvananthapuram,Kerala,2023-04-19
106314,Pune,Maharashtra,2024-12-25
106315,Kanpur,Uttar Pradesh,2025-01-19
106316,Chennai,Tamil Nadu,2024-10-19
106317,Hyderabad,Telangana,2024-07-08
106318,Noida,Uttar Pradesh,2024-03-10
106319,Chennai,Tamil Nadu,2023-01-22
106320,Vadodara,Gujarat,2024-12-06
106321,Mangaluru,Karnataka,2025-03-25
106322,New Delhi,Delhi,2025-05-29
106323,Kolkata,West Bengal,2023-11-08
106324,Nagpur,Maharashtra,2023-07-02
106325,Ahmedabad,Gujarat,2024-08-18
106326,Mysuru,Karnataka,2023-02-24
106327,Howrah,West Bengal,2025-01-18
106328,Warangal,Telangana,2025-05-21
106329,New Delhi,Delhi,2024-01-03
106330,Mangaluru,Karnataka,2024-04-07
106331,Chennai,Tamil Nadu,2024-05-10
106332,Kochi,Kerala,2023-05-07
106333,Chennai,Tamil Nadu,2023-07-22
106334,Chennai,Tamil Nadu,2023-09-29
106335,Kanpur,Uttar Pradesh,2025-02-05
106336,New Delhi,Delhi,2024-02-04
106337,Coimbatore,Tamil Nadu,2024-10-19
106338,New Delhi,Delhi,2023-06-27
106339,Nashik,Maharashtra,2025-05-18
106340,Noida,Uttar Pradesh,2025-03-15
106341,Kolkata,West Bengal,2024-03-08
106342,Udaipur,Rajasthan,2023-07-25
106343,Udaipur,Rajasthan,2025-06-08
106344,Coimbatore,Tamil Nadu,2025-01-06
106345,Bengaluru,Karnataka,2024-04-10
106346,Surat,Gujarat,2023-09-01
106347,Kochi,Kerala,2024-07-20
106348,Kanpur,Uttar Pradesh,2023-12-04
106349,Madurai,Tamil Nadu,2024-09-06
106350,Ahmedabad,Gujarat,2025-01-28
106351,Noida,Uttar Pradesh,2024-03-22
106352,Udaipur,Rajasthan,2023-02-13
106353,Noida,Uttar Pradesh,2024-05-27
106354,Madurai,Tamil Nadu,2025-02-21
106355,Mangaluru,Karnataka,2023-07-23
106356,Coimbatore,Tamil Nadu,2025-05-24
106357,New Delhi,Delhi,2023-11-27
106358,Jaipur,Rajasthan,2024-09-15
106359,Coimbatore,Tamil Nadu,2024-10-01
106360,Coimbatore,Tamil Nadu,2023-06-15
106361,New Delhi,Delhi,2023-02-05
106362,Vadodara,Gujarat,2025-05-14
106363,Warangal,Telangana,2024-09-30
106364,Mumbai,Maharashtra,2024-07-29
106365,Kolkata,West Bengal,2023-10-04
106366,New Delhi,Delhi,2023-04-09
106367,Coimbatore,Tamil Nadu,2023-09-05
106368,Mysuru,Karnataka,2024-05-13
106369,Warangal,Telangana,2024-09-23
106370,Lucknow,Uttar Pradesh,2023-10-18
106371,Jaipur,Rajasthan,2023-07-15
106372,Mumbai,Maharashtra,2023-08-16
106373,Kochi,Kerala,2025-05-26
106374,Kanpur,Uttar Pradesh,2024-07-28
106375,Bengaluru,Karnataka,2023-01-06
106376,Bengaluru,Karnataka,2024-02-22
106377,Mysuru,Karnataka,2024-02-21
106378,Howrah,West Bengal,2024-01-01
106379,Mysuru,Karnataka,2023-12-23
106380,Madurai,Tamil Nadu,2023-03-14
106381,Noida,Uttar Pradesh,2023-01-30
106382,Howrah,West Bengal,2024-12-09
106383,Ahmedabad,Gujarat,2024-02-06
106384,Lucknow,Uttar Pradesh,2023-05-29
106385,Pune,Maharashtra,2023-11-13
106386,Kolkata,West Bengal,2025-04-30
106387,Mangaluru,Karnataka,2024-03-02
106388,Nashik,Maharashtra,2025-06-21
106389,Thiruvananthapuram,Kerala,2023-05-28
106390,Mysuru,Karnataka,2023-04-22
106391,Nashik,Maharashtra,2024-05-28
106392,Vadodara,Gujarat,2024-09-14
106393,New Delhi,Delhi,2025-06-12
106394,Pune,Maharashtra,2024-02-29
106395,Vadodara,Gujarat,2023-07-02
106396,Noida,Uttar Pradesh,2024-05-07
106397,Lucknow,Uttar Pradesh,2023-10-07
106398,Mumbai,Maharashtra,2023-06-13
106399,Hyderabad,Telangana,2023-03-22
106400,Kolkata,West Bengal,2024-10-21
106401,Nagpur,Maharashtra,2024-08-08
106402,Mangaluru,Karnataka,2023-06-01
106403,Nagpur,Maharashtra,2024-05-24
106404,Hyderabad,Telangana,2025-03-17
106405,Bengaluru,Karnataka,2025-01-15
106406,Noida,Uttar Pradesh,2024-02-18
106407,Thiruvananthapuram,Kerala,2023-02-22
106408,Bengaluru,Karnataka,2024-08-01
106409,Vadodara,Gujarat,2024-04-15
106410,Mysuru,Karnataka,2025-04-19
106411,Pune,Maharashtra,2024-05-19
106412,Noida,Uttar Pradesh,2024-11-03
106413,Chennai,Tamil Nadu,2024-04-26
106414,Jaipur,Rajasthan,2024-05-07
106415,Warangal,Telangana,2023-10-17
106416,Pune,Maharashtra,2024-01-02
106417,Madurai,Tamil Nadu,2023-09-27
106418,Mysuru,Karnataka,2024-02-26
106419,Howrah,West Bengal,2025-05-16
106420,Ghaziabad,Uttar Pradesh,2023-11-08
106421,New Delhi,Delhi,2024-02-27
106422,Hyderabad,Telangana,2025-05-11
106423,Ahmedabad,Gujarat,2023-05-18
106424,Ghaziabad,Uttar Pradesh,2023-08-19
106425,Pune,Maharashtra,2024-03-25
106426,Nashik,Maharashtra,2024-01-08
106427,Nagpur,Maharashtra,2023-11-07
106428,New Delhi,Delhi,2024-12-09
106429,Madurai,Tamil Nadu,2024-03-30
106430,Pune,Maharashtra,2023-11-28
106431,Chennai,Tamil Nadu,2024-03-12
106432,Coimbatore,Tamil Nadu,2025-03-18
106433,Mumbai,Maharashtra,2025-06-15
106434,Jaipur,Rajasthan,2023-08-10
106435,Surat,Gujarat,2023-02-06
106436,New Delhi,Delhi,2023-01-29
106437,Chennai,Tamil Nadu,2024-02-10
106438,New Delhi,Delhi,2024-07-26
106439,Kolkata,West Bengal,2023-02-16
106440,Warangal,Telangana,2024-04-08
106441,Chennai,Tamil Nadu,2023-12-31
106442,Udaipur,Rajasthan,2025-04-30
106443,Howrah,West Bengal,2024-07-03
106444,Howrah,West Bengal,2024-01-21
106445,Bengaluru,Karnataka,2024-06-18
106446,Mumbai,Maharashtra,2023-05-04
106447,Ghaziabad,Uttar Pradesh,2024-03-08
106448,Chennai,Tamil Nadu,2023-10-28
106449,Surat,Gujarat,2023-06-14
106450,Kanpur,Uttar Pradesh,2023-12-25
106451,Mangaluru,Karnataka,2024-08-05
106452,Mangaluru,Karnataka,2024-06-15
106453,Chennai,Tamil Nadu,2025-05-28
106454,Mysuru,Karnataka,2023-09-08
106455,Surat,Gujarat,2024-09-29
106456,Ghaziabad,Uttar Pradesh,2024-05-16
106457,Coimbatore,Tamil Nadu,2025-03-07
106458,Noida,Uttar Pradesh,2025-04-07
106459,Warangal,Telangana,2024-10-06
106460,Kanpur,Uttar Pradesh,2024-01-22
106461,Bengaluru,Karnataka,2024-04-30
106462,Noida,Uttar Pradesh,2024-08-16
106463,Noida,Uttar Pradesh,2025-01-04
106464,Mangaluru,Karnataka,2023-07-28
106465,Warangal,Telangana,2025-03-06
106466,Kolkata,West Bengal,2024-12-31
106467,Bengaluru,Karnataka,2023-03-22
106468,Ghaziabad,Uttar Pradesh,2023-09-03
106469,Thiruvananthapuram,Kerala,2023-08-03
106470,Howrah,West Bengal,2024-06-12
106471,New Delhi,Delhi,2023-07-10
106472,Ahmedabad,Gujarat,2023-10-01
106473,Thiruvananthapuram,Kerala,2023-06-22
106474,Hyderabad,Telangana,2023-03-03
106475,Nagpur,Maharashtra,2024-02-23
106476,Nagpur,Maharashtra,2023-10-19
106477,Kanpur,Uttar Pradesh,2024-04-04
106478,Coimbatore,Tamil Nadu,2023-07-13
106479,Mysuru,Karnataka,2023-09-18
106480,New Delhi,Delhi,2025-03-24
106481,Kanpur,Uttar Pradesh,2025-01-03
106482,Coimbatore,Tamil Nadu,2023-08-31
106483,Kolkata,West Bengal,2023-05-28
106484,Kanpur,Uttar Pradesh,2025-06-06
106485,Thiruvananthapuram,Kerala,2024-09-12
106486,Jaipur,Rajasthan,2024-03-24
106487,Mangaluru,Karnataka,2024-09-29
106488,Ahmedabad,Gujarat,2023-07-21
106489,Pune,Maharashtra,2024-01-26
106490,Kochi,Kerala,2023-12-23
106491,Bengaluru,Karnataka,2024-10-18
106492,Surat,Gujarat,2023-06-17
106493,Kolkata,West Bengal,2024-03-21
106494,Pune,Maharashtra,2025-01-29
106495,Howrah,West Bengal,2023-06-28
106496,Nashik,Maharashtra,2023-04-20
106497,Coimbatore,Tamil Nadu,2025-01-18
106498,Chennai,Tamil Nadu,2025-03-06
106499,New Delhi,Delhi,2024-01-28
106500,Warangal,Telangana,2023-02-11
106501,Jaipur,Rajasthan,2024-05-07
106502,New Delhi,Delhi,2023-09-30
106503,Hyderabad,Telangana,2024-06-19
106504,Kolkata,West Bengal,2023-05-08
106505,Kanpur,Uttar Pradesh,2025-01-03
106506,Mumbai,Maharashtra,2024-09-16
106507,Udaipur,Rajasthan,2024-08-10
106508,Pune,Maharashtra,2024-04-11
106509,Warangal,Telangana,2023-07-20
106510,Warangal,Telangana,2025-05-05
106511,Lucknow,Uttar Pradesh,2023-08-31
106512,Pune,Maharashtra,2023-11-30
106513,Pune,Maharashtra,2025-04-23
106514,Ghaziabad,Uttar Pradesh,2023-02-07
106515,Nagpur,Maharashtra,2023-04-24
106516,Chennai,Tamil Nadu,2024-11-24
106517,Lucknow,Uttar Pradesh,2023-12-02
106518,Surat,Gujarat,2024-06-11
106519,Mangaluru,Karnataka,2024-06-12
106520,Mangaluru,Karnataka,2025-01-23
106521,Kochi,Kerala,2024-07-19
106522,Coimbatore,Tamil Nadu,2024-01-24
106523,Mumbai,Maharashtra,2024-05-15
106524,Mysuru,Karnataka,2024-11-03
106525,New Delhi,Delhi,2023-12-12
106526,Kochi,Kerala,2023-06-05
106527,Mangaluru,Karnataka,2024-03-19
106528,Nagpur,Maharashtra,2025-06-29
106529,Hyderabad,Telangana,2023-04-13
106530,Nashik,Maharashtra,2023-06-08
106531,Mangaluru,Karnataka,2025-06-25
106532,Kochi,Kerala,2025-01-25
106533,Noida,Uttar Pradesh,2023-04-17
106534,Pune,Maharashtra,2023-07-13
106535,Coimbatore,Tamil Nadu,2024-09-21
106536,Pune,Maharashtra,2024-12-13
106537,Nashik,Maharashtra,2024-10-30
106538,Warangal,Telangana,2025-02-23
106539,Madurai,Tamil Nadu,2024-04-06
106540,Ghaziabad,Uttar Pradesh,2025-03-09
106541,Jaipur,Rajasthan,2024-06-26
106542,Bengaluru,Karnataka,2024-03-09
106543,Udaipur,Rajasthan,2024-08-02
106544,Warangal,Telangana,2024-01-26
106545,Bengaluru,Karnataka,2024-07-06
106546,Howrah,West Bengal,2025-01-29
106547,Mumbai,Maharashtra,2025-05-22
106548,Warangal,Telangana,2024-06-11
106549,Ghaziabad,Uttar Pradesh,2023-01-06
106550,Mysuru,Karnataka,2024-07-19
106551,Howrah,West Bengal,2023-08-18
106552,Mangaluru,Karnataka,2023-08-04
106553,Howrah,West Bengal,2025-03-13
106554,Nagpur,Maharashtra,2024-02-11
106555,Pune,Maharashtra,2024-12-21
106556,New Delhi,Delhi,2023-12-03
106557,Kolkata,West Bengal,2024-07-06
106558,Pune,Maharashtra,2024-08-29
106559,Kolkata,West Bengal,2025-03-24
106560,Mangaluru,Karnataka,2023-06-28
106561,Coimbatore,Tamil Nadu,2024-05-26
106562,New Delhi,Delhi,2024-01-05
106563,Nagpur,Maharashtra,2024-02-27
106564,Jaipur,Rajasthan,2025-02-12
106565,Chennai,Tamil Nadu,2023-05-04
106566,Lucknow,Uttar Pradesh,2024-05-12
106567,Hyderabad,Telangana,2023-12-20
106568,Madurai,Tamil Nadu,2025-03-27
106569,Surat,Gujarat,2023-07-17
106570,Udaipur,Rajasthan,2023-07-31
106571,Ghaziabad,Uttar Pradesh,2024-02-05
106572,Hyderabad,Telangana,2023-01-10
106573,Vadodara,Gujarat,2024-03-31
106574,Ahmedabad,Gujarat,2023-12-31
106575,Madurai,Tamil Nadu,2024-07-05
106576,Vadodara,Gujarat,2024-09-15
106577,Madurai,Tamil Nadu,2023-02-25
106578,Lucknow,Uttar Pradesh,2023-05-16
106579,Kochi,Kerala,2023-10-17
106580,Kochi,Kerala,2024-04-18
106581,Kolkata,West Bengal,2025-03-15
106582,Vadodara,Gujarat,2023-05-07
106583,Kanpur,Uttar Pradesh,2023-03-03
106584,Mumbai,Maharashtra,2024-07-27
106585,Chennai,Tamil Nadu,2025-06-10
106586,Bengaluru,Karnataka,2025-01-26
106587,Pune,Maharashtra,2024-05-30
106588,Thiruvananthapuram,Kerala,2023-01-19
106589,Howrah,West Bengal,2024-02-21
106590,Warangal,Telangana,2024-02-12
106591,Mangaluru,Karnataka,2024-03-24
106592,Lucknow,Uttar Pradesh,2024-05-26
106593,Chennai,Tamil Nadu,2024-10-18
106594,Kanpur,Uttar Pradesh,2023-06-25
106595,Kochi,Kerala,2023-03-10
106596,New Delhi,Delhi,2023-02-16
106597,Mangaluru,Karnataka,2024-01-05
106598,Mangaluru,Karnataka,2024-04-07
106599,Mumbai,Maharashtra,2024-12-16
106600,New Delhi,Delhi,2024-01-30
106601,Mumbai,Maharashtra,2024-04-29
106602,Nagpur,Maharashtra,2025-06-08
106603,Mangaluru,Karnataka,2024-11-14
106604,Mumbai,Maharashtra,2024-09-21
106605,Kanpur,Uttar Pradesh,2023-11-28
106606,Pune,Maharashtra,2023-05-19
106607,Howrah,West Bengal,2025-04-18
106608,Mysuru,Karnataka,2024-05-19
106609,Pune,Maharashtra,2023-03-12
106610,Pune,Maharashtra,2024-03-15
106611,Noida,Uttar Pradesh,2023-03-25
106612,Bengaluru,Karnataka,2025-06-12
106613,Chennai,Tamil Nadu,2024-04-26
106614,Nashik,Maharashtra,2024-12-16
106615,Kochi,Kerala,2024-03-04
106616,Pune,Maharashtra,2023-01-18
106617,Madurai,Tamil Nadu,2024-08-04
106618,Howrah,West Bengal,2024-08-17
106619,Bengaluru,Karnataka,2023-07-28
106620,Mysuru,Karnataka,2024-10-14
106621,Lucknow,Uttar Pradesh,2023-07-25
106622,Mangaluru,Karnataka,2024-09-22
106623,Nagpur,Maharashtra,2024-11-13
106624,Coimbatore,Tamil Nadu,2023-05-06
106625,Mumbai,Maharashtra,2023-09-23
106626,Jaipur,Rajasthan,2023-05-29
106627,Ahmedabad,Gujarat,2024-10-24
106628,Warangal,Telangana,2023-08-03
106629,Mangaluru,Karnataka,2024-08-06
106630,Ghaziabad,Uttar Pradesh,2024-01-16
106631,Ahmedabad,Gujarat,2023-03-17
106632,Pune,Maharashtra,2025-03-15
106633,Udaipur,Rajasthan,2024-10-09
106634,Hyderabad,Telangana,2023-08-27
106635,Ghaziabad,Uttar Pradesh,2025-03-12
106636,Mysuru,Karnataka,2024-10-07
106637,Pune,Maharashtra,2025-01-13
106638,Kanpur,Uttar Pradesh,2023-06-12
106639,Noida,Uttar Pradesh,2023-02-26
106640,New Delhi,Delhi,2024-05-06
106641,Pune,Maharashtra,2024-12-17
106642,Kolkata,West Bengal,2025-04-12
106643,Mangaluru,Karnataka,2025-05-25
106644,New Delhi,Delhi,2024-06-29
106645,Surat,Gujarat,2024-07-29
106646,Pune,Maharashtra,2023-09-22
106647,Nashik,Maharashtra,2023-01-02
106648,Pune,Maharashtra,2023-06-27
106649,Udaipur,Rajasthan,2023-02-20
106650,New Delhi,Delhi,2024-09-15
106651,Surat,Gujarat,2024-04-03
106652,Thiruvananthapuram,Kerala,2024-12-03
106653,Vadodara,Gujarat,2023-05-15
106654,Hyderabad,Telangana,2025-04-11
106655,Hyderabad,Telangana,2024-10-17
106656,New Delhi,Delhi,2025-04-05
106657,Vadodara,Gujarat,2024-08-13
106658,Kochi,Kerala,2023-11-06
106659,Ghaziabad,Uttar Pradesh,2024-07-24
106660,Chennai,Tamil Nadu,2024-07-04
106661,New Delhi,Delhi,2023-06-14
106662,Udaipur,Rajasthan,2023-04-03
106663,Nagpur,Maharashtra,2024-08-15
106664,Howrah,West Bengal,2023-03-28
106665,Mysuru,Karnataka,2023-04-02
106666,Kanpur,Uttar Pradesh,2023-03-07
106667,Lucknow,Uttar Pradesh,2024-07-20
106668,Coimbatore,Tamil Nadu,2025-04-24
106669,Bengaluru,Karnataka,2024-03-28
106670,Kolkata,West Bengal,2023-05-19
106671,New Delhi,Delhi,2024-04-12
106672,New Delhi,Delhi,2024-06-24
106673,Warangal,Telangana,2024-01-30
106674,Madurai,Tamil Nadu,2024-04-29
106675,Surat,Gujarat,2023-10-23
106676,Nashik,Maharashtra,2025-04-05
106677,Coimbatore,Tamil Nadu,2024-05-04
106678,Udaipur,Rajasthan,2023-10-11
106679,Mumbai,Maharashtra,2023-01-03
106680,Coimbatore,Tamil Nadu,2024-09-10
106681,Ahmedabad,Gujarat,2023-12-13
106682,Udaipur,Rajasthan,2023-08-15
106683,Ahmedabad,Gujarat,2024-03-12
106684,Howrah,West Bengal,2024-03-17
106685,Mysuru,Karnataka,2025-01-01
106686,New Delhi,Delhi,2024-05-09
106687,Jaipur,Rajasthan,2024-09-30
106688,Jaipur,Rajasthan,2024-08-12
106689,Hyderabad,Telangana,2025-02-13
106690,Chennai,Tamil Nadu,2023-01-06
106691,Madurai,Tamil Nadu,2023-12-09
106692,Pune,Maharashtra,2024-10-13
106693,Jaipur,Rajasthan,2023-05-09
106694,Kolkata,West Bengal,2024-02-07
106695,Chennai,Tamil Nadu,2024-01-01
106696,Mysuru,Karnataka,2025-01-03
106697,New Delhi,Delhi,2025-05-27
106698,Nagpur,Maharashtra,2023-04-07
106699,Noida,Uttar Pradesh,2023-07-15
106700,Warangal,Telangana,2024-12-06
106701,Bengaluru,Karnataka,2023-06-09
106702,Surat,Gujarat,2024-03-28
106703,Kochi,Kerala,2025-05-10
106704,Nashik,Maharashtra,2025-06-07
106705,Madurai,Tamil Nadu,2025-05-15
106706,Madurai,Tamil Nadu,2023-05-03
106707,Nashik,Maharashtra,2023-05-16
106708,Warangal,Telangana,2023-06-10
106709,Surat,Gujarat,2024-12-01
106710,Nashik,Maharashtra,2023-06-13
106711,Mumbai,Maharashtra,2024-01-27
106712,Howrah,West Bengal,2025-01-15
106713,New Delhi,Delhi,2024-03-24
106714,Vadodara,Gujarat,2025-05-06
106715,Surat,Gujarat,2024-03-30
106716,Howrah,West Bengal,2023-12-12
106717,Kanpur,Uttar Pradesh,2025-06-01
106718,Kolkata,West Bengal,2024-05-13
106719,Ahmedabad,Gujarat,2023-06-18
106720,Chennai,Tamil Nadu,2024-07-31
106721,New Delhi,Delhi,2024-12-05
106722,New Delhi,Delhi,2025-02-02
106723,Madurai,Tamil Nadu,2023-01-06
106724,Nagpur,Maharashtra,2023-04-09
106725,Coimbatore,Tamil Nadu,2024-07-26
106726,New Delhi,Delhi,2024-11-06
106727,Nashik,Maharashtra,2024-08-17
106728,Bengaluru,Karnataka,2023-12-15
106729,Ghaziabad,Uttar Pradesh,2024-11-17
106730,Hyderabad,Telangana,2024-06-11
106731,Kanpur,Uttar Pradesh,2025-04-23
106732,Hyderabad,Telangana,2023-12-01
106733,Howrah,West Bengal,2024-11-17
106734,Kanpur,Uttar Pradesh,2023-05-11
106735,Nashik,Maharashtra,2024-10-28
106736,Kochi,Kerala,2024-10-28
106737,Mumbai,Maharashtra,2023-08-20
106738,Ahmedabad,Gujarat,2023-02-26
106739,Noida,Uttar Pradesh,2025-06-23
106740,New Delhi,Delhi,2023-03-11
106741,Ahmedabad,Gujarat,2024-03-02
106742,New Delhi,Delhi,2023-01-02
106743,Nashik,Maharashtra,2024-01-16
106744,Mumbai,Maharashtra,2025-01-17
106745,Mumbai,Maharashtra,2024-04-02
106746,Mumbai,Maharashtra,2023-08-07
106747,Surat,Gujarat,2023-12-25
106748,Warangal,Telangana,2023-03-26
106749,Chennai,Tamil Nadu,2024-06-24
106750,Lucknow,Uttar Pradesh,2023-01-04
106751,Mumbai,Maharashtra,2023-11-15
106752,Mangaluru,Karnataka,2023-02-25
106753,Noida,Uttar Pradesh,2023-08-07
106754,Jaipur,Rajasthan,2023-03-03
106755,Coimbatore,Tamil Nadu,2025-04-25
106756,Nashik,Maharashtra,2024-12-04
106757,Lucknow,Uttar Pradesh,2025-04-25
106758,Jaipur,Rajasthan,2024-09-14
106759,Coimbatore,Tamil Nadu,2024-03-28
106760,Bengaluru,Karnataka,2023-06-08
106761,Pune,Maharashtra,2025-05-26
106762,Vadodara,Gujarat,2025-04-15
106763,Udaipur,Rajasthan,2024-01-14
106764,Ahmedabad,Gujarat,2023-07-25
106765,New Delhi,Delhi,2023-12-19
106766,Surat,Gujarat,2023-12-26
106767,Howrah,West Bengal,2025-04-15
106768,Madurai,Tamil Nadu,2023-03-02
106769,Howrah,West Bengal,2024-07-30
106770,New Delhi,Delhi,2024-12-01
106771,New Delhi,Delhi,2024-11-25
106772,Hyderabad,Telangana,2023-06-26
106773,Chennai,Tamil Nadu,2024-01-12
106774,Kochi,Kerala,2023-11-08
106775,Hyderabad,Telangana,2024-01-06
106776,New Delhi,Delhi,2023-03-21
106777,New Delhi,Delhi,2023-03-17
106778,Warangal,Telangana,2023-01-23
106779,New Delhi,Delhi,2025-05-30
106780,Kanpur,Uttar Pradesh,2024-01-15
106781,New Delhi,Delhi,2023-07-27
106782,New Delhi,Delhi,2024-12-27
106783,Vadodara,Gujarat,2024-03-26
106784,Mumbai,Maharashtra,2023-11-29
106785,Ahmedabad,Gujarat,2023-04-15
106786,Chennai,Tamil Nadu,2023-12-18
106787,Coimbatore,Tamil Nadu,2024-08-12
106788,Noida,Uttar Pradesh,2024-07-21
106789,Kanpur,Uttar Pradesh,2023-12-23
106790,Howrah,West Bengal,2024-07-12
106791,New Delhi,Delhi,2024-11-30
106792,New Delhi,Delhi,2025-04-27
106793,Noida,Uttar Pradesh,2024-04-26
106794,Warangal,Telangana,2023-07-27
106795,Surat,Gujarat,2023-04-28
106796,Warangal,Telangana,2023-05-24
106797,Noida,Uttar Pradesh,2023-01-10
106798,Bengaluru,Karnataka,2024-05-23
106799,Hyderabad,Telangana,2023-07-13
106800,Nagpur,Maharashtra,2023-07-25
106801,New Delhi,Delhi,2024-10-21
106802,Vadodara,Gujarat,2023-10-19
106803,Chennai,Tamil Nadu,2025-01-24
106804,New Delhi,Delhi,2023-05-05
106805,Jaipur,Rajasthan,2023-11-07
106806,Kanpur,Uttar Pradesh,2023-02-16
106807,Warangal,Telangana,2024-05-03
106808,Thiruvananthapuram,Kerala,2023-04-24
106809,Madurai,Tamil Nadu,2023-08-07
106810,Ghaziabad,Uttar Pradesh,2024-11-01
106811,Nashik,Maharashtra,2025-03-13
106812,Mangaluru,Karnataka,2024-05-11
106813,New Delhi,Delhi,2025-05-29
106814,Pune,Maharashtra,2024-11-20
106815,Coimbatore,Tamil Nadu,2024-11-16
106816,Mysuru,Karnataka,2025-06-21
106817,Vadodara,Gujarat,2023-03-22
106818,Bengaluru,Karnataka,2023-07-31
106819,Nashik,Maharashtra,2024-02-03
106820,Thiruvananthapuram,Kerala,2024-07-17
106821,Ahmedabad,Gujarat,2025-06-21
106822,Jaipur,Rajasthan,2023-04-01
106823,Chennai,Tamil Nadu,2023-07-28
106824,Nagpur,Maharashtra,2023-09-29
106825,Hyderabad,Telangana,2024-09-02
106826,Hyderabad,Telangana,2025-05-16
106827,Mumbai,Maharashtra,2025-05-05
106828,Kolkata,West Bengal,2024-11-12
106829,Vadodara,Gujarat,2024-12-05
106830,Ghaziabad,Uttar Pradesh,2024-01-14
106831,Chennai,Tamil Nadu,2024-07-08
106832,Vadodara,Gujarat,2023-06-05
106833,Mysuru,Karnataka,2024-04-06
106834,Kochi,Kerala,2023-09-24
106835,New Delhi,Delhi,2025-04-26
106836,Pune,Maharashtra,2023-12-01
106837,Nagpur,Maharashtra,2023-12-26
106838,Vadodara,Gujarat,2024-01-02
106839,Kochi,Kerala,2025-04-01
106840,Jaipur,Rajasthan,2025-04-29
106841,Ghaziabad,Uttar Pradesh,2024-01-28
106842,Thiruvananthapuram,Kerala,2025-06-26
106843,Lucknow,Uttar Pradesh,2024-11-20
106844,New Delhi,Delhi,2025-02-10
106845,Surat,Gujarat,2025-04-14
106846,Nagpur,Maharashtra,2023-10-30
106847,Bengaluru,Karnataka,2024-05-16
106848,Chennai,Tamil Nadu,2023-09-17
106849,Mysuru,Karnataka,2023-10-10
106850,Kochi,Kerala,2024-02-28
106851,Thiruvananthapuram,Kerala,2023-02-16
106852,New Delhi,Delhi,2023-07-16
106853,Ghaziabad,Uttar Pradesh,2025-01-07
106854,New Delhi,Delhi,2023-06-01
106855,Mumbai,Maharashtra,2024-07-20
106856,New Delhi,Delhi,2024-11-28
106857,Mysuru,Karnataka,2023-08-28
106858,New Delhi,Delhi,2024-02-22
106859,Mangaluru,Karnataka,2025-03-10
106860,Mumbai,Maharashtra,2025-01-31
106861,Mangaluru,Karnataka,2025-04-18
106862,Jaipur,Rajasthan,2024-07-26
106863,Nashik,Maharashtra,2025-03-19
106864,New Delhi,Delhi,2023-12-29
106865,Hyderabad,Telangana,2024-07-01
106866,New Delhi,Delhi,2024-08-30
106867,Hyderabad,Telangana,2025-06-08
106868,Nagpur,Maharashtra,2023-12-02
106869,Ahmedabad,Gujarat,2025-03-07
106870,Hyderabad,Telangana,2024-04-08
106871,Surat,Gujarat,2023-04-05
106872,Warangal,Telangana,2024-08-20
106873,Coimbatore,Tamil Nadu,2025-06-12
106874,New Delhi,Delhi,2024-02-18
106875,Mangaluru,Karnataka,2024-05-14
106876,Coimbatore,Tamil Nadu,2025-04-24
106877,Pune,Maharashtra,2025-04-18
106878,New Delhi,Delhi,2023-12-31
106879,Surat,Gujarat,2024-11-23
106880,Nashik,Maharashtra,2024-07-28
106881,Nagpur,Maharashtra,2024-08-12
106882,Ahmedabad,Gujarat,2024-10-18
106883,New Delhi,Delhi,2023-10-25
106884,Ghaziabad,Uttar Pradesh,2023-10-05
106885,Jaipur,Rajasthan,2023-01-25
106886,Kochi,Kerala,2025-02-19
106887,Chennai,Tamil Nadu,2023-09-10
106888,Mangaluru,Karnataka,2024-09-06
106889,Ahmedabad,Gujarat,2024-09-16
106890,Vadodara,Gujarat,2024-10-02
106891,Ahmedabad,Gujarat,2025-02-25
106892,New Delhi,Delhi,2025-03-01
106893,Nagpur,Maharashtra,2023-01-03
106894,Bengaluru,Karnataka,2025-02-04
106895,Pune,Maharashtra,2023-07-09
106896,Nashik,Maharashtra,2024-08-10
106897,Udaipur,Rajasthan,2024-09-05
106898,Nagpur,Maharashtra,2023-02-18
106899,Ahmedabad,Gujarat,2023-09-16
106900,Udaipur,Rajasthan,2025-04-09
106901,New Delhi,Delhi,2023-05-10
106902,Hyderabad,Telangana,2023-07-31
106903,Kanpur,Uttar Pradesh,2023-03-16
106904,New Delhi,Delhi,2023-06-01
106905,Madurai,Tamil Nadu,2024-08-04
106906,Howrah,West Bengal,2025-02-05
106907,Kanpur,Uttar Pradesh,2024-06-25
106908,Noida,Uttar Pradesh,2023-09-17
106909,Kochi,Kerala,2025-02-21
106910,New Delhi,Delhi,2023-12-01
106911,Kanpur,Uttar Pradesh,2023-10-14
106912,Ahmedabad,Gujarat,2024-04-05
106913,Surat,Gujarat,2023-05-05
106914,Ghaziabad,Uttar Pradesh,2023-11-21
106915,Ghaziabad,Uttar Pradesh,2024-12-29
106916,Udaipur,Rajasthan,2024-07-08
106917,New Delhi,Delhi,2025-06-19
106918,Vadodara,Gujarat,2024-12-07
106919,Mangaluru,Karnataka,2023-11-25
106920,Ahmedabad,Gujarat,2024-11-29
106921,Ghaziabad,Uttar Pradesh,2025-02-27
106922,Kanpur,Uttar Pradesh,2024-07-28
106923,Madurai,Tamil Nadu,2024-04-03
106924,Coimbatore,Tamil Nadu,2025-04-10
106925,New Delhi,Delhi,2023-08-05
106926,Mumbai,Maharashtra,2024-01-22
106927,Mysuru,Karnataka,2023-08-20
106928,Udaipur,Rajasthan,2023-04-03
106929,Bengaluru,Karnataka,2024-07-15
106930,Thiruvananthapuram,Kerala,2023-04-18
106931,Mysuru,Karnataka,2023-07-26
106932,Lucknow,Uttar Pradesh,2024-11-26
106933,Warangal,Telangana,2023-08-08
106934,Noida,Uttar Pradesh,2025-02-25
106935,Surat,Gujarat,2023-02-14
106936,Ghaziabad,Uttar Pradesh,2024-02-21
106937,Udaipur,Rajasthan,2023-03-03
106938,Hyderabad,Telangana,2023-02-24
106939,Mumbai,Maharashtra,2024-12-21
106940,Mysuru,Karnataka,2023-03-02
106941,Ghaziabad,Uttar Pradesh,2025-03-23
106942,Chennai,Tamil Nadu,2024-06-29
106943,Hyderabad,Telangana,2024-03-15
106944,Surat,Gujarat,2025-04-16
106945,New Delhi,Delhi,2023-12-20
106946,Noida,Uttar Pradesh,2023-12-31
106947,Noida,Uttar Pradesh,2024-01-09
106948,Lucknow,Uttar Pradesh,2024-08-15
106949,Kanpur,Uttar Pradesh,2025-02-10
106950,Udaipur,Rajasthan,2024-05-08
106951,Ahmedabad,Gujarat,2023-09-14
106952,Thiruvananthapuram,Kerala,2025-03-21
106953,Nashik,Maharashtra,2024-06-29
106954,Ahmedabad,Gujarat,2025-01-28
106955,Ghaziabad,Uttar Pradesh,2024-01-29
106956,Chennai,Tamil Nadu,2023-07-01
106957,Mangaluru,Karnataka,2025-05-10
106958,Warangal,Telangana,2024-09-09
106959,New Delhi,Delhi,2023-10-08
106960,Udaipur,Rajasthan,2025-02-11
106961,New Delhi,Delhi,2023-01-09
106962,Pune,Maharashtra,2025-04-27
106963,Warangal,Telangana,2024-06-11
106964,New Delhi,Delhi,2024-06-21
106965,Mumbai,Maharashtra,2023-01-13
106966,Hyderabad,Telangana,2023-06-10
106967,Warangal,Telangana,2024-10-18
106968,Mumbai,Maharashtra,2024-05-23
106969,Ahmedabad,Gujarat,2023-04-27
106970,Warangal,Telangana,2024-08-29
106971,Kanpur,Uttar Pradesh,2024-11-10
106972,New Delhi,Delhi,2023-09-06
106973,Mysuru,Karnataka,2024-09-20
106974,Kochi,Kerala,2025-06-05
106975,Hyderabad,Telangana,2024-03-15
106976,Nagpur,Maharashtra,2023-07-28
106977,Kolkata,West Bengal,2025-05-26
106978,Mangaluru,Karnataka,2025-04-10
106979,Lucknow,Uttar Pradesh,2024-02-21
106980,Lucknow,Uttar Pradesh,2024-01-23
106981,Kochi,Kerala,2025-01-29
106982,Thiruvananthapuram,Kerala,2023-01-01
106983,Bengaluru,Karnataka,2023-10-12
106984,Ghaziabad,Uttar Pradesh,2024-05-09
106985,New Delhi,Delhi,2024-08-18
106986,Surat,Gujarat,2024-07-26
106987,Vadodara,Gujarat,2023-12-04
106988,Pune,Maharashtra,2025-03-02
106989,Pune,Maharashtra,2024-08-14
106990,Pune,Maharashtra,2024-05-07
106991,Pune,Maharashtra,2025-05-05
106992,Mysuru,Karnataka,2023-03-27
106993,Udaipur,Rajasthan,2024-10-08
106994,Warangal,Telangana,2025-04-24
106995,Noida,Uttar Pradesh,2024-08-25
106996,Kolkata,West Bengal,2024-05-30
106997,Noida,Uttar Pradesh,2023-11-28
106998,New Delhi,Delhi,2023-09-05
106999,Howrah,West Bengal,2024-05-12
107000,Noida,Uttar Pradesh,2025-03-29
107001,Lucknow,Uttar Pradesh,2024-02-26
107002,Udaipur,Rajasthan,2023-04-21
107003,Ahmedabad,Gujarat,2024-03-16
107004,Hyderabad,Telangana,2023-03-30
107005,Jaipur,Rajasthan,2025-05-02
107006,Chennai,Tamil Nadu,2024-05-02
107007,Kolkata,West Bengal,2023-07-14
107008,Nagpur,Maharashtra,2024-07-23
107009,Nagpur,Maharashtra,2024-05-04
107010,Hyderabad,Telangana,2024-04-10
107011,Nagpur,Maharashtra,2024-06-23
107012,Kochi,Kerala,2025-04-26
107013,Mumbai,Maharashtra,2025-02-18
107014,Lucknow,Uttar Pradesh,2023-08-28
107015,Mangaluru,Karnataka,2023-08-07
107016,Kochi,Kerala,2025-06-21
107017,New Delhi,Delhi,2024-08-10
107018,Nashik,Maharashtra,2023-01-18
107019,Nashik,Maharashtra,2024-04-27
107020,Hyderabad,Telangana,2023-04-18
107021,Kochi,Kerala,2023-01-28
107022,Kochi,Kerala,2023-06-19
107023,New Delhi,Delhi,2023-08-20
107024,Madurai,Tamil Nadu,2023-03-14
107025,Mumbai,Maharashtra,2025-01-31
107026,Hyderabad,Telangana,2024-02-04
107027,Surat,Gujarat,2024-05-17
107028,Bengaluru,Karnataka,2025-02-27
107029,Ahmedabad,Gujarat,2025-02-01
107030,Jaipur,Rajasthan,2025-01-17
107031,Mumbai,Maharashtra,2023-06-28
107032,Mysuru,Karnataka,2024-11-09
107033,Mangaluru,Karnataka,2025-06-26
107034,Pune,Maharashtra,2023-01-07
107035,Pune,Maharashtra,2025-03-01
107036,Ahmedabad,Gujarat,2025-02-27
107037,Nashik,Maharashtra,2025-02-05
107038,Ghaziabad,Uttar Pradesh,2023-12-28
107039,Udaipur,Rajasthan,2023-07-01
107040,Jaipur,Rajasthan,2024-10-28
107041,Ahmedabad,Gujarat,2024-07-21
107042,Mangaluru,Karnataka,2024-10-24
107043,Mumbai,Maharashtra,2023-08-22
107044,Bengaluru,Karnataka,2023-06-11
107045,Thiruvananthapuram,Kerala,2025-04-01
107046,Kochi,Kerala,2024-04-14
107047,New Delhi,Delhi,2025-02-14
107048,New Delhi,Delhi,2025-04-23
107049,Hyderabad,Telangana,2024-02-23
107050,Mysuru,Karnataka,2023-08-28
107051,Kochi,Kerala,2025-03-27
107052,Bengaluru,Karnataka,2024-10-13
107053,New Delhi,Delhi,2025-05-22
107054,Coimbatore,Tamil Nadu,2023-08-13
107055,Mumbai,Maharashtra,2023-11-25
107056,New Delhi,Delhi,2023-02-05
107057,Howrah,West Bengal,2023-12-20
107058,Mumbai,Maharashtra,2024-02-11
107059,Warangal,Telangana,2024-02-17
107060,New Delhi,Delhi,2023-05-18
107061,Mumbai,Maharashtra,2025-01-07
107062,Nagpur,Maharashtra,2024-03-21
107063,Mangaluru,Karnataka,2024-02-05
107064,Nashik,Maharashtra,2025-02-26
107065,New Delhi,Delhi,2024-03-18
107066,Kolkata,West Bengal,2025-03-23
107067,Noida,Uttar Pradesh,2023-07-22
107068,Udaipur,Rajasthan,2025-02-13
107069,Madurai,Tamil Nadu,2025-06-19
107070,Noida,Uttar Pradesh,2024-11-14
107071,Ahmedabad,Gujarat,2025-03-23
107072,Mysuru,Karnataka,2024-11-05
107073,Mysuru,Karnataka,2024-06-30
107074,Hyderabad,Telangana,2024-11-26
107075,Ghaziabad,Uttar Pradesh,2025-05-25
107076,Coimbatore,Tamil Nadu,2024-07-05
107077,Mangaluru,Karnataka,2023-03-14
107078,Thiruvananthapuram,Kerala,2025-05-23
107079,Pune,Maharashtra,2024-12-09
107080,Thiruvananthapuram,Kerala,2023-05-28
107081,Lucknow,Uttar Pradesh,2023-09-21
107082,Kolkata,West Bengal,2023-07-25
107083,Lucknow,Uttar Pradesh,2023-10-19
107084,Mysuru,Karnataka,2025-03-17
107085,Vadodara,Gujarat,2024-02-27
107086,Ghaziabad,Uttar Pradesh,2024-01-18
107087,Noida,Uttar Pradesh,2024-12-10
107088,Bengaluru,Karnataka,2023-12-05
107089,Mysuru,Karnataka,2025-03-17
107090,New Delhi,Delhi,2024-11-18
107091,Coimbatore,Tamil Nadu,2023-08-23
107092,Warangal,Telangana,2024-07-28
107093,Kolkata,West Bengal,2024-03-15
107094,Ghaziabad,Uttar Pradesh,2023-11-10
107095,Surat,Gujarat,2025-04-05
107096,Mysuru,Karnataka,2023-12-29
107097,Coimbatore,Tamil Nadu,2023-04-17
107098,New Delhi,Delhi,2024-01-08
107099,Mangaluru,Karnataka,2024-04-15
107100,Pune,Maharashtra,2023-04-26
107101,New Delhi,Delhi,2024-11-07
107102,Mysuru,Karnataka,2023-07-29
107103,Warangal,Telangana,2023-03-26
107104,Mumbai,Maharashtra,2024-05-04
107105,Mysuru,Karnataka,2023-05-27
107106,Nagpur,Maharashtra,2024-12-13
107107,Vadodara,Gujarat,2023-03-04
107108,Hyderabad,Telangana,2024-01-17
107109,New Delhi,Delhi,2023-02-17
107110,Nagpur,Maharashtra,2023-12-16
107111,Thiruvananthapuram,Kerala,2025-04-30
107112,Hyderabad,Telangana,2024-08-15
107113,Vadodara,Gujarat,2024-05-02
107114,Hyderabad,Telangana,2023-05-24
107115,Kanpur,Uttar Pradesh,2023-10-13
107116,Jaipur,Rajasthan,2023-12-13
107117,New Delhi,Delhi,2024-06-11
107118,Noida,Uttar Pradesh,2023-07-09
107119,Mangaluru,Karnataka,2025-06-29
107120,Ahmedabad,Gujarat,2024-08-16
107121,New Delhi,Delhi,2023-10-12
107122,Mumbai,Maharashtra,2023-04-13
107123,Thiruvananthapuram,Kerala,2024-06-26
107124,Howrah,West Bengal,2024-02-12
107125,Mysuru,Karnataka,2024-09-05
107126,Thiruvananthapuram,Kerala,2024-06-27
107127,New Delhi,Delhi,2024-08-06
107128,Coimbatore,Tamil Nadu,2025-01-29
107129,Howrah,West Bengal,2024-04-23
107130,Mysuru,Karnataka,2024-10-22
107131,Coimbatore,Tamil Nadu,2023-11-24
107132,Surat,Gujarat,2025-05-08
107133,Nagpur,Maharashtra,2024-01-07
107134,Madurai,Tamil Nadu,2024-09-11
107135,Mangaluru,Karnataka,2025-06-28
107136,Surat,Gujarat,2023-11-15
107137,Nagpur,Maharashtra,2023-04-03
107138,Bengaluru,Karnataka,2023-07-31
107139,Noida,Uttar Pradesh,2023-08-11
107140,Nashik,Maharashtra,2023-02-21
107141,Coimbatore,Tamil Nadu,2024-05-10
107142,Noida,Uttar Pradesh,2023-09-10
107143,Lucknow,Uttar Pradesh,2023-03-30
107144,Nashik,Maharashtra,2023-05-05
107145,Howrah,West Bengal,2023-09-07
107146,Ghaziabad,Uttar Pradesh,2023-12-03
107147,New Delhi,Delhi,2025-06-06
107148,Kanpur,Uttar Pradesh,2024-10-02
107149,Noida,Uttar Pradesh,2024-10-13
107150,Ahmedabad,Gujarat,2024-09-22
107151,Hyderabad,Telangana,2025-01-01
107152,Kanpur,Uttar Pradesh,2023-10-17
107153,Thiruvananthapuram,Kerala,2023-04-01
107154,Hyderabad,Telangana,2024-04-08
107155,Kanpur,Uttar Pradesh,2023-01-02
107156,Kanpur,Uttar Pradesh,2023-07-17
107157,Howrah,West Bengal,2024-11-16
107158,Thiruvananthapuram,Kerala,2024-04-03
107159,Mysuru,Karnataka,2024-09-21
107160,Nagpur,Maharashtra,2024-04-09
107161,Hyderabad,Telangana,2024-05-09
107162,Madurai,Tamil Nadu,2023-10-02
107163,Warangal,Telangana,2023-07-19
107164,Noida,Uttar Pradesh,2023-08-25
107165,Udaipur,Rajasthan,2024-12-28
107166,Chennai,Tamil Nadu,2025-06-11
107167,Lucknow,Uttar Pradesh,2023-03-16
107168,Mangaluru,Karnataka,2024-05-04
107169,Hyderabad,Telangana,2024-03-04
107170,Mumbai,Maharashtra,2024-05-27
107171,Coimbatore,Tamil Nadu,2023-08-01
107172,Hyderabad,Telangana,2023-01-08
107173,Kanpur,Uttar Pradesh,2023-07-05
107174,Ahmedabad,Gujarat,2023-06-15
107175,New Delhi,Delhi,2023-02-17
107176,Pune,Maharashtra,2023-11-21
107177,Pune,Maharashtra,2024-09-15
107178,Thiruvananthapuram,Kerala,2025-05-30
107179,Udaipur,Rajasthan,2024-08-21
107180,New Delhi,Delhi,2023-06-09
107181,Bengaluru,Karnataka,2023-11-26
107182,Chennai,Tamil Nadu,2023-10-04
107183,Vadodara,Gujarat,2023-07-13
107184,New Delhi,Delhi,2025-06-21
107185,Pune,Maharashtra,2024-08-20
107186,New Delhi,Delhi,2024-03-14
107187,Mysuru,Karnataka,2024-02-02
107188,New Delhi,Delhi,2023-10-18
107189,Nashik,Maharashtra,2024-01-15
107190,Ahmedabad,Gujarat,2024-07-31
107191,Warangal,Telangana,2025-04-25
107192,Bengaluru,Karnataka,2024-03-28
107193,Hyderabad,Telangana,2023-06-18
107194,Coimbatore,Tamil Nadu,2025-05-22
107195,Ghaziabad,Uttar Pradesh,2023-10-14
107196,Thiruvananthapuram,Kerala,2023-03-17
107197,Mumbai,Maharashtra,2024-05-10
107198,Jaipur,Rajasthan,2024-12-21
107199,Ghaziabad,Uttar Pradesh,2023-08-23
107200,Kanpur,Uttar Pradesh,2023-09-12
107201,New Delhi,Delhi,2023-09-21
107202,New Delhi,Delhi,2025-01-04
107203,Mumbai,Maharashtra,2025-05-22
107204,Thiruvananthapuram,Kerala,2025-02-11
107205,Surat,Gujarat,2023-07-26
107206,New Delhi,Delhi,2025-02-12
107207,Hyderabad,Telangana,2023-10-10
107208,Mumbai,Maharashtra,2025-02-28
107209,Nashik,Maharashtra,2025-06-22
107210,Vadodara,Gujarat,2024-10-16
107211,Hyderabad,Telangana,2025-05-20
107212,Noida,Uttar Pradesh,2023-05-10
107213,Surat,Gujarat,2024-08-19
107214,Surat,Gujarat,2023-02-17
107215,Kolkata,West Bengal,2024-08-17
107216,Nagpur,Maharashtra,2023-11-07
107217,Noida,Uttar Pradesh,2025-06-02
107218,Noida,Uttar Pradesh,2024-03-27
107219,Mangaluru,Karnataka,2024-11-25
107220,Mangaluru,Karnataka,2023-10-03
107221,Bengaluru,Karnataka,2023-03-10
107222,Mysuru,Karnataka,2024-11-07
107223,Warangal,Telangana,2023-07-22
107224,Mumbai,Maharashtra,2024-10-20
107225,Vadodara,Gujarat,2024-02-28
107226,Mumbai,Maharashtra,2025-06-04
107227,Nagpur,Maharashtra,2023-11-18
107228,New Delhi,Delhi,2023-12-31
107229,Mysuru,Karnataka,2024-11-05
107230,Thiruvananthapuram,Kerala,2024-12-16
107231,Bengaluru,Karnataka,2023-04-25
107232,Bengaluru,Karnataka,2024-11-06
107233,Mysuru,Karnataka,2024-03-23
107234,New Delhi,Delhi,2025-06-19
107235,Vadodara,Gujarat,2024-07-28
107236,Kanpur,Uttar Pradesh,2024-12-05
107237,New Delhi,Delhi,2023-11-10
107238,Vadodara,Gujarat,2023-09-16
107239,Coimbatore,Tamil Nadu,2024-12-16
107240,Kolkata,West Bengal,2023-01-14
107241,Hyderabad,Telangana,2024-06-12
107242,Mangaluru,Karnataka,2025-05-31
107243,Ghaziabad,Uttar Pradesh,2025-06-21
107244,Howrah,West Bengal,2024-10-14
107245,Chennai,Tamil Nadu,2024-03-29
107246,Thiruvananthapuram,Kerala,2025-01-10
107247,Howrah,West Bengal,2023-01-14
107248,Mysuru,Karnataka,2024-12-23
107249,Ghaziabad,Uttar Pradesh,2023-06-23
107250,Vadodara,Gujarat,2024-11-01
107251,Hyderabad,Telangana,2023-11-14
107252,Hyderabad,Telangana,2024-07-03
107253,Howrah,West Bengal,2025-04-26
107254,Vadodara,Gujarat,2024-12-18
107255,Warangal,Telangana,2025-04-12
107256,Nagpur,Maharashtra,2023-05-18
107257,Coimbatore,Tamil Nadu,2023-12-12
107258,Udaipur,Rajasthan,2024-02-03
107259,Ghaziabad,Uttar Pradesh,2023-01-29
107260,Mumbai,Maharashtra,2023-01-21
107261,Jaipur,Rajasthan,2023-02-05
107262,Kolkata,West Bengal,2024-11-29
107263,Warangal,Telangana,2024-02-11
107264,Pune,Maharashtra,2024-11-15
107265,Hyderabad,Telangana,2025-01-30
107266,Mumbai,Maharashtra,2023-02-02
107267,New Delhi,Delhi,2025-02-11
107268,Ahmedabad,Gujarat,2023-07-25
107269,Jaipur,Rajasthan,2024-01-04
107270,New Delhi,Delhi,2025-05-27
107271,Howrah,West Bengal,2023-10-02
107272,Jaipur,Rajasthan,2025-05-06
107273,Mumbai,Maharashtra,2024-04-06
107274,Bengaluru,Karnataka,2023-01-13
107275,Ghaziabad,Uttar Pradesh,2025-01-28
107276,Kanpur,Uttar Pradesh,2023-02-10
107277,New Delhi,Delhi,2024-08-02
107278,Surat,Gujarat,2024-02-22
107279,Ahmedabad,Gujarat,2023-05-08
107280,Ghaziabad,Uttar Pradesh,2024-04-13
107281,Noida,Uttar Pradesh,2023-11-26
107282,Nashik,Maharashtra,2023-03-31
107283,Nashik,Maharashtra,2024-05-20
107284,Nagpur,Maharashtra,2023-02-09
107285,Udaipur,Rajasthan,2024-05-05
107286,Udaipur,Rajasthan,2023-07-25
107287,Kanpur,Uttar Pradesh,2025-01-26
107288,Nashik,Maharashtra,2025-05-15
107289,Warangal,Telangana,2025-04-29
107290,Mysuru,Karnataka,2025-05-04
107291,New Delhi,Delhi,2023-04-02
107292,Mysuru,Karnataka,2024-04-09
107293,Howrah,West Bengal,2023-07-24
107294,Pune,Maharashtra,2023-03-30
107295,Ahmedabad,Gujarat,2023-12-24
107296,Kochi,Kerala,2024-01-27
107297,Ahmedabad,Gujarat,2023-09-28
107298,Nashik,Maharashtra,2023-04-15
107299,Jaipur,Rajasthan,2024-01-07
107300,Vadodara,Gujarat,2023-05-22
107301,Coimbatore,Tamil Nadu,2023-02-07
107302,Surat,Gujarat,2024-02-16
107303,Kolkata,West Bengal,2023-03-02
107304,Madurai,Tamil Nadu,2025-05-29
107305,Warangal,Telangana,2025-02-02
107306,Coimbatore,Tamil Nadu,2025-04-23
107307,Nagpur,Maharashtra,2023-04-04
107308,Ghaziabad,Uttar Pradesh,2024-02-28
107309,Nagpur,Maharashtra,2025-01-20
107310,New Delhi,Delhi,2024-06-08
107311,New Delhi,Delhi,2023-10-07
107312,Mysuru,Karnataka,2025-01-27
107313,New Delhi,Delhi,2023-10-09
107314,Vadodara,Gujarat,2025-06-06
107315,New Delhi,Delhi,2023-04-02
107316,Nashik,Maharashtra,2024-10-05
107317,Howrah,West Bengal,2023-01-13
107318,Kochi,Kerala,2025-04-12
107319,Madurai,Tamil Nadu,2023-11-20
107320,New Delhi,Delhi,2023-01-19
107321,Mumbai,Maharashtra,2025-01-31
107322,Nagpur,Maharashtra,2025-04-18
107323,New Delhi,Delhi,2024-03-18
107324,Udaipur,Rajasthan,2023-02-26
107325,Noida,Uttar Pradesh,2023-07-27
107326,New Delhi,Delhi,2023-01-29
107327,Kochi,Kerala,2023-02-10
107328,Madurai,Tamil Nadu,2023-05-25
107329,Mangaluru,Karnataka,2024-05-28
107330,Chennai,Tamil Nadu,2024-11-29
107331,Mysuru,Karnataka,2024-06-16
107332,Jaipur,Rajasthan,2023-07-06
107333,New Delhi,Delhi,2024-07-02
107334,Surat,Gujarat,2023-07-30
107335,New Delhi,Delhi,2024-02-25
107336,Jaipur,Rajasthan,2025-03-20
107337,Vadodara,Gujarat,2023-05-03
107338,Coimbatore,Tamil Nadu,2025-03-08
107339,Pune,Maharashtra,2023-09-04
107340,Udaipur,Rajasthan,2024-09-02
107341,Hyderabad,Telangana,2023-08-27
107342,Bengaluru,Karnataka,2023-05-30
107343,Howrah,West Bengal,2024-02-15
107344,Nashik,Maharashtra,2023-12-14
107345,New Delhi,Delhi,2024-04-07
107346,Hyderabad,Telangana,2023-08-04
107347,New Delhi,Delhi,2025-06-10
107348,Chennai,Tamil Nadu,2024-09-04
107349,Bengaluru,Karnataka,2025-02-04
107350,Pune,Maharashtra,2024-12-11
107351,Nashik,Maharashtra,2024-10-21
107352,Pune,Maharashtra,2023-05-10
107353,Thiruvananthapuram,Kerala,2024-06-19
107354,Hyderabad,Telangana,2025-03-29
107355,Coimbatore,Tamil Nadu,2023-03-29
107356,New Delhi,Delhi,2024-02-26
107357,Ghaziabad,Uttar Pradesh,2023-06-17
107358,Nagpur,Maharashtra,2024-12-25
107359,Bengaluru,Karnataka,2025-04-28
107360,Ahmedabad,Gujarat,2023-02-17
107361,Chennai,Tamil Nadu,2024-12-31
107362,Ghaziabad,Uttar Pradesh,2023-11-25
107363,Jaipur,Rajasthan,2025-05-28
107364,Kolkata,West Bengal,2023-01-14
107365,Mangaluru,Karnataka,2023-06-24
107366,Nagpur,Maharashtra,2024-10-16
107367,Nashik,Maharashtra,2023-03-14
107368,Noida,Uttar Pradesh,2023-05-26
107369,Udaipur,Rajasthan,2023-11-05
107370,Jaipur,Rajasthan,2023-02-01
107371,Mysuru,Karnataka,2024-12-13
107372,Kolkata,West Bengal,2024-09-02
107373,Warangal,Telangana,2024-11-13
107374,Kolkata,West Bengal,2024-03-03
107375,Hyderabad,Telangana,2024-08-06
107376,Nashik,Maharashtra,2024-06-05
107377,Mumbai,Maharashtra,2024-09-24
107378,Thiruvananthapuram,Kerala,2024-02-15
107379,Coimbatore,Tamil Nadu,2024-08-16
107380,New Delhi,Delhi,2024-08-10
107381,New Delhi,Delhi,2024-08-07
107382,New Delhi,Delhi,2025-03-05
107383,Udaipur,Rajasthan,2023-11-15
107384,Pune,Maharashtra,2025-03-11
107385,Nashik,Maharashtra,2023-01-26
107386,Lucknow,Uttar Pradesh,2024-03-18
107387,Hyderabad,Telangana,2024-02-07
107388,Pune,Maharashtra,2025-03-01
107389,Pune,Maharashtra,2023-02-11
107390,Bengaluru,Karnataka,2023-07-17
107391,Bengaluru,Karnataka,2024-03-03
107392,Pune,Maharashtra,2025-01-12
107393,Mysuru,Karnataka,2024-02-27
107394,Lucknow,Uttar Pradesh,2024-08-05
107395,Howrah,West Bengal,2023-06-12
107396,Jaipur,Rajasthan,2025-05-09
107397,New Delhi,Delhi,2024-12-15
107398,New Delhi,Delhi,2023-02-09
107399,Thiruvananthapuram,Kerala,2024-10-03
107400,Ghaziabad,Uttar Pradesh,2023-04-28
107401,Hyderabad,Telangana,2024-05-24
107402,Mangaluru,Karnataka,2024-10-07
107403,New Delhi,Delhi,2025-04-23
107404,Hyderabad,Telangana,2023-03-06
107405,Hyderabad,Telangana,2023-09-19
107406,Nashik,Maharashtra,2024-09-20
107407,Kochi,Kerala,2023-08-27
107408,Hyderabad,Telangana,2024-10-11
107409,Hyderabad,Telangana,2023-06-17
107410,Bengaluru,Karnataka,2023-05-30
107411,Noida,Uttar Pradesh,2024-05-10
107412,Ghaziabad,Uttar Pradesh,2024-09-19
107413,Mumbai,Maharashtra,2023-07-07
107414,Vadodara,Gujarat,2025-03-07
107415,Ahmedabad,Gujarat,2025-03-02
107416,Howrah,West Bengal,2023-03-15
107417,Mangaluru,Karnataka,2023-10-05
107418,Howrah,West Bengal,2024-05-21
107419,Madurai,Tamil Nadu,2024-03-23
107420,Pune,Maharashtra,2023-08-21
107421,Nashik,Maharashtra,2024-04-27
107422,Bengaluru,Karnataka,2025-05-27
107423,Mysuru,Karnataka,2023-10-08
107424,Madurai,Tamil Nadu,2023-07-19
107425,Kanpur,Uttar Pradesh,2024-11-03
107426,Bengaluru,Karnataka,2024-06-03
107427,Thiruvananthapuram,Kerala,2024-09-22
107428,Nashik,Maharashtra,2024-08-11
107429,Vadodara,Gujarat,2024-11-24
107430,Udaipur,Rajasthan,2024-10-26
107431,Howrah,West Bengal,2024-07-05
107432,Vadodara,Gujarat,2024-02-19
107433,Kanpur,Uttar Pradesh,2024-02-24
107434,Mumbai,Maharashtra,2023-08-30
107435,Nashik,Maharashtra,2024-02-13
107436,Chennai,Tamil Nadu,2024-07-05
107437,Nagpur,Maharashtra,2024-10-14
107438,New Delhi,Delhi,2024-12-05
107439,Mysuru,Karnataka,2023-12-10
107440,Jaipur,Rajasthan,2024-10-29
107441,Jaipur,Rajasthan,2024-02-03
107442,Kolkata,West Bengal,2023-11-23
107443,Lucknow,Uttar Pradesh,2023-05-30
107444,Pune,Maharashtra,2023-08-31
107445,Pune,Maharashtra,2024-09-11
107446,Ahmedabad,Gujarat,2023-07-17
107447,Surat,Gujarat,2023-03-12
107448,New Delhi,Delhi,2023-09-05
107449,Chennai,Tamil Nadu,2025-06-21
107450,Madurai,Tamil Nadu,2023-05-17
107451,Bengaluru,Karnataka,2023-05-11
107452,New Delhi,Delhi,2024-01-03
107453,Chennai,Tamil Nadu,2023-12-15
107454,Ahmedabad,Gujarat,2025-04-18
107455,Kochi,Kerala,2023-08-05
107456,Warangal,Telangana,2024-01-16
107457,Kanpur,Uttar Pradesh,2023-09-22
107458,Lucknow,Uttar Pradesh,2023-08-16
107459,Nashik,Maharashtra,2023-10-21
107460,Ahmedabad,Gujarat,2023-08-23
107461,Madurai,Tamil Nadu,2024-10-16
107462,Hyderabad,Telangana,2024-12-20
107463,Pune,Maharashtra,2023-06-11
107464,Jaipur,Rajasthan,2024-03-27
107465,Kochi,Kerala,2023-08-29
107466,Nagpur,Maharashtra,2025-03-01
107467,Mysuru,Karnataka,2023-04-03
107468,Mysuru,Karnataka,2024-01-08
107469,Kanpur,Uttar Pradesh,2023-10-29
107470,Ahmedabad,Gujarat,2023-11-28
107471,Nashik,Maharashtra,2025-05-07
107472,Howrah,West Bengal,2024-05-07
107473,New Delhi,Delhi,2023-12-13
107474,Madurai,Tamil Nadu,2025-01-06
107475,New Delhi,Delhi,2024-12-09
107476,Hyderabad,Telangana,2023-05-12
107477,Madurai,Tamil Nadu,2024-02-25
107478,Mangaluru,Karnataka,2024-01-11
107479,Coimbatore,Tamil Nadu,2024-02-14
107480,Udaipur,Rajasthan,2023-11-14
107481,Coimbatore,Tamil Nadu,2025-01-20
107482,Udaipur,Rajasthan,2025-06-26
107483,Warangal,Telangana,2023-01-25
107484,Noida,Uttar Pradesh,2025-02-19
107485,Mangaluru,Karnataka,2025-02-26
107486,Kanpur,Uttar Pradesh,2023-11-30
107487,Bengaluru,Karnataka,2024-03-18
107488,Nashik,Maharashtra,2023-04-03
107489,Pune,Maharashtra,2023-11-16
107490,Nashik,Maharashtra,2023-08-06
107491,Jaipur,Rajasthan,2025-04-06
107492,Kochi,Kerala,2023-04-08
107493,Lucknow,Uttar Pradesh,2023-11-06
107494,Pune,Maharashtra,2024-03-14
107495,Udaipur,Rajasthan,2025-06-09
107496,Noida,Uttar Pradesh,2025-01-14
107497,New Delhi,Delhi,2025-05-03
107498,Madurai,Tamil Nadu,2023-10-10
107499,Ahmedabad,Gujarat,2023-09-02
107500,Pune,Maharashtra,2024-06-04
107501,Coimbatore,Tamil Nadu,2023-11-07
107502,Lucknow,Uttar Pradesh,2023-01-15
107503,Mysuru,Karnataka,2025-01-09
107504,Coimbatore,Tamil Nadu,2023-03-28
107505,Hyderabad,Telangana,2023-06-28
107506,Ghaziabad,Uttar Pradesh,2025-05-09
107507,Thiruvananthapuram,Kerala,2024-10-28
107508,Howrah,West Bengal,2024-08-08
107509,Surat,Gujarat,2023-04-28
107510,Hyderabad,Telangana,2023-07-07
107511,Vadodara,Gujarat,2024-08-07
107512,Warangal,Telangana,2024-03-31
107513,Nashik,Maharashtra,2023-11-25
107514,Noida,Uttar Pradesh,2024-11-10
107515,Ghaziabad,Uttar Pradesh,2024-12-09
107516,Warangal,Telangana,2024-11-04
107517,Howrah,West Bengal,2023-04-07
107518,Vadodara,Gujarat,2024-07-08
107519,New Delhi,Delhi,2023-07-11
107520,Mumbai,Maharashtra,2023-09-05
107521,Mumbai,Maharashtra,2025-06-10
107522,New Delhi,Delhi,2024-01-14
107523,Chennai,Tamil Nadu,2024-12-18
107524,Nagpur,Maharashtra,2023-08-13
107525,Mangaluru,Karnataka,2025-06-04
107526,Bengaluru,Karnataka,2023-09-10
107527,Noida,Uttar Pradesh,2023-06-15
107528,Lucknow,Uttar Pradesh,2023-10-22
107529,New Delhi,Delhi,2023-06-08
107530,Pune,Maharashtra,2024-06-29
107531,Mumbai,Maharashtra,2023-05-12
107532,Nagpur,Maharashtra,2023-07-09
107533,New Delhi,Delhi,2024-10-01
107534,Nashik,Maharashtra,2023-02-08
107535,New Delhi,Delhi,2024-02-06
107536,Kochi,Kerala,2024-09-22
107537,Chennai,Tamil Nadu,2024-02-10
107538,Kolkata,West Bengal,2023-01-20
107539,Mumbai,Maharashtra,2023-05-24
107540,Mysuru,Karnataka,2025-06-03
107541,Jaipur,Rajasthan,2024-12-04
107542,New Delhi,Delhi,2023-11-16
107543,Surat,Gujarat,2025-03-06
107544,Kochi,Kerala,2023-01-06
107545,Warangal,Telangana,2023-02-13
107546,Mysuru,Karnataka,2025-03-16
107547,Hyderabad,Telangana,2024-09-06
107548,Mumbai,Maharashtra,2024-06-30
107549,Pune,Maharashtra,2023-11-10
107550,Nagpur,Maharashtra,2025-01-14
107551,Jaipur,Rajasthan,2024-07-08
107552,Ahmedabad,Gujarat,2024-02-01
107553,Mysuru,Karnataka,2023-12-13
107554,Mysuru,Karnataka,2023-11-19
107555,Ahmedabad,Gujarat,2024-06-08
107556,Jaipur,Rajasthan,2024-08-19
107557,Bengaluru,Karnataka,2025-01-03
107558,New Delhi,Delhi,2024-01-05
107559,Howrah,West Bengal,2023-08-20
107560,Udaipur,Rajasthan,2024-05-21
107561,Jaipur,Rajasthan,2024-06-15
107562,Bengaluru,Karnataka,2023-09-11
107563,Mumbai,Maharashtra,2023-03-08
107564,Madurai,Tamil Nadu,2023-10-31
107565,Mangaluru,Karnataka,2023-03-06
107566,Jaipur,Rajasthan,2023-03-16
107567,Nagpur,Maharashtra,2025-05-29
107568,Ahmedabad,Gujarat,2024-12-12
107569,Udaipur,Rajasthan,2023-02-02
107570,Kochi,Kerala,2023-11-14
107571,Ahmedabad,Gujarat,2023-08-20
107572,Udaipur,Rajasthan,2025-06-07
107573,Nashik,Maharashtra,2024-02-03
107574,New Delhi,Delhi,2023-08-25
107575,Pune,Maharashtra,2024-08-01
107576,Thiruvananthapuram,Kerala,2024-03-08
107577,Jaipur,Rajasthan,2023-06-20
107578,Pune,Maharashtra,2023-10-06
107579,Nagpur,Maharashtra,2023-04-27
107580,New Delhi,Delhi,2024-09-24
107581,Mysuru,Karnataka,2025-06-03
107582,Kolkata,West Bengal,2025-01-06
107583,Nashik,Maharashtra,2023-12-08
107584,Ghaziabad,Uttar Pradesh,2024-03-19
107585,Hyderabad,Telangana,2023-02-25
107586,New Delhi,Delhi,2023-12-01
107587,Nashik,Maharashtra,2023-01-30
107588,Kochi,Kerala,2024-11-09
107589,Surat,Gujarat,2025-04-08
107590,Coimbatore,Tamil Nadu,2023-06-24
107591,New Delhi,Delhi,2024-09-05
107592,Jaipur,Rajasthan,2024-06-30
107593,Kolkata,West Bengal,2024-01-16
107594,Kolkata,West Bengal,2024-10-30
107595,Ahmedabad,Gujarat,2024-09-11
107596,Udaipur,Rajasthan,2023-09-03
107597,Bengaluru,Karnataka,2024-12-28
107598,Lucknow,Uttar Pradesh,2024-08-20
107599,New Delhi,Delhi,2023-10-12
107600,Ahmedabad,Gujarat,2024-10-31
107601,Kochi,Kerala,2024-08-06
107602,Kochi,Kerala,2023-04-17
107603,Warangal,Telangana,2023-06-01
107604,Hyderabad,Telangana,2023-10-23
107605,Udaipur,Rajasthan,2023-02-10
107606,Thiruvananthapuram,Kerala,2024-01-06
107607,Lucknow,Uttar Pradesh,2024-02-25
107608,Nashik,Maharashtra,2024-12-07
107609,New Delhi,Delhi,2023-06-06
107610,Jaipur,Rajasthan,2024-05-31
107611,Kanpur,Uttar Pradesh,2024-08-28
107612,Kanpur,Uttar Pradesh,2024-02-14
107613,Surat,Gujarat,2025-04-06
107614,Madurai,Tamil Nadu,2023-10-18
107615,New Delhi,Delhi,2024-01-07
107616,Noida,Uttar Pradesh,2023-01-04
107617,Mysuru,Karnataka,2024-01-10
107618,Surat,Gujarat,2023-01-19
107619,Lucknow,Uttar Pradesh,2025-06-15
107620,Howrah,West Bengal,2023-08-08
107621,New Delhi,Delhi,2025-01-09
107622,Lucknow,Uttar Pradesh,2023-04-17
107623,Pune,Maharashtra,2023-09-07
107624,Pune,Maharashtra,2023-04-19
107625,Madurai,Tamil Nadu,2023-12-02
107626,Mumbai,Maharashtra,2024-07-03
107627,Jaipur,Rajasthan,2024-01-18
107628,Udaipur,Rajasthan,2024-07-05
107629,Mumbai,Maharashtra,2025-01-04
107630,Kolkata,West Bengal,2023-02-10
107631,Chennai,Tamil Nadu,2024-01-22
107632,Lucknow,Uttar Pradesh,2024-06-25
107633,Jaipur,Rajasthan,2024-04-21
107634,Warangal,Telangana,2023-05-13
107635,Mumbai,Maharashtra,2023-07-08
107636,Pune,Maharashtra,2023-12-10
107637,Chennai,Tamil Nadu,2024-08-16
107638,Jaipur,Rajasthan,2025-06-20
107639,Hyderabad,Telangana,2023-12-02
107640,New Delhi,Delhi,2024-04-20
107641,Nashik,Maharashtra,2023-10-07
107642,Udaipur,Rajasthan,2023-02-01
107643,New Delhi,Delhi,2023-12-29
107644,Noida,Uttar Pradesh,2023-11-13
107645,Noida,Uttar Pradesh,2023-05-18
107646,Mangaluru,Karnataka,2024-09-03
107647,Pune,Maharashtra,2023-08-24
107648,New Delhi,Delhi,2023-07-24
107649,New Delhi,Delhi,2023-12-21
107650,Noida,Uttar Pradesh,2025-05-28
107651,Kolkata,West Bengal,2024-08-02
107652,Mysuru,Karnataka,2024-01-23
107653,Warangal,Telangana,2025-01-17
107654,Nagpur,Maharashtra,2023-01-20
107655,Bengaluru,Karnataka,2023-11-03
107656,Lucknow,Uttar Pradesh,2024-05-07
107657,Lucknow,Uttar Pradesh,2024-03-21
107658,Kanpur,Uttar Pradesh,2024-09-08
107659,Pune,Maharashtra,2024-10-01
107660,Hyderabad,Telangana,2024-02-20
107661,Madurai,Tamil Nadu,2025-04-26
107662,Thiruvananthapuram,Kerala,2025-04-25
107663,Surat,Gujarat,2024-03-08
107664,Jaipur,Rajasthan,2025-04-01
107665,Mumbai,Maharashtra,2024-08-06
107666,Madurai,Tamil Nadu,2023-05-07
107667,Ghaziabad,Uttar Pradesh,2023-04-19
107668,New Delhi,Delhi,2023-03-14
107669,Surat,Gujarat,2023-07-12
107670,Hyderabad,Telangana,2023-10-12
107671,Kochi,Kerala,2024-07-08
107672,Pune,Maharashtra,2024-01-10
107673,Jaipur,Rajasthan,2024-07-02
107674,New Delhi,Delhi,2024-04-03
107675,Chennai,Tamil Nadu,2023-09-05
107676,Hyderabad,Telangana,2024-07-14
107677,Mysuru,Karnataka,2025-05-16
107678,Thiruvananthapuram,Kerala,2023-10-16
107679,Udaipur,Rajasthan,2023-10-07
107680,Kochi,Kerala,2024-04-15
107681,Kochi,Kerala,2025-01-02
107682,Vadodara,Gujarat,2024-04-29
107683,Chennai,Tamil Nadu,2025-01-27
107684,Kolkata,West Bengal,2023-03-09
107685,Nashik,Maharashtra,2023-03-31
107686,Kolkata,West Bengal,2024-01-06
107687,Chennai,Tamil Nadu,2023-07-31
107688,Vadodara,Gujarat,2023-01-22
107689,New Delhi,Delhi,2023-07-16
107690,New Delhi,Delhi,2023-09-04
107691,Nagpur,Maharashtra,2025-04-17
107692,Chennai,Tamil Nadu,2024-12-13
107693,New Delhi,Delhi,2023-11-16
107694,Mangaluru,Karnataka,2025-05-22
107695,Bengaluru,Karnataka,2025-02-01
107696,Warangal,Telangana,2023-08-17
107697,New Delhi,Delhi,2024-03-11
107698,Howrah,West Bengal,2025-04-19
107699,Nashik,Maharashtra,2024-02-21
107700,Warangal,Telangana,2023-12-04
107701,Nagpur,Maharashtra,2025-04-03
107702,Hyderabad,Telangana,2024-08-24
107703,Warangal,Telangana,2024-02-06
107704,Ahmedabad,Gujarat,2025-03-03
107705,Chennai,Tamil Nadu,2024-11-09
107706,Coimbatore,Tamil Nadu,2023-11-13
107707,Bengaluru,Karnataka,2024-01-22
107708,Coimbatore,Tamil Nadu,2023-02-13
107709,New Delhi,Delhi,2023-04-03
107710,Ahmedabad,Gujarat,2025-05-19
107711,Coimbatore,Tamil Nadu,2023-02-18
107712,Lucknow,Uttar Pradesh,2025-02-01
107713,Coimbatore,Tamil Nadu,2023-07-09
107714,Mysuru,Karnataka,2024-05-08
107715,Mangaluru,Karnataka,2024-10-19
107716,Mumbai,Maharashtra,2025-06-21
107717,Warangal,Telangana,2023-12-07
107718,Kolkata,West Bengal,2025-04-22
107719,Lucknow,Uttar Pradesh,2024-02-18
107720,Coimbatore,Tamil Nadu,2025-02-28
107721,Bengaluru,Karnataka,2023-04-03
107722,Howrah,West Bengal,2023-09-02
107723,Pune,Maharashtra,2024-07-21
107724,New Delhi,Delhi,2024-10-05
107725,Howrah,West Bengal,2023-11-23
107726,New Delhi,Delhi,2024-07-19
107727,Mumbai,Maharashtra,2025-06-15
107728,Mangaluru,Karnataka,2023-04-17
107729,Surat,Gujarat,2023-01-15
107730,Nagpur,Maharashtra,2024-06-07
107731,Vadodara,Gujarat,2023-01-15
107732,Chennai,Tamil Nadu,2023-06-28
107733,New Delhi,Delhi,2024-03-31
107734,Mysuru,Karnataka,2023-09-01
107735,Howrah,West Bengal,2023-08-31
107736,New Delhi,Delhi,2023-11-12
107737,Noida,Uttar Pradesh,2024-09-17
107738,Chennai,Tamil Nadu,2023-11-30
107739,Nagpur,Maharashtra,2024-12-23
107740,Chennai,Tamil Nadu,2023-05-25
107741,Madurai,Tamil Nadu,2023-04-04
107742,Madurai,Tamil Nadu,2023-06-01
107743,Kolkata,West Bengal,2025-04-15
107744,Jaipur,Rajasthan,2023-09-10
107745,Ghaziabad,Uttar Pradesh,2023-01-28
107746,Warangal,Telangana,2023-10-15
107747,Warangal,Telangana,2024-09-19
107748,Vadodara,Gujarat,2023-11-26
107749,Mysuru,Karnataka,2023-12-17
107750,Kolkata,West Bengal,2023-03-20
107751,Howrah,West Bengal,2024-08-31
107752,Mysuru,Karnataka,2023-07-20
107753,Jaipur,Rajasthan,2023-03-30
107754,Kolkata,West Bengal,2024-10-13
107755,Chennai,Tamil Nadu,2025-05-03
107756,Udaipur,Rajasthan,2024-07-10
107757,Pune,Maharashtra,2025-05-03
107758,Pune,Maharashtra,2024-01-02
107759,New Delhi,Delhi,2024-04-18
107760,Hyderabad,Telangana,2023-11-22
107761,New Delhi,Delhi,2024-04-09
107762,Udaipur,Rajasthan,2025-03-24
107763,Mangaluru,Karnataka,2024-08-01
107764,Mangaluru,Karnataka,2023-01-25
107765,Vadodara,Gujarat,2024-06-12
107766,Nagpur,Maharashtra,2023-12-10
107767,Lucknow,Uttar Pradesh,2024-05-10
107768,New Delhi,Delhi,2024-05-23
107769,Thiruvananthapuram,Kerala,2024-06-20
107770,Kanpur,Uttar Pradesh,2025-02-28
107771,Nashik,Maharashtra,2025-02-21
107772,Mumbai,Maharashtra,2025-06-04
107773,Mumbai,Maharashtra,2024-07-10
107774,Kochi,Kerala,2023-09-17
107775,Ahmedabad,Gujarat,2023-06-28
107776,Coimbatore,Tamil Nadu,2025-02-12
107777,Bengaluru,Karnataka,2025-04-12
107778,Kolkata,West Bengal,2023-02-03
107779,Mysuru,Karnataka,2023-07-16
107780,Ghaziabad,Uttar Pradesh,2024-09-10
107781,Lucknow,Uttar Pradesh,2023-05-31
107782,Bengaluru,Karnataka,2023-02-15
107783,Chennai,Tamil Nadu,2025-06-27
107784,Mangaluru,Karnataka,2023-03-29
107785,New Delhi,Delhi,2023-07-14
107786,Kochi,Kerala,2025-06-19
107787,Lucknow,Uttar Pradesh,2023-04-02
107788,Howrah,West Bengal,2024-12-29
107789,Hyderabad,Telangana,2024-05-26
107790,Mysuru,Karnataka,2024-05-06
107791,Ghaziabad,Uttar Pradesh,2025-01-23
107792,Chennai,Tamil Nadu,2023-01-20
107793,Nagpur,Maharashtra,2023-02-25
107794,Coimbatore,Tamil Nadu,2023-06-28
107795,Ahmedabad,Gujarat,2024-03-22
107796,Noida,Uttar Pradesh,2025-05-26
107797,Mangaluru,Karnataka,2023-03-04
107798,Kolkata,West Bengal,2024-01-18
107799,New Delhi,Delhi,2024-01-26
107800,Mysuru,Karnataka,2023-06-29
107801,Mysuru,Karnataka,2023-11-10
107802,Noida,Uttar Pradesh,2023-07-03
107803,New Delhi,Delhi,2023-05-05
107804,Chennai,Tamil Nadu,2024-04-19
107805,Mysuru,Karnataka,2025-04-28
107806,Vadodara,Gujarat,2024-01-04
107807,Kanpur,Uttar Pradesh,2024-08-01
107808,New Delhi,Delhi,2024-09-02
107809,Udaipur,Rajasthan,2025-02-07
107810,Nagpur,Maharashtra,2025-01-21
107811,Nashik,Maharashtra,2025-04-05
107812,Warangal,Telangana,2025-01-11
107813,Noida,Uttar Pradesh,2025-04-27
107814,Mysuru,Karnataka,2025-05-30
107815,Warangal,Telangana,2024-11-12
107816,New Delhi,Delhi,2024-03-25
107817,Hyderabad,Telangana,2023-10-07
107818,Vadodara,Gujarat,2024-06-04
107819,Kochi,Kerala,2025-01-25
107820,Madurai,Tamil Nadu,2024-11-17
107821,Ahmedabad,Gujarat,2024-04-18
107822,Warangal,Telangana,2023-03-11
107823,New Delhi,Delhi,2023-09-05
107824,Mangaluru,Karnataka,2024-06-09
107825,Thiruvananthapuram,Kerala,2023-12-18
107826,Bengaluru,Karnataka,2024-02-20
107827,Noida,Uttar Pradesh,2023-10-02
107828,Nagpur,Maharashtra,2023-03-11
107829,Ghaziabad,Uttar Pradesh,2024-02-29
107830,Mysuru,Karnataka,2024-02-10
107831,Kochi,Kerala,2024-12-12
107832,Vadodara,Gujarat,2023-04-13
107833,Pune,Maharashtra,2024-03-17
107834,Noida,Uttar Pradesh,2025-02-16
107835,Surat,Gujarat,2023-09-02
107836,New Delhi,Delhi,2023-03-21
107837,Bengaluru,Karnataka,2024-06-07
107838,Ghaziabad,Uttar Pradesh,2025-02-18
107839,Ghaziabad,Uttar Pradesh,2024-03-14
107840,New Delhi,Delhi,2024-01-16
107841,Kolkata,West Bengal,2024-11-13
107842,Mysuru,Karnataka,2024-02-07
107843,Mumbai,Maharashtra,2024-11-26
107844,Surat,Gujarat,2025-02-13
107845,Mumbai,Maharashtra,2023-09-02
107846,Mangaluru,Karnataka,2024-04-10
107847,Chennai,Tamil Nadu,2023-08-16
107848,Mangaluru,Karnataka,2024-07-30
107849,Bengaluru,Karnataka,2024-01-31
107850,Lucknow,Uttar Pradesh,2023-08-06
107851,Warangal,Telangana,2024-11-08
107852,Howrah,West Bengal,2023-01-26
107853,Hyderabad,Telangana,2024-06-01
107854,Chennai,Tamil Nadu,2024-10-16
107855,Mangaluru,Karnataka,2024-10-17
107856,Ghaziabad,Uttar Pradesh,2023-07-20
107857,Mysuru,Karnataka,2023-04-15
107858,Bengaluru,Karnataka,2024-04-12
107859,Kolkata,West Bengal,2024-08-03
107860,Lucknow,Uttar Pradesh,2023-09-21
107861,Vadodara,Gujarat,2023-12-03
107862,Mumbai,Maharashtra,2024-04-29
107863,Nagpur,Maharashtra,2024-02-15
107864,Madurai,Tamil Nadu,2024-03-16
107865,Noida,Uttar Pradesh,2024-09-13
107866,Madurai,Tamil Nadu,2025-06-15
107867,Nashik,Maharashtra,2024-12-26
107868,Bengaluru,Karnataka,2023-01-08
107869,Hyderabad,Telangana,2023-11-15
107870,Lucknow,Uttar Pradesh,2023-01-09
107871,Pune,Maharashtra,2025-03-06
107872,Pune,Maharashtra,2024-08-10
107873,Mangaluru,Karnataka,2023-07-19
107874,Mumbai,Maharashtra,2025-02-03
107875,Hyderabad,Telangana,2024-05-27
107876,Nashik,Maharashtra,2023-02-16
107877,Ahmedabad,Gujarat,2023-05-18
107878,Noida,Uttar Pradesh,2025-01-07
107879,Kochi,Kerala,2023-09-21
107880,Udaipur,Rajasthan,2024-04-22
107881,Mangaluru,Karnataka,2025-03-26
107882,Nashik,Maharashtra,2023-09-21
107883,New Delhi,Delhi,2023-01-11
107884,Ghaziabad,Uttar Pradesh,2023-03-18
107885,Mumbai,Maharashtra,2025-04-14
107886,New Delhi,Delhi,2024-06-30
107887,Mysuru,Karnataka,2023-10-27
107888,Mysuru,Karnataka,2023-03-13
107889,Noida,Uttar Pradesh,2024-09-25
107890,Vadodara,Gujarat,2023-02-06
107891,Warangal,Telangana,2023-03-25
107892,Udaipur,Rajasthan,2024-06-25
107893,Pune,Maharashtra,2024-08-07
107894,Nagpur,Maharashtra,2024-06-03
107895,New Delhi,Delhi,2025-04-08
107896,Ahmedabad,Gujarat,2023-09-03
107897,Hyderabad,Telangana,2024-05-20
107898,Nagpur,Maharashtra,2023-10-06
107899,Kochi,Kerala,2023-11-26
107900,Bengaluru,Karnataka,2023-05-18
107901,New Delhi,Delhi,2024-12-23
107902,Vadodara,Gujarat,2024-10-03
107903,Jaipur,Rajasthan,2024-10-11
107904,Surat,Gujarat,2023-05-10
107905,Kochi,Kerala,2023-04-18
107906,Mangaluru,Karnataka,2024-12-13
107907,Vadodara,Gujarat,2024-08-29
107908,Howrah,West Bengal,2023-01-28
107909,Coimbatore,Tamil Nadu,2024-08-28
107910,New Delhi,Delhi,2025-06-11
107911,Kochi,Kerala,2024-11-16
107912,Mumbai,Maharashtra,2023-09-10
107913,Chennai,Tamil Nadu,2023-10-16
107914,Kolkata,West Bengal,2024-11-16
107915,Jaipur,Rajasthan,2024-01-01
107916,Thiruvananthapuram,Kerala,2024-11-02
107917,Udaipur,Rajasthan,2025-05-24
107918,Mumbai,Maharashtra,2024-01-05
107919,Jaipur,Rajasthan,2024-06-06
107920,Chennai,Tamil Nadu,2024-03-22
107921,Ahmedabad,Gujarat,2024-04-08
107922,New Delhi,Delhi,2023-03-10
107923,Kolkata,West Bengal,2025-06-18
107924,Warangal,Telangana,2024-05-07
107925,Kolkata,West Bengal,2023-07-29
107926,Mangaluru,Karnataka,2024-06-06
107927,Mysuru,Karnataka,2023-12-29
107928,Coimbatore,Tamil Nadu,2025-01-18
107929,Nashik,Maharashtra,2024-11-23
107930,Ghaziabad,Uttar Pradesh,2023-12-15
107931,Mangaluru,Karnataka,2024-10-11
107932,Hyderabad,Telangana,2023-01-31
107933,Mumbai,Maharashtra,2025-05-30
107934,Nashik,Maharashtra,2024-04-10
107935,Vadodara,Gujarat,2024-08-19
107936,Mangaluru,Karnataka,2024-08-10
107937,Mysuru,Karnataka,2023-10-13
107938,Bengaluru,Karnataka,2024-09-20
107939,Bengaluru,Karnataka,2023-12-29
107940,Surat,Gujarat,2024-09-12
107941,Pune,Maharashtra,2023-03-23
107942,New Delhi,Delhi,2023-05-14
107943,Ahmedabad,Gujarat,2025-04-21
107944,Warangal,Telangana,2024-11-01
107945,Surat,Gujarat,2023-04-28
107946,Bengaluru,Karnataka,2023-07-14
107947,Udaipur,Rajasthan,2024-05-12
107948,Madurai,Tamil Nadu,2023-01-06
107949,Mysuru,Karnataka,2024-01-01
107950,Udaipur,Rajasthan,2023-10-25
107951,Vadodara,Gujarat,2023-05-03
107952,Surat,Gujarat,2023-10-01
107953,Jaipur,Rajasthan,2023-09-24
107954,Mumbai,Maharashtra,2023-03-03
107955,Howrah,West Bengal,2024-07-31
107956,Vadodara,Gujarat,2023-09-06
107957,New Delhi,Delhi,2023-01-29
107958,Mysuru,Karnataka,2023-01-21
107959,Mumbai,Maharashtra,2025-05-30
107960,Udaipur,Rajasthan,2023-04-18
107961,Nashik,Maharashtra,2025-04-08
107962,Bengaluru,Karnataka,2023-06-01
107963,Kanpur,Uttar Pradesh,2023-03-19
107964,Kanpur,Uttar Pradesh,2024-05-11
107965,Nagpur,Maharashtra,2025-03-02
107966,Howrah,West Bengal,2023-03-07
107967,Warangal,Telangana,2023-10-27
107968,Kolkata,West Bengal,2024-11-16
107969,Nagpur,Maharashtra,2023-03-03
107970,Nashik,Maharashtra,2023-06-04
107971,Vadodara,Gujarat,2023-10-06
107972,Pune,Maharashtra,2025-01-04
107973,Warangal,Telangana,2025-01-06
107974,Pune,Maharashtra,2024-10-08
107975,Lucknow,Uttar Pradesh,2024-08-29
107976,Udaipur,Rajasthan,2023-01-24
107977,Kolkata,West Bengal,2023-08-06
107978,Kochi,Kerala,2025-04-19
107979,Udaipur,Rajasthan,2024-10-17
107980,Coimbatore,Tamil Nadu,2023-08-08
107981,New Delhi,Delhi,2024-10-06
107982,Udaipur,Rajasthan,2024-10-21
107983,Udaipur,Rajasthan,2024-11-07
107984,Kochi,Kerala,2025-06-11
107985,Noida,Uttar Pradesh,2024-05-07
107986,Mangaluru,Karnataka,2023-02-24
107987,Jaipur,Rajasthan,2025-01-16
107988,Jaipur,Rajasthan,2023-01-14
107989,Ahmedabad,Gujarat,2024-08-07
107990,Kolkata,West Bengal,2024-12-26
107991,Hyderabad,Telangana,2023-04-25
107992,Udaipur,Rajasthan,2024-12-27
107993,Nagpur,Maharashtra,2025-01-08
107994,Howrah,West Bengal,2024-08-18
107995,Mumbai,Maharashtra,2023-10-22
107996,New Delhi,Delhi,2023-07-03
107997,Nagpur,Maharashtra,2024-10-04
107998,Madurai,Tamil Nadu,2024-09-07
107999,Mangaluru,Karnataka,2023-06-04
108000,Kochi,Kerala,2023-11-03
108001,Warangal,Telangana,2024-04-06
108002,Jaipur,Rajasthan,2023-05-28
108003,Mangaluru,Karnataka,2024-12-24
108004,Nashik,Maharashtra,2024-09-25
108005,Noida,Uttar Pradesh,2023-01-15
108006,Lucknow,Uttar Pradesh,2025-02-12
108007,Hyderabad,Telangana,2024-10-15
108008,Howrah,West Bengal,2025-02-02
108009,Kolkata,West Bengal,2024-07-02
108010,Warangal,Telangana,2024-07-24
108011,Thiruvananthapuram,Kerala,2023-12-16
108012,Ghaziabad,Uttar Pradesh,2023-07-27
108013,Ahmedabad,Gujarat,2023-08-03
108014,New Delhi,Delhi,2023-09-23
108015,Mumbai,Maharashtra,2024-11-18
108016,Mangaluru,Karnataka,2024-04-22
108017,Noida,Uttar Pradesh,2024-01-10
108018,Lucknow,Uttar Pradesh,2024-10-22
108019,New Delhi,Delhi,2024-10-29
108020,Vadodara,Gujarat,2025-05-01
108021,Mysuru,Karnataka,2023-10-09
108022,Bengaluru,Karnataka,2023-08-10
108023,Udaipur,Rajasthan,2023-01-06
108024,Madurai,Tamil Nadu,2023-05-26
108025,Bengaluru,Karnataka,2024-07-03
108026,Coimbatore,Tamil Nadu,2025-01-07
108027,New Delhi,Delhi,2024-07-01
108028,Kanpur,Uttar Pradesh,2025-06-22
108029,Thiruvananthapuram,Kerala,2024-07-25
108030,Vadodara,Gujarat,2025-03-15
108031,Vadodara,Gujarat,2023-09-02
108032,New Delhi,Delhi,2023-10-23
108033,Hyderabad,Telangana,2025-01-08
108034,New Delhi,Delhi,2024-08-25
108035,Nashik,Maharashtra,2024-03-20
108036,Howrah,West Bengal,2025-05-20
108037,Chennai,Tamil Nadu,2024-11-25
108038,Chennai,Tamil Nadu,2023-09-27
108039,Nagpur,Maharashtra,2024-07-10
108040,Howrah,West Bengal,2023-12-27
108041,Nagpur,Maharashtra,2024-01-15
108042,Coimbatore,Tamil Nadu,2025-01-03
108043,Kolkata,West Bengal,2024-09-11
108044,Chennai,Tamil Nadu,2023-01-12
108045,Udaipur,Rajasthan,2024-06-07
108046,Mysuru,Karnataka,2024-08-12
108047,Lucknow,Uttar Pradesh,2024-04-10
108048,Thiruvananthapuram,Kerala,2023-10-01
108049,Hyderabad,Telangana,2024-08-13
108050,Lucknow,Uttar Pradesh,2025-05-13
108051,New Delhi,Delhi,2023-03-20
108052,Ghaziabad,Uttar Pradesh,2024-07-03
108053,Jaipur,Rajasthan,2025-04-09
108054,Ghaziabad,Uttar Pradesh,2023-12-31
108055,Udaipur,Rajasthan,2023-11-02
108056,Hyderabad,Telangana,2023-08-14
108057,Hyderabad,Telangana,2023-07-24
108058,Mangaluru,Karnataka,2023-12-23
108059,Lucknow,Uttar Pradesh,2024-12-04
108060,Jaipur,Rajasthan,2023-06-15
108061,Ahmedabad,Gujarat,2023-07-30
108062,Bengaluru,Karnataka,2025-06-28
108063,Hyderabad,Telangana,2025-06-26
108064,Lucknow,Uttar Pradesh,2023-07-26
108065,Jaipur,Rajasthan,2024-01-19
108066,Nashik,Maharashtra,2024-01-03
108067,Nagpur,Maharashtra,2023-09-28
108068,Chennai,Tamil Nadu,2023-05-20
108069,Mumbai,Maharashtra,2023-02-26
108070,Kochi,Kerala,2024-07-13
108071,Chennai,Tamil Nadu,2023-02-08
108072,Warangal,Telangana,2024-07-19
108073,Bengaluru,Karnataka,2023-03-28
108074,Coimbatore,Tamil Nadu,2023-05-21
108075,Kochi,Kerala,2023-01-05
108076,Chennai,Tamil Nadu,2023-12-29
108077,Mumbai,Maharashtra,2023-10-25
108078,Bengaluru,Karnataka,2023-10-30
108079,Kochi,Kerala,2025-05-04
108080,Thiruvananthapuram,Kerala,2024-01-27
108081,Mangaluru,Karnataka,2023-08-01
108082,Surat,Gujarat,2024-03-16
108083,Nashik,Maharashtra,2023-02-27
108084,Warangal,Telangana,2023-08-24
108085,Nashik,Maharashtra,2023-03-06
108086,Kolkata,West Bengal,2023-01-19
108087,Udaipur,Rajasthan,2023-06-15
108088,Pune,Maharashtra,2023-05-25
108089,Coimbatore,Tamil Nadu,2023-10-16
108090,Nashik,Maharashtra,2024-11-08
108091,New Delhi,Delhi,2023-05-15
108092,Pune,Maharashtra,2024-07-10
108093,Bengaluru,Karnataka,2023-11-29
108094,Kochi,Kerala,2024-01-02
108095,Mumbai,Maharashtra,2025-04-20
108096,Kolkata,West Bengal,2024-02-28
108097,Pune,Maharashtra,2023-08-27
108098,Warangal,Telangana,2023-08-05
108099,Coimbatore,Tamil Nadu,2023-06-03
108100,Udaipur,Rajasthan,2024-12-31
108101,Bengaluru,Karnataka,2024-08-28
108102,Nagpur,Maharashtra,2023-09-01
108103,Ghaziabad,Uttar Pradesh,2024-03-23
108104,Lucknow,Uttar Pradesh,2024-04-05
108105,Lucknow,Uttar Pradesh,2023-02-13
108106,Nashik,Maharashtra,2025-04-07
108107,Mysuru,Karnataka,2024-12-18
108108,Kolkata,West Bengal,2024-05-02
108109,Ahmedabad,Gujarat,2024-10-13
108110,Vadodara,Gujarat,2023-04-10
108111,Mysuru,Karnataka,2025-06-09
108112,Bengaluru,Karnataka,2024-08-06
108113,Udaipur,Rajasthan,2025-05-04
108114,Ghaziabad,Uttar Pradesh,2025-02-26
108115,Nashik,Maharashtra,2024-06-16
108116,Jaipur,Rajasthan,2023-09-20
108117,Hyderabad,Telangana,2024-09-16
108118,New Delhi,Delhi,2024-04-11
108119,New Delhi,Delhi,2024-01-09
108120,Ghaziabad,Uttar Pradesh,2024-10-10
108121,New Delhi,Delhi,2025-03-20
108122,Warangal,Telangana,2023-06-06
108123,Kanpur,Uttar Pradesh,2024-05-18
108124,Bengaluru,Karnataka,2024-12-10
108125,Udaipur,Rajasthan,2023-10-24
108126,New Delhi,Delhi,2023-11-08
108127,Coimbatore,Tamil Nadu,2023-01-09
108128,Kanpur,Uttar Pradesh,2023-10-22
108129,Vadodara,Gujarat,2024-06-18
108130,Coimbatore,Tamil Nadu,2025-06-04
108131,Surat,Gujarat,2024-04-23
108132,Jaipur,Rajasthan,2023-09-22
108133,Kanpur,Uttar Pradesh,2025-01-09
108134,Howrah,West Bengal,2023-06-20
108135,Mangaluru,Karnataka,2023-06-20
108136,Chennai,Tamil Nadu,2024-04-19
108137,Warangal,Telangana,2025-01-12
108138,Nagpur,Maharashtra,2023-07-13
108139,Noida,Uttar Pradesh,2023-01-14
108140,New Delhi,Delhi,2024-10-21
108141,Bengaluru,Karnataka,2024-06-19
108142,Bengaluru,Karnataka,2024-09-16
108143,Bengaluru,Karnataka,2023-12-28
108144,New Delhi,Delhi,2023-04-18
108145,Surat,Gujarat,2023-10-30
108146,Warangal,Telangana,2024-03-03
108147,Mangaluru,Karnataka,2024-01-30
108148,Mangaluru,Karnataka,2025-03-20
108149,Kolkata,West Bengal,2023-07-23
108150,Nagpur,Maharashtra,2023-10-12
108151,Hyderabad,Telangana,2023-06-17
108152,Hyderabad,Telangana,2024-06-03
108153,Warangal,Telangana,2025-01-03
108154,Udaipur,Rajasthan,2025-03-15
108155,Ahmedabad,Gujarat,2023-07-27
108156,Kochi,Kerala,2024-01-27
108157,Kolkata,West Bengal,2024-11-02
108158,Bengaluru,Karnataka,2023-02-11
108159,Bengaluru,Karnataka,2024-10-10
108160,New Delhi,Delhi,2023-05-03
108161,New Delhi,Delhi,2023-01-31
108162,Hyderabad,Telangana,2023-04-14
108163,Bengaluru,Karnataka,2025-03-13
108164,Mysuru,Karnataka,2024-09-12
108165,New Delhi,Delhi,2024-12-20
108166,Vadodara,Gujarat,2024-09-20
108167,Ahmedabad,Gujarat,2024-12-26
108168,Kochi,Kerala,2024-03-28
108169,Mangaluru,Karnataka,2025-01-07
108170,New Delhi,Delhi,2023-02-21
108171,Kochi,Kerala,2024-06-14
108172,Ghaziabad,Uttar Pradesh,2024-11-18
108173,Surat,Gujarat,2025-06-23
108174,Warangal,Telangana,2023-11-24
108175,Pune,Maharashtra,2023-06-13
108176,Jaipur,Rajasthan,2024-10-18
108177,Surat,Gujarat,2023-03-07
108178,Hyderabad,Telangana,2024-12-08
108179,Hyderabad,Telangana,2024-10-03
108180,New Delhi,Delhi,2024-09-21
108181,Mangaluru,Karnataka,2023-09-25
108182,Noida,Uttar Pradesh,2023-04-20
108183,Coimbatore,Tamil Nadu,2024-07-08
108184,Nagpur,Maharashtra,2023-11-27
108185,New Delhi,Delhi,2023-12-23
108186,Jaipur,Rajasthan,2023-06-21
108187,New Delhi,Delhi,2023-10-31
108188,Chennai,Tamil Nadu,2025-01-27
108189,Surat,Gujarat,2025-03-24
108190,Noida,Uttar Pradesh,2023-11-14
108191,Vadodara,Gujarat,2023-05-10
108192,Kolkata,West Bengal,2023-01-31
108193,Mumbai,Maharashtra,2023-06-22
108194,Jaipur,Rajasthan,2023-01-09
108195,Jaipur,Rajasthan,2024-08-31
108196,Hyderabad,Telangana,2024-08-08
108197,Surat,Gujarat,2024-12-13
108198,Mysuru,Karnataka,2023-10-30
108199,Coimbatore,Tamil Nadu,2025-01-28
108200,Bengaluru,Karnataka,2023-06-04
108201,Mumbai,Maharashtra,2023-07-30
108202,Kochi,Kerala,2025-04-14
108203,Bengaluru,Karnataka,2025-03-14
108204,Vadodara,Gujarat,2024-06-29
108205,Bengaluru,Karnataka,2024-07-09
108206,New Delhi,Delhi,2024-09-30
108207,New Delhi,Delhi,2025-01-19
108208,New Delhi,Delhi,2023-07-30
108209,Ahmedabad,Gujarat,2023-03-04
108210,Thiruvananthapuram,Kerala,2023-06-18
108211,Chennai,Tamil Nadu,2023-11-22
108212,Thiruvananthapuram,Kerala,2023-08-03
108213,Surat,Gujarat,2024-04-23
108214,Vadodara,Gujarat,2023-05-06
108215,Bengaluru,Karnataka,2024-06-09
108216,Mumbai,Maharashtra,2024-10-09
108217,Howrah,West Bengal,2023-04-01
108218,Hyderabad,Telangana,2023-09-19
108219,Chennai,Tamil Nadu,2024-05-05
108220,Howrah,West Bengal,2023-03-02
108221,New Delhi,Delhi,2024-08-29
108222,Lucknow,Uttar Pradesh,2024-11-17
108223,New Delhi,Delhi,2023-11-26
108224,Udaipur,Rajasthan,2023-01-09
108225,Mangaluru,Karnataka,2024-04-01
108226,Nagpur,Maharashtra,2025-03-02
108227,Noida,Uttar Pradesh,2023-09-24
108228,Nagpur,Maharashtra,2025-02-12
108229,Jaipur,Rajasthan,2025-03-04
108230,Vadodara,Gujarat,2023-09-13
108231,Mysuru,Karnataka,2024-06-29
108232,Mysuru,Karnataka,2023-02-08
108233,Udaipur,Rajasthan,2024-05-17
108234,Surat,Gujarat,2025-03-12
108235,Jaipur,Rajasthan,2025-05-10
108236,Mumbai,Maharashtra,2023-07-01
108237,Udaipur,Rajasthan,2024-08-28
108238,Hyderabad,Telangana,2023-03-02
108239,Ahmedabad,Gujarat,2023-09-12
108240,New Delhi,Delhi,2025-01-30
108241,Mumbai,Maharashtra,2024-08-07
108242,Thiruvananthapuram,Kerala,2023-12-24
108243,Thiruvananthapuram,Kerala,2025-05-26
108244,New Delhi,Delhi,2024-11-22
108245,Jaipur,Rajasthan,2023-01-22
108246,Mumbai,Maharashtra,2023-03-14
108247,Nagpur,Maharashtra,2024-07-24
108248,Mumbai,Maharashtra,2025-03-09
108249,New Delhi,Delhi,2023-05-23
108250,Mumbai,Maharashtra,2024-05-05
108251,New Delhi,Delhi,2025-01-13
108252,Nagpur,Maharashtra,2025-02-24
108253,Kanpur,Uttar Pradesh,2024-08-06
108254,Kolkata,West Bengal,2025-06-29
108255,Ahmedabad,Gujarat,2025-05-03
108256,Bengaluru,Karnataka,2025-01-29
108257,Kanpur,Uttar Pradesh,2024-09-01
108258,Mysuru,Karnataka,2025-06-16
108259,Kanpur,Uttar Pradesh,2023-01-16
108260,Hyderabad,Telangana,2023-03-23
108261,New Delhi,Delhi,2024-04-09
108262,Nashik,Maharashtra,2024-09-03
108263,Kolkata,West Bengal,2025-04-03
108264,Udaipur,Rajasthan,2024-09-10
108265,Vadodara,Gujarat,2023-07-31
108266,Kochi,Kerala,2025-04-07
108267,Udaipur,Rajasthan,2023-03-17
108268,Mangaluru,Karnataka,2023-03-28
108269,Ghaziabad,Uttar Pradesh,2024-10-17
108270,New Delhi,Delhi,2025-05-27
108271,Chennai,Tamil Nadu,2024-04-02
108272,Mumbai,Maharashtra,2023-05-03
108273,Thiruvananthapuram,Kerala,2023-02-13
108274,Ghaziabad,Uttar Pradesh,2025-06-11
108275,Mysuru,Karnataka,2023-09-13
108276,New Delhi,Delhi,2024-08-05
108277,Chennai,Tamil Nadu,2023-10-25
108278,Lucknow,Uttar Pradesh,2023-07-15
108279,Jaipur,Rajasthan,2024-08-31
108280,New Delhi,Delhi,2024-11-04
108281,Coimbatore,Tamil Nadu,2024-03-05
108282,Surat,Gujarat,2024-04-07
108283,New Delhi,Delhi,2024-03-19
108284,Madurai,Tamil Nadu,2024-06-22
108285,Pune,Maharashtra,2025-01-04
108286,Nashik,Maharashtra,2024-10-09
108287,New Delhi,Delhi,2023-09-11
108288,Jaipur,Rajasthan,2023-08-14
108289,New Delhi,Delhi,2024-09-04
108290,Mangaluru,Karnataka,2024-08-10
108291,Kanpur,Uttar Pradesh,2023-12-01
108292,Udaipur,Rajasthan,2025-02-02
108293,Coimbatore,Tamil Nadu,2024-01-17
108294,Pune,Maharashtra,2023-11-03
108295,Surat,Gujarat,2024-05-21
108296,Madurai,Tamil Nadu,2023-06-25
108297,Ahmedabad,Gujarat,2024-09-25
108298,Mysuru,Karnataka,2025-03-28
108299,Nashik,Maharashtra,2025-05-11
108300,New Delhi,Delhi,2024-02-11
108301,Kanpur,Uttar Pradesh,2023-09-03
108302,New Delhi,Delhi,2024-03-12
108303,Mysuru,Karnataka,2023-04-05
108304,Coimbatore,Tamil Nadu,2024-08-31
108305,Kanpur,Uttar Pradesh,2024-01-26
108306,Nagpur,Maharashtra,2023-04-22
108307,Ghaziabad,Uttar Pradesh,2024-05-13
108308,Vadodara,Gujarat,2024-10-16
108309,New Delhi,Delhi,2023-07-27
108310,Thiruvananthapuram,Kerala,2024-01-04
108311,Udaipur,Rajasthan,2025-03-22
108312,New Delhi,Delhi,2024-10-08
108313,Nashik,Maharashtra,2024-12-28
108314,Mangaluru,Karnataka,2024-02-14
108315,Bengaluru,Karnataka,2024-03-25
108316,Warangal,Telangana,2024-03-28
108317,Udaipur,Rajasthan,2024-02-15
108318,Kolkata,West Bengal,2023-05-12
108319,Mangaluru,Karnataka,2023-02-07
108320,Chennai,Tamil Nadu,2025-01-28
108321,Nagpur,Maharashtra,2024-05-04
108322,Warangal,Telangana,2024-04-30
108323,Nashik,Maharashtra,2024-06-26
108324,Udaipur,Rajasthan,2024-01-11
108325,Howrah,West Bengal,2025-03-23
108326,Mysuru,Karnataka,2024-03-04
108327,Kanpur,Uttar Pradesh,2024-04-01
108328,Warangal,Telangana,2024-04-29
108329,Ghaziabad,Uttar Pradesh,2023-05-24
108330,Chennai,Tamil Nadu,2023-06-07
108331,Mysuru,Karnataka,2023-06-14
108332,Ahmedabad,Gujarat,2023-08-20
108333,Mumbai,Maharashtra,2023-05-26
108334,Warangal,Telangana,2023-07-24
108335,Mangaluru,Karnataka,2025-05-05
108336,Vadodara,Gujarat,2023-11-25
108337,Kolkata,West Bengal,2024-12-23
108338,Pune,Maharashtra,2023-12-25
108339,New Delhi,Delhi,2025-01-21
108340,Ghaziabad,Uttar Pradesh,2024-11-17
108341,Mumbai,Maharashtra,2025-02-04
108342,Hyderabad,Telangana,2023-09-20
108343,Surat,Gujarat,2023-03-29
108344,New Delhi,Delhi,2023-10-08
108345,Howrah,West Bengal,2024-10-01
108346,Hyderabad,Telangana,2024-08-19
108347,Ahmedabad,Gujarat,2024-10-03
108348,Nagpur,Maharashtra,2025-06-23
108349,Nashik,Maharashtra,2023-07-24
108350,Pune,Maharashtra,2024-02-09
108351,Jaipur,Rajasthan,2024-03-22
108352,Jaipur,Rajasthan,2023-05-16
108353,Lucknow,Uttar Pradesh,2024-08-26
108354,Mysuru,Karnataka,2023-02-14
108355,Hyderabad,Telangana,2025-03-28
108356,Kanpur,Uttar Pradesh,2023-03-22
108357,Ahmedabad,Gujarat,2023-04-11
108358,Nagpur,Maharashtra,2023-06-08
108359,Jaipur,Rajasthan,2025-03-23
108360,Pune,Maharashtra,2025-02-23
108361,Nashik,Maharashtra,2025-04-20
108362,Jaipur,Rajasthan,2025-01-29
108363,Madurai,Tamil Nadu,2025-04-21
108364,New Delhi,Delhi,2024-03-05
108365,Hyderabad,Telangana,2023-01-05
108366,Thiruvananthapuram,Kerala,2024-02-04
108367,Nashik,Maharashtra,2023-07-21
108368,Ghaziabad,Uttar Pradesh,2023-08-11
108369,New Delhi,Delhi,2024-09-21
108370,Pune,Maharashtra,2023-06-02
108371,Chennai,Tamil Nadu,2023-10-21
108372,Warangal,Telangana,2023-12-24
108373,Mangaluru,Karnataka,2023-02-25
108374,New Delhi,Delhi,2024-09-30
108375,Surat,Gujarat,2024-11-26
108376,Warangal,Telangana,2024-05-23
108377,Ghaziabad,Uttar Pradesh,2023-01-27
108378,Howrah,West Bengal,2024-12-18
108379,New Delhi,Delhi,2024-02-11
108380,Coimbatore,Tamil Nadu,2023-08-31
108381,Chennai,Tamil Nadu,2025-05-13
108382,Hyderabad,Telangana,2025-02-21
108383,Nagpur,Maharashtra,2024-02-06
108384,New Delhi,Delhi,2024-02-08
108385,Nashik,Maharashtra,2025-04-10
108386,New Delhi,Delhi,2023-06-24
108387,Kochi,Kerala,2024-01-08
108388,Hyderabad,Telangana,2024-06-03
108389,Chennai,Tamil Nadu,2023-11-12
108390,Warangal,Telangana,2023-10-15
108391,Ahmedabad,Gujarat,2023-04-08
108392,Coimbatore,Tamil Nadu,2023-08-31
108393,Chennai,Tamil Nadu,2023-11-23
108394,Ghaziabad,Uttar Pradesh,2025-02-01
108395,Nagpur,Maharashtra,2023-11-03
108396,Warangal,Telangana,2023-05-27
108397,Warangal,Telangana,2025-02-10
108398,Noida,Uttar Pradesh,2023-11-17
108399,Kochi,Kerala,2025-04-18
108400,Ghaziabad,Uttar Pradesh,2023-01-20
108401,Coimbatore,Tamil Nadu,2025-04-19
108402,Nagpur,Maharashtra,2023-03-31
108403,Warangal,Telangana,2023-01-08
108404,Howrah,West Bengal,2024-08-08
108405,Udaipur,Rajasthan,2023-10-17
108406,Kolkata,West Bengal,2024-03-17
108407,Bengaluru,Karnataka,2024-01-08
108408,Noida,Uttar Pradesh,2023-09-28
108409,Jaipur,Rajasthan,2024-03-14
108410,Surat,Gujarat,2023-08-25
108411,Vadodara,Gujarat,2023-07-24
108412,Coimbatore,Tamil Nadu,2023-07-24
108413,Surat,Gujarat,2023-04-18
108414,Mangaluru,Karnataka,2024-04-23
108415,Nagpur,Maharashtra,2024-05-14
108416,Kolkata,West Bengal,2023-01-16
108417,Jaipur,Rajasthan,2024-02-23
108418,Howrah,West Bengal,2024-11-04
108419,New Delhi,Delhi,2023-01-02
108420,Pune,Maharashtra,2023-10-01
108421,Bengaluru,Karnataka,2025-05-25
108422,Howrah,West Bengal,2024-01-24
108423,Surat,Gujarat,2023-01-16
108424,Kochi,Kerala,2024-04-25
108425,New Delhi,Delhi,2024-01-10
108426,Hyderabad,Telangana,2023-07-12
108427,Ghaziabad,Uttar Pradesh,2023-03-08
108428,Mysuru,Karnataka,2025-03-16
108429,Thiruvananthapuram,Kerala,2025-01-10
108430,Ahmedabad,Gujarat,2024-09-13
108431,Pune,Maharashtra,2023-01-17
108432,Nagpur,Maharashtra,2025-03-03
108433,Jaipur,Rajasthan,2024-03-07
108434,Ahmedabad,Gujarat,2024-03-09
108435,Kanpur,Uttar Pradesh,2025-03-10
108436,Ghaziabad,Uttar Pradesh,2024-01-29
108437,Coimbatore,Tamil Nadu,2023-08-04
108438,Noida,Uttar Pradesh,2023-08-05
108439,Jaipur,Rajasthan,2025-04-24
108440,Nagpur,Maharashtra,2024-05-11
108441,Kanpur,Uttar Pradesh,2024-06-11
108442,Mysuru,Karnataka,2024-06-24
108443,New Delhi,Delhi,2023-07-20
108444,Coimbatore,Tamil Nadu,2024-01-18
108445,Kolkata,West Bengal,2025-05-16
108446,Mumbai,Maharashtra,2023-05-13
108447,Chennai,Tamil Nadu,2025-05-16
108448,Surat,Gujarat,2023-09-06
108449,Pune,Maharashtra,2023-09-27
108450,Noida,Uttar Pradesh,2024-08-27
108451,Udaipur,Rajasthan,2023-10-18
108452,Pune,Maharashtra,2024-02-23
108453,Nashik,Maharashtra,2024-06-13
108454,Kochi,Kerala,2024-07-31
108455,Bengaluru,Karnataka,2025-05-20
108456,Nagpur,Maharashtra,2024-05-21
108457,Thiruvananthapuram,Kerala,2023-06-12
108458,Udaipur,Rajasthan,2024-10-02
108459,Vadodara,Gujarat,2023-02-20
108460,Hyderabad,Telangana,2025-02-07
108461,Udaipur,Rajasthan,2023-09-27
108462,Vadodara,Gujarat,2024-10-19
108463,Surat,Gujarat,2023-05-23
108464,Howrah,West Bengal,2024-01-06
108465,Vadodara,Gujarat,2024-09-25
108466,Madurai,Tamil Nadu,2024-07-20
108467,New Delhi,Delhi,2023-01-06
108468,Coimbatore,Tamil Nadu,2023-02-01
108469,Hyderabad,Telangana,2025-06-12
108470,New Delhi,Delhi,2024-04-26
108471,Madurai,Tamil Nadu,2025-02-18
108472,Ghaziabad,Uttar Pradesh,2023-03-08
108473,Chennai,Tamil Nadu,2024-03-23
108474,Mumbai,Maharashtra,2024-06-09
108475,Mangaluru,Karnataka,2025-04-18
108476,Bengaluru,Karnataka,2024-10-09
108477,Ghaziabad,Uttar Pradesh,2024-07-26
108478,Chennai,Tamil Nadu,2023-09-25
108479,Mangaluru,Karnataka,2025-06-24
108480,Howrah,West Bengal,2023-10-26
108481,Pune,Maharashtra,2023-09-11
108482,Mumbai,Maharashtra,2024-10-21
108483,Howrah,West Bengal,2025-06-27
108484,Hyderabad,Telangana,2025-02-19
108485,Noida,Uttar Pradesh,2023-06-14
108486,Howrah,West Bengal,2025-01-12
108487,Udaipur,Rajasthan,2023-11-18
108488,Mumbai,Maharashtra,2023-07-22
108489,Lucknow,Uttar Pradesh,2025-05-02
108490,Kanpur,Uttar Pradesh,2025-05-15
108491,Mysuru,Karnataka,2023-12-04
108492,Jaipur,Rajasthan,2023-01-24
108493,New Delhi,Delhi,2023-07-11
108494,Jaipur,Rajasthan,2024-05-08
108495,Ahmedabad,Gujarat,2023-02-24
108496,Hyderabad,Telangana,2023-07-26
108497,Nashik,Maharashtra,2023-05-16
108498,Jaipur,Rajasthan,2025-05-17
108499,Warangal,Telangana,2023-11-20
108500,Mumbai,Maharashtra,2023-12-13
108501,Nashik,Maharashtra,2024-01-19
108502,Lucknow,Uttar Pradesh,2023-01-12
108503,Nashik,Maharashtra,2024-05-09
108504,Vadodara,Gujarat,2025-04-11
108505,Surat,Gujarat,2025-01-11
108506,Mangaluru,Karnataka,2023-08-17
108507,Hyderabad,Telangana,2023-01-13
108508,Mangaluru,Karnataka,2024-12-05
108509,Udaipur,Rajasthan,2025-02-05
108510,Howrah,West Bengal,2025-04-19
108511,Mangaluru,Karnataka,2024-06-09
108512,Hyderabad,Telangana,2024-03-07
108513,Chennai,Tamil Nadu,2024-11-20
108514,Thiruvananthapuram,Kerala,2024-09-20
108515,New Delhi,Delhi,2024-11-20
108516,Hyderabad,Telangana,2023-09-17
108517,Udaipur,Rajasthan,2025-04-02
108518,Nashik,Maharashtra,2023-02-03
108519,Hyderabad,Telangana,2023-03-27
108520,Nashik,Maharashtra,2024-08-19
108521,Surat,Gujarat,2024-06-04
108522,New Delhi,Delhi,2024-05-19
108523,Kochi,Kerala,2025-04-08
108524,Madurai,Tamil Nadu,2025-03-04
108525,Mumbai,Maharashtra,2024-10-17
108526,Howrah,West Bengal,2023-05-31
108527,Howrah,West Bengal,2023-03-29
108528,Kanpur,Uttar Pradesh,2023-05-08
108529,Lucknow,Uttar Pradesh,2024-07-13
108530,Bengaluru,Karnataka,2024-10-11
108531,Surat,Gujarat,2024-12-29
108532,Nashik,Maharashtra,2023-04-04
108533,Mangaluru,Karnataka,2023-09-08
108534,Jaipur,Rajasthan,2023-11-04
108535,Lucknow,Uttar Pradesh,2024-07-30
108536,Mangaluru,Karnataka,2023-02-12
108537,Pune,Maharashtra,2025-02-04
108538,Jaipur,Rajasthan,2023-03-15
108539,Nashik,Maharashtra,2024-04-22
108540,Mysuru,Karnataka,2025-04-29
108541,Mysuru,Karnataka,2023-06-26
108542,Pune,Maharashtra,2024-09-18
108543,New Delhi,Delhi,2024-05-15
108544,Thiruvananthapuram,Kerala,2025-01-16
108545,New Delhi,Delhi,2024-06-19
108546,Chennai,Tamil Nadu,2025-02-11
108547,Kanpur,Uttar Pradesh,2024-01-02
108548,Hyderabad,Telangana,2023-05-30
108549,Kanpur,Uttar Pradesh,2024-09-11
108550,Ahmedabad,Gujarat,2025-05-31
108551,Ahmedabad,Gujarat,2024-01-30
108552,Surat,Gujarat,2025-01-17
108553,Noida,Uttar Pradesh,2025-03-10
108554,Ghaziabad,Uttar Pradesh,2024-08-11
108555,Ghaziabad,Uttar Pradesh,2024-12-22
108556,Pune,Maharashtra,2024-05-27
108557,Ahmedabad,Gujarat,2025-01-03
108558,Kanpur,Uttar Pradesh,2023-11-03
108559,Bengaluru,Karnataka,2024-04-24
108560,Howrah,West Bengal,2023-03-12
108561,Bengaluru,Karnataka,2023-06-28
108562,Mysuru,Karnataka,2024-06-11
108563,Kolkata,West Bengal,2024-10-21
108564,Mangaluru,Karnataka,2023-01-28
108565,Chennai,Tamil Nadu,2023-03-04
108566,New Delhi,Delhi,2023-01-06
108567,Jaipur,Rajasthan,2024-04-16
108568,Madurai,Tamil Nadu,2023-11-02
108569,Lucknow,Uttar Pradesh,2023-02-18
108570,Noida,Uttar Pradesh,2024-12-23
108571,Ahmedabad,Gujarat,2024-04-26
108572,Udaipur,Rajasthan,2023-01-10
108573,Noida,Uttar Pradesh,2024-09-16
108574,New Delhi,Delhi,2025-04-10
108575,Kochi,Kerala,2024-01-17
108576,Warangal,Telangana,2025-05-15
108577,Pune,Maharashtra,2024-01-15
108578,Mangaluru,Karnataka,2023-03-12
108579,Vadodara,Gujarat,2023-04-22
108580,Mumbai,Maharashtra,2023-03-03
108581,Warangal,Telangana,2023-10-02
108582,New Delhi,Delhi,2023-12-17
108583,Warangal,Telangana,2024-02-09
108584,Mumbai,Maharashtra,2024-03-13
108585,Kolkata,West Bengal,2025-02-25
108586,New Delhi,Delhi,2023-01-11
108587,Pune,Maharashtra,2025-03-29
108588,Coimbatore,Tamil Nadu,2023-08-06
108589,Coimbatore,Tamil Nadu,2025-05-18
108590,Vadodara,Gujarat,2023-05-04
108591,Warangal,Telangana,2023-04-02
108592,Nashik,Maharashtra,2023-04-21
108593,Kolkata,West Bengal,2023-09-27
108594,Coimbatore,Tamil Nadu,2025-05-07
108595,Mumbai,Maharashtra,2024-02-26
108596,Lucknow,Uttar Pradesh,2023-05-31
108597,Surat,Gujarat,2024-08-07
108598,Ahmedabad,Gujarat,2024-04-07
108599,Madurai,Tamil Nadu,2024-10-02
108600,Chennai,Tamil Nadu,2024-11-06
108601,Hyderabad,Telangana,2024-12-17
108602,Nashik,Maharashtra,2023-05-18
108603,Bengaluru,Karnataka,2024-03-27
108604,Kochi,Kerala,2024-07-28
108605,Ahmedabad,Gujarat,2024-05-22
108606,Madurai,Tamil Nadu,2025-06-05
108607,Mangaluru,Karnataka,2025-05-25
108608,Noida,Uttar Pradesh,2025-01-09
108609,Mysuru,Karnataka,2023-08-07
108610,Pune,Maharashtra,2024-04-26
108611,Nagpur,Maharashtra,2025-01-02
108612,Lucknow,Uttar Pradesh,2023-09-02
108613,Surat,Gujarat,2024-10-10
108614,Nagpur,Maharashtra,2023-08-16
108615,Mumbai,Maharashtra,2023-05-08
108616,Surat,Gujarat,2023-08-07
108617,Warangal,Telangana,2025-04-24
108618,Vadodara,Gujarat,2025-06-25
108619,Nagpur,Maharashtra,2025-02-18
108620,Ghaziabad,Uttar Pradesh,2023-09-05
108621,Jaipur,Rajasthan,2024-12-11
108622,Vadodara,Gujarat,2023-07-18
108623,Mangaluru,Karnataka,2023-04-26
108624,Ahmedabad,Gujarat,2023-08-24
108625,New Delhi,Delhi,2023-05-08
108626,Nagpur,Maharashtra,2024-08-06
108627,Mangaluru,Karnataka,2024-09-14
108628,Udaipur,Rajasthan,2023-02-02
108629,Madurai,Tamil Nadu,2023-04-08
108630,Kolkata,West Bengal,2024-03-12
108631,Madurai,Tamil Nadu,2023-04-14
108632,Warangal,Telangana,2025-01-24
108633,Pune,Maharashtra,2023-12-31
108634,Ahmedabad,Gujarat,2024-01-12
108635,Mumbai,Maharashtra,2023-01-05
108636,Chennai,Tamil Nadu,2024-10-01
108637,Mangaluru,Karnataka,2024-10-19
108638,New Delhi,Delhi,2024-11-20
108639,Hyderabad,Telangana,2024-05-07
108640,Pune,Maharashtra,2023-09-03
108641,Mysuru,Karnataka,2023-03-13
108642,Kochi,Kerala,2023-10-15
108643,Nashik,Maharashtra,2024-05-10
108644,New Delhi,Delhi,2023-04-17
108645,New Delhi,Delhi,2023-02-19
108646,New Delhi,Delhi,2023-07-17
108647,Surat,Gujarat,2023-03-06
108648,Mysuru,Karnataka,2023-01-13
108649,Coimbatore,Tamil Nadu,2024-03-18
108650,Surat,Gujarat,2024-11-09
108651,New Delhi,Delhi,2024-03-31
108652,Jaipur,Rajasthan,2023-03-25
108653,Kochi,Kerala,2023-11-05
108654,Nagpur,Maharashtra,2023-02-02
108655,New Delhi,Delhi,2024-07-20
108656,Mysuru,Karnataka,2023-08-01
108657,Mysuru,Karnataka,2023-12-19
108658,Coimbatore,Tamil Nadu,2025-04-01
108659,Warangal,Telangana,2024-06-18
108660,Madurai,Tamil Nadu,2024-11-27
108661,Bengaluru,Karnataka,2023-11-15
108662,Bengaluru,Karnataka,2025-04-27
108663,Thiruvananthapuram,Kerala,2024-10-13
108664,Udaipur,Rajasthan,2024-04-14
108665,Pune,Maharashtra,2024-07-21
108666,Surat,Gujarat,2023-05-26
108667,Coimbatore,Tamil Nadu,2023-08-18
108668,Vadodara,Gujarat,2024-09-17
108669,Surat,Gujarat,2024-02-06
108670,Udaipur,Rajasthan,2024-12-15
108671,Pune,Maharashtra,2024-04-24
108672,New Delhi,Delhi,2023-03-02
108673,Kochi,Kerala,2024-08-28
108674,Mangaluru,Karnataka,2024-07-09
108675,Pune,Maharashtra,2023-11-29
108676,Noida,Uttar Pradesh,2024-12-21
108677,Noida,Uttar Pradesh,2023-11-16
108678,Vadodara,Gujarat,2023-04-15
108679,Lucknow,Uttar Pradesh,2023-04-21
108680,Noida,Uttar Pradesh,2025-04-01
108681,Nashik,Maharashtra,2023-12-09
108682,Vadodara,Gujarat,2024-01-13
108683,Lucknow,Uttar Pradesh,2023-10-06
108684,Howrah,West Bengal,2024-11-03
108685,Mangaluru,Karnataka,2024-07-05
108686,Mumbai,Maharashtra,2025-03-30
108687,Lucknow,Uttar Pradesh,2025-03-25
108688,Mysuru,Karnataka,2025-06-20
108689,Nagpur,Maharashtra,2023-10-27
108690,Kolkata,West Bengal,2024-06-15
108691,Chennai,Tamil Nadu,2023-11-12
108692,New Delhi,Delhi,2024-10-03
108693,Nashik,Maharashtra,2024-11-12
108694,Nagpur,Maharashtra,2023-08-18
108695,Ghaziabad,Uttar Pradesh,2025-02-22
108696,Coimbatore,Tamil Nadu,2023-09-22
108697,Nagpur,Maharashtra,2025-06-14
108698,New Delhi,Delhi,2025-02-14
108699,Pune,Maharashtra,2023-01-17
108700,Pune,Maharashtra,2023-12-29
108701,Mangaluru,Karnataka,2023-12-20
108702,Warangal,Telangana,2025-01-19
108703,Mangaluru,Karnataka,2024-10-21
108704,New Delhi,Delhi,2023-02-16
108705,Madurai,Tamil Nadu,2025-02-04
108706,Chennai,Tamil Nadu,2023-07-18
108707,Nagpur,Maharashtra,2023-12-03
108708,Nashik,Maharashtra,2023-06-04
108709,Pune,Maharashtra,2023-05-24
108710,New Delhi,Delhi,2024-04-25
108711,Kanpur,Uttar Pradesh,2023-03-19
108712,Pune,Maharashtra,2023-03-15
108713,Noida,Uttar Pradesh,2024-12-16
108714,Kanpur,Uttar Pradesh,2023-11-10
108715,Pune,Maharashtra,2024-08-13
108716,Nagpur,Maharashtra,2025-06-17
108717,Mysuru,Karnataka,2023-02-16
108718,Nashik,Maharashtra,2024-12-24
108719,Warangal,Telangana,2023-04-10
108720,Nagpur,Maharashtra,2024-11-23
108721,Noida,Uttar Pradesh,2023-10-06
108722,Coimbatore,Tamil Nadu,2023-05-04
108723,Ghaziabad,Uttar Pradesh,2023-07-28
108724,Lucknow,Uttar Pradesh,2023-11-29
108725,Coimbatore,Tamil Nadu,2024-10-26
108726,Udaipur,Rajasthan,2024-09-12
108727,Kochi,Kerala,2024-10-25
108728,New Delhi,Delhi,2023-01-20
108729,Pune,Maharashtra,2025-06-07
108730,New Delhi,Delhi,2024-01-31
108731,Mysuru,Karnataka,2023-04-12
108732,Warangal,Telangana,2025-04-25
108733,New Delhi,Delhi,2024-12-23
108734,Coimbatore,Tamil Nadu,2023-03-17
108735,Lucknow,Uttar Pradesh,2024-02-02
108736,Mysuru,Karnataka,2025-04-05
108737,Warangal,Telangana,2024-09-13
108738,New Delhi,Delhi,2023-06-27
108739,Ghaziabad,Uttar Pradesh,2024-09-30
108740,Vadodara,Gujarat,2023-06-22
108741,Nashik,Maharashtra,2023-11-17
108742,Vadodara,Gujarat,2023-06-28
108743,Pune,Maharashtra,2024-09-23
108744,Lucknow,Uttar Pradesh,2025-04-28
108745,Warangal,Telangana,2023-02-10
108746,New Delhi,Delhi,2023-08-15
108747,Kanpur,Uttar Pradesh,2024-11-14
108748,Howrah,West Bengal,2023-05-07
108749,Noida,Uttar Pradesh,2023-11-30
108750,Hyderabad,Telangana,2023-07-07
108751,Noida,Uttar Pradesh,2025-03-06
108752,Coimbatore,Tamil Nadu,2023-03-17
108753,Ghaziabad,Uttar Pradesh,2024-06-14
108754,Howrah,West Bengal,2023-04-20
108755,Nashik,Maharashtra,2024-06-30
108756,Mangaluru,Karnataka,2024-11-30
108757,Bengaluru,Karnataka,2024-11-16
108758,Nashik,Maharashtra,2023-01-31
108759,New Delhi,Delhi,2024-12-05
108760,Mangaluru,Karnataka,2023-09-28
108761,Vadodara,Gujarat,2024-09-13
108762,Pune,Maharashtra,2025-05-28
108763,Bengaluru,Karnataka,2023-04-19
108764,Vadodara,Gujarat,2023-11-27
108765,New Delhi,Delhi,2025-02-28
108766,Chennai,Tamil Nadu,2023-05-09
108767,Ghaziabad,Uttar Pradesh,2023-08-26
108768,Thiruvananthapuram,Kerala,2024-05-15
108769,Warangal,Telangana,2025-06-26
108770,Nagpur,Maharashtra,2023-09-26
108771,Nashik,Maharashtra,2023-12-18
108772,Thiruvananthapuram,Kerala,2024-12-25
108773,Vadodara,Gujarat,2023-04-20
108774,Lucknow,Uttar Pradesh,2023-10-26
108775,Surat,Gujarat,2023-10-15
108776,Nashik,Maharashtra,2024-01-01
108777,Chennai,Tamil Nadu,2024-06-06
108778,Noida,Uttar Pradesh,2023-07-21
108779,Kolkata,West Bengal,2023-12-23
108780,Mysuru,Karnataka,2025-04-15
108781,Vadodara,Gujarat,2025-01-24
108782,Nashik,Maharashtra,2025-05-21
108783,Kochi,Kerala,2024-09-13
108784,Bengaluru,Karnataka,2024-06-14
108785,Ghaziabad,Uttar Pradesh,2023-07-14
108786,Mysuru,Karnataka,2023-05-25
108787,Ahmedabad,Gujarat,2024-05-05
108788,Surat,Gujarat,2024-01-04
108789,New Delhi,Delhi,2024-12-18
108790,Howrah,West Bengal,2023-01-09
108791,Jaipur,Rajasthan,2025-03-22
108792,Kolkata,West Bengal,2023-06-05
108793,New Delhi,Delhi,2023-12-26
108794,Kanpur,Uttar Pradesh,2023-11-21
108795,Warangal,Telangana,2025-04-22
108796,Surat,Gujarat,2024-10-18
108797,Madurai,Tamil Nadu,2023-02-02
108798,Vadodara,Gujarat,2024-09-08
108799,Pune,Maharashtra,2023-03-04
108800,New Delhi,Delhi,2024-12-13
108801,Pune,Maharashtra,2023-01-31
108802,Mangaluru,Karnataka,2024-01-23
108803,Mumbai,Maharashtra,2023-05-28
108804,Bengaluru,Karnataka,2023-01-10
108805,Noida,Uttar Pradesh,2024-05-24
108806,Warangal,Telangana,2024-09-17
108807,Nashik,Maharashtra,2024-03-12
108808,Ghaziabad,Uttar Pradesh,2023-11-09
108809,Jaipur,Rajasthan,2024-04-12
108810,Jaipur,Rajasthan,2023-05-19
108811,Kolkata,West Bengal,2023-02-15
108812,Kochi,Kerala,2023-05-24
108813,Hyderabad,Telangana,2023-02-19
108814,Kochi,Kerala,2024-12-01
108815,Udaipur,Rajasthan,2024-07-08
108816,New Delhi,Delhi,2023-06-20
108817,Kolkata,West Bengal,2024-06-03
108818,Ghaziabad,Uttar Pradesh,2024-03-17
108819,Ghaziabad,Uttar Pradesh,2023-04-12
108820,Jaipur,Rajasthan,2025-06-03
108821,New Delhi,Delhi,2025-05-04
108822,New Delhi,Delhi,2024-11-22
108823,Ahmedabad,Gujarat,2025-01-06
108824,Lucknow,Uttar Pradesh,2024-05-13
108825,Howrah,West Bengal,2025-01-02
108826,Howrah,West Bengal,2024-04-26
108827,Ghaziabad,Uttar Pradesh,2023-06-01
108828,Kochi,Kerala,2023-06-02
108829,Nashik,Maharashtra,2025-02-16
108830,Thiruvananthapuram,Kerala,2024-02-11
108831,Nagpur,Maharashtra,2024-10-26
108832,Hyderabad,Telangana,2023-05-13
108833,Pune,Maharashtra,2024-02-12
108834,Hyderabad,Telangana,2023-03-18
108835,New Delhi,Delhi,2023-07-21
108836,Nashik,Maharashtra,2023-04-10
108837,Ahmedabad,Gujarat,2023-07-09
108838,Kanpur,Uttar Pradesh,2024-07-06
108839,Pune,Maharashtra,2023-01-05
108840,Ghaziabad,Uttar Pradesh,2023-06-26
108841,Nashik,Maharashtra,2024-09-21
108842,Pune,Maharashtra,2023-05-17
108843,Pune,Maharashtra,2024-05-21
108844,Ahmedabad,Gujarat,2025-02-28
108845,Noida,Uttar Pradesh,2024-12-11
108846,Vadodara,Gujarat,2023-04-22
108847,Ghaziabad,Uttar Pradesh,2023-05-15
108848,Vadodara,Gujarat,2024-10-04
108849,Kanpur,Uttar Pradesh,2023-11-12
108850,Kochi,Kerala,2024-01-15
108851,New Delhi,Delhi,2024-03-10
108852,Mumbai,Maharashtra,2024-06-11
108853,Nagpur,Maharashtra,2024-02-14
108854,Ahmedabad,Gujarat,2023-03-28
108855,Hyderabad,Telangana,2023-01-01
108856,Bengaluru,Karnataka,2023-08-30
108857,Udaipur,Rajasthan,2025-01-14
108858,Thiruvananthapuram,Kerala,2025-06-04
108859,Mysuru,Karnataka,2024-03-09
108860,Mangaluru,Karnataka,2023-01-25
108861,Mysuru,Karnataka,2023-03-06
108862,New Delhi,Delhi,2025-01-12
108863,Howrah,West Bengal,2023-11-09
108864,Ahmedabad,Gujarat,2025-03-14
108865,Nagpur,Maharashtra,2024-04-06
108866,Chennai,Tamil Nadu,2025-03-11
108867,Nashik,Maharashtra,2023-05-04
108868,New Delhi,Delhi,2025-02-20
108869,New Delhi,Delhi,2024-05-12
108870,Surat,Gujarat,2024-02-03
108871,Hyderabad,Telangana,2024-04-26
108872,Kolkata,West Bengal,2023-10-26
108873,Pune,Maharashtra,2024-07-03
108874,Lucknow,Uttar Pradesh,2024-12-02
108875,Pune,Maharashtra,2025-01-08
108876,Mysuru,Karnataka,2025-06-10
108877,Howrah,West Bengal,2024-01-12
108878,Kanpur,Uttar Pradesh,2024-12-01
108879,Pune,Maharashtra,2025-03-20
108880,Madurai,Tamil Nadu,2023-01-17
108881,Ghaziabad,Uttar Pradesh,2024-03-08
108882,Jaipur,Rajasthan,2024-09-30
108883,Ahmedabad,Gujarat,2024-02-21
108884,Mumbai,Maharashtra,2023-04-02
108885,Madurai,Tamil Nadu,2024-08-20
108886,Nashik,Maharashtra,2024-01-05
108887,Pune,Maharashtra,2024-07-16
108888,Vadodara,Gujarat,2023-01-02
108889,Kanpur,Uttar Pradesh,2023-01-11
108890,Nashik,Maharashtra,2024-07-03
108891,Ghaziabad,Uttar Pradesh,2025-06-13
108892,Ghaziabad,Uttar Pradesh,2024-08-05
108893,Lucknow,Uttar Pradesh,2025-05-08
108894,Mysuru,Karnataka,2025-02-10
108895,New Delhi,Delhi,2023-09-14
108896,Mumbai,Maharashtra,2023-04-04
108897,Mangaluru,Karnataka,2024-05-23
108898,Bengaluru,Karnataka,2024-07-19
108899,New Delhi,Delhi,2024-12-02
108900,Pune,Maharashtra,2024-04-19
108901,Mysuru,Karnataka,2025-04-18
108902,Udaipur,Rajasthan,2025-02-07
108903,Kanpur,Uttar Pradesh,2024-06-17
108904,New Delhi,Delhi,2024-05-17
108905,Udaipur,Rajasthan,2023-01-18
108906,Mangaluru,Karnataka,2024-12-12
108907,New Delhi,Delhi,2024-09-12
108908,Howrah,West Bengal,2025-03-27
108909,Coimbatore,Tamil Nadu,2023-03-26
108910,Mysuru,Karnataka,2023-05-14
108911,New Delhi,Delhi,2024-09-03
108912,Madurai,Tamil Nadu,2024-03-21
108913,Surat,Gujarat,2024-06-19
108914,New Delhi,Delhi,2024-01-31
108915,Coimbatore,Tamil Nadu,2024-08-06
108916,Bengaluru,Karnataka,2024-08-22
108917,Hyderabad,Telangana,2023-06-22
108918,Mysuru,Karnataka,2024-11-23
108919,Kolkata,West Bengal,2024-03-25
108920,Ghaziabad,Uttar Pradesh,2024-06-08
108921,Madurai,Tamil Nadu,2024-07-16
108922,Kanpur,Uttar Pradesh,2024-11-09
108923,Mumbai,Maharashtra,2023-10-01
108924,New Delhi,Delhi,2023-01-07
108925,Chennai,Tamil Nadu,2023-06-15
108926,Chennai,Tamil Nadu,2025-05-29
108927,Kanpur,Uttar Pradesh,2023-07-22
108928,Thiruvananthapuram,Kerala,2023-08-16
108929,New Delhi,Delhi,2025-02-20
108930,New Delhi,Delhi,2023-08-03
108931,Surat,Gujarat,2024-02-28
108932,Bengaluru,Karnataka,2023-12-04
108933,Nagpur,Maharashtra,2024-08-25
108934,Thiruvananthapuram,Kerala,2024-06-25
108935,Lucknow,Uttar Pradesh,2024-04-14
108936,Kochi,Kerala,2024-04-01
108937,Mysuru,Karnataka,2025-01-29
108938,Nashik,Maharashtra,2024-06-13
108939,Madurai,Tamil Nadu,2024-04-08
108940,Udaipur,Rajasthan,2025-03-19
108941,Nagpur,Maharashtra,2023-03-27
108942,Mumbai,Maharashtra,2025-01-29
108943,Nashik,Maharashtra,2023-06-30
108944,Noida,Uttar Pradesh,2023-10-30
108945,Lucknow,Uttar Pradesh,2023-01-13
108946,Lucknow,Uttar Pradesh,2024-06-04
108947,Nagpur,Maharashtra,2025-01-27
108948,Noida,Uttar Pradesh,2023-12-14
108949,Chennai,Tamil Nadu,2024-08-27
108950,Nashik,Maharashtra,2023-12-25
108951,Mysuru,Karnataka,2024-11-22
108952,Madurai,Tamil Nadu,2025-06-28
108953,New Delhi,Delhi,2024-10-13
108954,Thiruvananthapuram,Kerala,2023-11-07
108955,Coimbatore,Tamil Nadu,2025-01-21
108956,New Delhi,Delhi,2023-02-04
108957,Vadodara,Gujarat,2025-06-18
108958,Vadodara,Gujarat,2025-02-03
108959,Nashik,Maharashtra,2024-08-18
108960,Vadodara,Gujarat,2024-07-19
108961,Bengaluru,Karnataka,2023-08-18
108962,New Delhi,Delhi,2024-01-28
108963,Noida,Uttar Pradesh,2023-04-03
108964,Warangal,Telangana,2023-11-05
108965,New Delhi,Delhi,2024-06-21
108966,Pune,Maharashtra,2023-11-26
108967,Chennai,Tamil Nadu,2024-12-03
108968,New Delhi,Delhi,2025-02-16
108969,Jaipur,Rajasthan,2024-05-26
108970,Warangal,Telangana,2023-11-07
108971,Howrah,West Bengal,2023-10-04
108972,New Delhi,Delhi,2024-05-13
108973,Howrah,West Bengal,2024-10-17
108974,Nagpur,Maharashtra,2023-04-26
108975,Mangaluru,Karnataka,2024-02-13
108976,Nagpur,Maharashtra,2024-02-06
108977,Nashik,Maharashtra,2023-09-19
108978,Udaipur,Rajasthan,2023-08-05
108979,Ghaziabad,Uttar Pradesh,2025-02-05
108980,Surat,Gujarat,2024-01-29
108981,Hyderabad,Telangana,2024-06-09
108982,Hyderabad,Telangana,2023-02-04
108983,Vadodara,Gujarat,2023-09-16
108984,Howrah,West Bengal,2023-07-23
108985,Vadodara,Gujarat,2023-10-27
108986,Ghaziabad,Uttar Pradesh,2025-02-05
108987,Mysuru,Karnataka,2024-06-04
108988,Kochi,Kerala,2025-04-01
108989,Mumbai,Maharashtra,2024-01-21
108990,New Delhi,Delhi,2024-12-02
108991,Udaipur,Rajasthan,2023-05-27
108992,Bengaluru,Karnataka,2025-01-12
108993,Pune,Maharashtra,2024-07-10
108994,New Delhi,Delhi,2024-09-19
108995,Madurai,Tamil Nadu,2024-03-12
108996,Jaipur,Rajasthan,2023-01-01
108997,Howrah,West Bengal,2025-02-10
108998,Coimbatore,Tamil Nadu,2024-05-04
108999,Thiruvananthapuram,Kerala,2024-07-06
109000,Ahmedabad,Gujarat,2024-06-09
109001,Kolkata,West Bengal,2023-03-24
109002,Bengaluru,Karnataka,2023-10-30
109003,Chennai,Tamil Nadu,2024-10-01
109004,Nashik,Maharashtra,2023-11-05
109005,Nagpur,Maharashtra,2025-03-20
109006,Lucknow,Uttar Pradesh,2023-10-17
109007,Pune,Maharashtra,2024-02-23
109008,Hyderabad,Telangana,2024-02-10
109009,Noida,Uttar Pradesh,2023-01-18
109010,Nashik,Maharashtra,2025-01-09
109011,Chennai,Tamil Nadu,2023-05-04
109012,Surat,Gujarat,2024-03-03
109013,Jaipur,Rajasthan,2025-04-07
109014,Mangaluru,Karnataka,2025-06-24
109015,Kochi,Kerala,2023-07-29
109016,Kolkata,West Bengal,2023-12-09
109017,Vadodara,Gujarat,2024-05-30
109018,New Delhi,Delhi,2024-09-29
109019,Kanpur,Uttar Pradesh,2023-08-16
109020,Kolkata,West Bengal,2024-05-15
109021,Mysuru,Karnataka,2025-01-30
109022,Kochi,Kerala,2024-11-25
109023,Jaipur,Rajasthan,2025-03-20
109024,Coimbatore,Tamil Nadu,2025-02-23
109025,Lucknow,Uttar Pradesh,2024-04-11
109026,Warangal,Telangana,2025-06-06
109027,Lucknow,Uttar Pradesh,2024-03-26
109028,Howrah,West Bengal,2024-10-08
109029,Mumbai,Maharashtra,2025-05-08
109030,Nagpur,Maharashtra,2023-02-09
109031,New Delhi,Delhi,2025-04-30
109032,Udaipur,Rajasthan,2025-01-18
109033,New Delhi,Delhi,2025-06-27
109034,Udaipur,Rajasthan,2024-12-04
109035,Coimbatore,Tamil Nadu,2023-05-23
109036,Mangaluru,Karnataka,2023-10-03
109037,Jaipur,Rajasthan,2023-01-04
109038,Warangal,Telangana,2024-07-07
109039,New Delhi,Delhi,2024-02-03
109040,Nashik,Maharashtra,2024-03-08
109041,Pune,Maharashtra,2024-10-30
109042,Mumbai,Maharashtra,2025-01-17
109043,New Delhi,Delhi,2023-03-08
109044,Surat,Gujarat,2025-04-15
109045,Mangaluru,Karnataka,2023-12-07
109046,Pune,Maharashtra,2024-11-16
109047,Bengaluru,Karnataka,2024-06-13
109048,New Delhi,Delhi,2024-02-09
109049,Kochi,Kerala,2023-07-13
109050,New Delhi,Delhi,2023-06-22
109051,Nashik,Maharashtra,2024-10-28
109052,Hyderabad,Telangana,2023-10-20
109053,Udaipur,Rajasthan,2023-07-29
109054,Lucknow,Uttar Pradesh,2023-01-06
109055,Howrah,West Bengal,2025-02-04
109056,Jaipur,Rajasthan,2023-12-27
109057,Surat,Gujarat,2023-11-14
109058,Thiruvananthapuram,Kerala,2023-12-05
109059,Nagpur,Maharashtra,2024-06-29
109060,Kolkata,West Bengal,2024-03-14
109061,Kolkata,West Bengal,2024-05-10
109062,Jaipur,Rajasthan,2023-09-11
109063,Madurai,Tamil Nadu,2023-09-28
109064,Lucknow,Uttar Pradesh,2025-02-25
109065,Mysuru,Karnataka,2024-02-04
109066,Surat,Gujarat,2025-06-05
109067,New Delhi,Delhi,2025-02-09
109068,Vadodara,Gujarat,2024-10-10
109069,Vadodara,Gujarat,2024-05-14
109070,New Delhi,Delhi,2025-02-01
109071,Mysuru,Karnataka,2023-02-20
109072,New Delhi,Delhi,2024-03-30
109073,Ahmedabad,Gujarat,2024-10-11
109074,Vadodara,Gujarat,2023-04-09
109075,Noida,Uttar Pradesh,2023-06-16
109076,Mumbai,Maharashtra,2023-03-01
109077,Kolkata,West Bengal,2024-03-18
109078,Surat,Gujarat,2024-05-08
109079,Pune,Maharashtra,2024-03-02
109080,New Delhi,Delhi,2023-02-20
109081,Chennai,Tamil Nadu,2024-03-19
109082,New Delhi,Delhi,2025-03-20
109083,Mumbai,Maharashtra,2023-01-29
109084,Bengaluru,Karnataka,2024-12-07
109085,Pune,Maharashtra,2023-09-06
109086,Pune,Maharashtra,2023-03-10
109087,Mysuru,Karnataka,2023-02-16
109088,Kolkata,West Bengal,2023-01-12
109089,Warangal,Telangana,2024-01-14
109090,Madurai,Tamil Nadu,2024-03-29
109091,Surat,Gujarat,2024-07-20
109092,Warangal,Telangana,2023-03-15
109093,Mumbai,Maharashtra,2024-08-18
109094,Mysuru,Karnataka,2024-11-04
109095,Mysuru,Karnataka,2023-02-28
109096,Ahmedabad,Gujarat,2024-09-07
109097,Madurai,Tamil Nadu,2023-04-19
109098,New Delhi,Delhi,2024-02-05
109099,Hyderabad,Telangana,2024-08-25
109100,Kochi,Kerala,2025-03-04
109101,New Delhi,Delhi,2024-04-28
109102,Warangal,Telangana,2024-02-01
109103,Madurai,Tamil Nadu,2025-01-29
109104,Kanpur,Uttar Pradesh,2023-07-16
109105,Kanpur,Uttar Pradesh,2023-07-06
109106,Ghaziabad,Uttar Pradesh,2024-02-29
109107,Bengaluru,Karnataka,2023-04-20
109108,Coimbatore,Tamil Nadu,2023-01-21
109109,Kolkata,West Bengal,2023-11-26
109110,New Delhi,Delhi,2023-05-19
109111,Kochi,Kerala,2024-08-03
109112,New Delhi,Delhi,2024-05-14
109113,Madurai,Tamil Nadu,2024-03-18
109114,Coimbatore,Tamil Nadu,2024-03-28
109115,Madurai,Tamil Nadu,2023-03-31
109116,Howrah,West Bengal,2024-01-02
109117,Nashik,Maharashtra,2023-03-06
109118,Hyderabad,Telangana,2023-11-20
109119,Ahmedabad,Gujarat,2024-09-09
109120,Kolkata,West Bengal,2025-06-17
109121,Vadodara,Gujarat,2023-09-28
109122,Thiruvananthapuram,Kerala,2023-08-29
109123,Kolkata,West Bengal,2024-09-01
109124,New Delhi,Delhi,2025-04-16
109125,Kolkata,West Bengal,2023-09-26
109126,Kochi,Kerala,2025-02-02
109127,Bengaluru,Karnataka,2023-10-14
109128,Vadodara,Gujarat,2024-08-05
109129,Mangaluru,Karnataka,2023-07-11
109130,Vadodara,Gujarat,2023-08-27
109131,Mumbai,Maharashtra,2025-06-15
109132,Lucknow,Uttar Pradesh,2023-12-21
109133,Coimbatore,Tamil Nadu,2023-01-15
109134,Hyderabad,Telangana,2024-12-04
109135,Pune,Maharashtra,2023-04-26
109136,Noida,Uttar Pradesh,2023-04-11
109137,Chennai,Tamil Nadu,2025-01-31
109138,Surat,Gujarat,2023-11-14
109139,New Delhi,Delhi,2023-05-06
109140,Mumbai,Maharashtra,2025-06-07
109141,Chennai,Tamil Nadu,2023-09-13
109142,Udaipur,Rajasthan,2024-07-30
109143,Mangaluru,Karnataka,2023-08-28
109144,Surat,Gujarat,2024-06-13
109145,Mumbai,Maharashtra,2024-09-26
109146,Ghaziabad,Uttar Pradesh,2024-11-21
109147,Mangaluru,Karnataka,2024-01-10
109148,Chennai,Tamil Nadu,2024-07-15
109149,New Delhi,Delhi,2025-02-04
109150,Pune,Maharashtra,2025-02-04
109151,New Delhi,Delhi,2024-11-11
109152,New Delhi,Delhi,2023-12-31
109153,Warangal,Telangana,2024-04-28
109154,Kochi,Kerala,2025-05-31
109155,Chennai,Tamil Nadu,2023-08-15
109156,Jaipur,Rajasthan,2024-09-22
109157,Chennai,Tamil Nadu,2024-12-22
109158,Pune,Maharashtra,2024-03-14
109159,Mysuru,Karnataka,2025-02-27
109160,New Delhi,Delhi,2024-01-26
109161,New Delhi,Delhi,2025-01-31
109162,Howrah,West Bengal,2024-08-09
109163,Ahmedabad,Gujarat,2023-02-17
109164,Warangal,Telangana,2025-01-20
109165,Coimbatore,Tamil Nadu,2024-09-27
109166,New Delhi,Delhi,2023-07-22
109167,Vadodara,Gujarat,2024-10-03
109168,Nashik,Maharashtra,2024-04-11
109169,Pune,Maharashtra,2025-05-09
109170,Bengaluru,Karnataka,2023-10-05
109171,Nagpur,Maharashtra,2023-08-29
109172,Surat,Gujarat,2023-02-23
109173,Nashik,Maharashtra,2024-12-17
109174,Pune,Maharashtra,2025-06-16
109175,Jaipur,Rajasthan,2024-09-19
109176,Kochi,Kerala,2023-12-03
109177,Madurai,Tamil Nadu,2025-03-11
109178,Chennai,Tamil Nadu,2023-08-19
109179,Ghaziabad,Uttar Pradesh,2024-09-23
109180,Mumbai,Maharashtra,2024-06-27
109181,Madurai,Tamil Nadu,2025-02-15
109182,Nagpur,Maharashtra,2025-06-04
109183,New Delhi,Delhi,2023-11-24
109184,Thiruvananthapuram,Kerala,2023-03-28
109185,Noida,Uttar Pradesh,2023-05-24
109186,Thiruvananthapuram,Kerala,2024-11-04
109187,Kanpur,Uttar Pradesh,2023-11-28
109188,Surat,Gujarat,2023-05-08
109189,Lucknow,Uttar Pradesh,2025-01-12
109190,Surat,Gujarat,2024-08-14
109191,Coimbatore,Tamil Nadu,2023-04-30
109192,Mangaluru,Karnataka,2024-10-11
109193,Hyderabad,Telangana,2024-08-04
109194,Bengaluru,Karnataka,2025-06-16
109195,Madurai,Tamil Nadu,2025-06-18
109196,Nashik,Maharashtra,2025-06-07
109197,Hyderabad,Telangana,2025-03-26
109198,Mysuru,Karnataka,2024-12-23
109199,Bengaluru,Karnataka,2024-09-03
109200,Chennai,Tamil Nadu,2024-05-11
109201,Nashik,Maharashtra,2024-12-23
109202,Thiruvananthapuram,Kerala,2025-05-29
109203,Chennai,Tamil Nadu,2023-04-17
109204,New Delhi,Delhi,2023-05-05
109205,Nashik,Maharashtra,2024-03-30
109206,Kolkata,West Bengal,2023-09-25
109207,Surat,Gujarat,2024-04-29
109208,Madurai,Tamil Nadu,2023-10-11
109209,Mangaluru,Karnataka,2024-12-14
109210,Noida,Uttar Pradesh,2025-03-29
109211,Jaipur,Rajasthan,2023-09-15
109212,New Delhi,Delhi,2024-12-04
109213,Pune,Maharashtra,2023-04-08
109214,Nashik,Maharashtra,2024-12-26
109215,Nashik,Maharashtra,2024-09-27
109216,Kanpur,Uttar Pradesh,2024-10-09
109217,Kochi,Kerala,2024-03-24
109218,Thiruvananthapuram,Kerala,2023-04-08
109219,Kanpur,Uttar Pradesh,2025-02-06
109220,Pune,Maharashtra,2023-04-10
109221,Kochi,Kerala,2024-03-14
109222,New Delhi,Delhi,2023-06-08
109223,New Delhi,Delhi,2025-02-09
109224,Surat,Gujarat,2024-06-07
109225,Pune,Maharashtra,2024-04-07
109226,Howrah,West Bengal,2023-10-17
109227,Thiruvananthapuram,Kerala,2024-12-14
109228,Noida,Uttar Pradesh,2023-07-11
109229,Ghaziabad,Uttar Pradesh,2024-10-18
109230,New Delhi,Delhi,2025-06-01
109231,Pune,Maharashtra,2023-08-31
109232,Ghaziabad,Uttar Pradesh,2024-09-16
109233,Vadodara,Gujarat,2023-10-09
109234,Udaipur,Rajasthan,2025-04-26
109235,Nagpur,Maharashtra,2025-03-30
109236,Mangaluru,Karnataka,2023-10-13
109237,New Delhi,Delhi,2023-07-30
109238,Vadodara,Gujarat,2023-03-17
109239,Lucknow,Uttar Pradesh,2024-09-27
109240,Thiruvananthapuram,Kerala,2025-04-17
109241,Mangaluru,Karnataka,2023-05-13
109242,Madurai,Tamil Nadu,2025-01-13
109243,Mumbai,Maharashtra,2024-11-18
109244,Mysuru,Karnataka,2024-03-05
109245,New Delhi,Delhi,2023-07-23
109246,Surat,Gujarat,2024-08-17
109247,Coimbatore,Tamil Nadu,2024-06-25
109248,New Delhi,Delhi,2025-01-09
109249,Surat,Gujarat,2024-05-29
109250,Howrah,West Bengal,2023-02-14
109251,Mysuru,Karnataka,2023-07-05
109252,New Delhi,Delhi,2023-12-13
109253,Kanpur,Uttar Pradesh,2024-03-23
109254,Ghaziabad,Uttar Pradesh,2023-11-15
109255,Kolkata,West Bengal,2025-03-11
109256,Mysuru,Karnataka,2023-09-14
109257,Hyderabad,Telangana,2024-09-11
109258,Udaipur,Rajasthan,2023-11-26
109259,New Delhi,Delhi,2025-06-23
109260,Coimbatore,Tamil Nadu,2025-04-14
109261,Thiruvananthapuram,Kerala,2024-12-15
109262,Nashik,Maharashtra,2024-11-27
109263,Noida,Uttar Pradesh,2024-08-09
109264,Howrah,West Bengal,2024-06-18
109265,Nashik,Maharashtra,2024-05-28
109266,Ghaziabad,Uttar Pradesh,2023-01-25
109267,Chennai,Tamil Nadu,2025-05-03
109268,Howrah,West Bengal,2025-06-13
109269,Jaipur,Rajasthan,2024-04-25
109270,Kolkata,West Bengal,2025-03-04
109271,Nashik,Maharashtra,2024-01-02
109272,Kanpur,Uttar Pradesh,2023-04-13
109273,Udaipur,Rajasthan,2025-01-30
109274,Surat,Gujarat,2024-04-09
109275,Vadodara,Gujarat,2025-05-06
109276,Mumbai,Maharashtra,2023-07-14
109277,Kolkata,West Bengal,2024-03-12
109278,Pune,Maharashtra,2024-08-31
109279,New Delhi,Delhi,2023-05-06
109280,Udaipur,Rajasthan,2025-06-26
109281,Udaipur,Rajasthan,2024-07-08
109282,Thiruvananthapuram,Kerala,2023-06-06
109283,Madurai,Tamil Nadu,2024-11-05
109284,Nashik,Maharashtra,2025-03-11
109285,Coimbatore,Tamil Nadu,2023-12-07
109286,Pune,Maharashtra,2024-07-09
109287,Kolkata,West Bengal,2024-11-12
109288,Hyderabad,Telangana,2023-05-13
109289,New Delhi,Delhi,2024-04-28
109290,Pune,Maharashtra,2024-05-24
109291,New Delhi,Delhi,2023-10-02
109292,Howrah,West Bengal,2023-10-01
109293,Ghaziabad,Uttar Pradesh,2024-07-27
109294,Pune,Maharashtra,2024-11-15
109295,Nagpur,Maharashtra,2023-12-21
109296,New Delhi,Delhi,2023-05-14
109297,Nashik,Maharashtra,2024-12-17
109298,Jaipur,Rajasthan,2023-06-08
109299,Ahmedabad,Gujarat,2023-01-03
109300,Nashik,Maharashtra,2023-10-21
109301,Kanpur,Uttar Pradesh,2025-01-15
109302,New Delhi,Delhi,2023-10-07
109303,Bengaluru,Karnataka,2024-04-18
109304,Hyderabad,Telangana,2025-05-24
109305,Pune,Maharashtra,2024-10-16
109306,Chennai,Tamil Nadu,2024-11-22
109307,Kolkata,West Bengal,2023-03-21
109308,Udaipur,Rajasthan,2023-08-08
109309,New Delhi,Delhi,2023-04-05
109310,Vadodara,Gujarat,2025-06-10
109311,Mangaluru,Karnataka,2023-11-08
109312,Warangal,Telangana,2024-03-31
109313,Bengaluru,Karnataka,2024-05-17
109314,Hyderabad,Telangana,2024-04-21
109315,Mumbai,Maharashtra,2023-02-17
109316,Udaipur,Rajasthan,2025-04-08
109317,Jaipur,Rajasthan,2023-12-13
109318,New Delhi,Delhi,2025-04-16
109319,Kanpur,Uttar Pradesh,2024-11-27
109320,Pune,Maharashtra,2024-09-26
109321,Ghaziabad,Uttar Pradesh,2024-10-02
109322,Mysuru,Karnataka,2025-06-10
109323,Nashik,Maharashtra,2023-10-04
109324,Ahmedabad,Gujarat,2023-10-27
109325,Madurai,Tamil Nadu,2024-09-02
109326,Warangal,Telangana,2023-07-31
109327,Hyderabad,Telangana,2025-01-02
109328,Mumbai,Maharashtra,2023-01-27
109329,Pune,Maharashtra,2025-03-28
109330,Ahmedabad,Gujarat,2023-11-12
109331,Vadodara,Gujarat,2023-01-05
109332,Mumbai,Maharashtra,2024-07-02
109333,New Delhi,Delhi,2023-09-08
109334,Surat,Gujarat,2023-10-06
109335,Surat,Gujarat,2024-03-14
109336,Howrah,West Bengal,2024-06-12
109337,Coimbatore,Tamil Nadu,2023-05-05
109338,Warangal,Telangana,2023-02-14
109339,Warangal,Telangana,2024-02-25
109340,New Delhi,Delhi,2023-11-19
109341,Nashik,Maharashtra,2024-06-14
109342,Pune,Maharashtra,2024-11-12
109343,Howrah,West Bengal,2024-07-13
109344,Bengaluru,Karnataka,2023-04-06
109345,Vadodara,Gujarat,2025-06-26
109346,Hyderabad,Telangana,2024-10-13
109347,New Delhi,Delhi,2023-02-14
109348,Kolkata,West Bengal,2024-11-26
109349,Ghaziabad,Uttar Pradesh,2025-03-13
109350,Nashik,Maharashtra,2024-06-02
109351,Noida,Uttar Pradesh,2025-01-28
109352,Madurai,Tamil Nadu,2025-03-18
109353,New Delhi,Delhi,2025-05-28
109354,Noida,Uttar Pradesh,2025-05-19
109355,Ahmedabad,Gujarat,2023-06-26
109356,New Delhi,Delhi,2023-02-01
109357,Thiruvananthapuram,Kerala,2024-08-16
109358,Ahmedabad,Gujarat,2024-09-10
109359,Ahmedabad,Gujarat,2024-06-02
109360,Nashik,Maharashtra,2023-08-05
109361,Mysuru,Karnataka,2025-05-14
109362,Coimbatore,Tamil Nadu,2024-01-07
109363,Vadodara,Gujarat,2024-11-06
109364,Hyderabad,Telangana,2024-07-21
109365,Ghaziabad,Uttar Pradesh,2025-03-26
109366,Bengaluru,Karnataka,2024-10-10
109367,Kanpur,Uttar Pradesh,2024-08-01
109368,Kolkata,West Bengal,2025-02-04
109369,Lucknow,Uttar Pradesh,2023-02-19
109370,Lucknow,Uttar Pradesh,2024-10-04
109371,Udaipur,Rajasthan,2024-06-18
109372,Nashik,Maharashtra,2024-12-09
109373,Noida,Uttar Pradesh,2023-07-24
109374,Thiruvananthapuram,Kerala,2024-06-29
109375,Warangal,Telangana,2023-09-16
109376,Mangaluru,Karnataka,2023-04-17
109377,Thiruvananthapuram,Kerala,2024-06-08
109378,Mumbai,Maharashtra,2023-01-20
109379,New Delhi,Delhi,2023-03-26
109380,Pune,Maharashtra,2024-04-27
109381,Coimbatore,Tamil Nadu,2025-03-29
109382,Coimbatore,Tamil Nadu,2024-10-13
109383,Chennai,Tamil Nadu,2023-01-15
109384,Jaipur,Rajasthan,2023-04-10
109385,Madurai,Tamil Nadu,2024-01-28
109386,Hyderabad,Telangana,2024-01-27
109387,Udaipur,Rajasthan,2023-02-06
109388,Kolkata,West Bengal,2023-08-22
109389,Mysuru,Karnataka,2023-04-26
109390,Nagpur,Maharashtra,2024-05-31
109391,Vadodara,Gujarat,2024-08-22
109392,Howrah,West Bengal,2023-12-22
109393,Hyderabad,Telangana,2024-06-04
109394,Mangaluru,Karnataka,2023-07-03
109395,Lucknow,Uttar Pradesh,2025-02-14
109396,Vadodara,Gujarat,2023-01-05
109397,Warangal,Telangana,2024-04-04
109398,Kolkata,West Bengal,2023-10-20
109399,Lucknow,Uttar Pradesh,2024-02-15
109400,Vadodara,Gujarat,2024-04-15
109401,Vadodara,Gujarat,2024-08-11
109402,Surat,Gujarat,2025-04-26
109403,Hyderabad,Telangana,2024-05-26
109404,Coimbatore,Tamil Nadu,2023-07-27
109405,Ghaziabad,Uttar Pradesh,2024-04-22
109406,Surat,Gujarat,2024-04-11
109407,Chennai,Tamil Nadu,2025-02-26
109408,Pune,Maharashtra,2024-05-31
109409,Noida,Uttar Pradesh,2025-03-01
109410,Surat,Gujarat,2024-08-14
109411,New Delhi,Delhi,2024-06-04
109412,New Delhi,Delhi,2023-10-27
109413,Mysuru,Karnataka,2023-08-22
109414,Thiruvananthapuram,Kerala,2023-04-01
109415,Howrah,West Bengal,2024-05-14
109416,Warangal,Telangana,2025-04-19
109417,New Delhi,Delhi,2023-01-12
109418,Kanpur,Uttar Pradesh,2025-05-17
109419,Hyderabad,Telangana,2025-02-21
109420,Thiruvananthapuram,Kerala,2024-02-04
109421,Nashik,Maharashtra,2023-10-13
109422,Mumbai,Maharashtra,2024-06-12
109423,Hyderabad,Telangana,2025-02-18
109424,Bengaluru,Karnataka,2024-02-14
109425,Ahmedabad,Gujarat,2023-02-13
109426,Noida,Uttar Pradesh,2024-08-09
109427,Nagpur,Maharashtra,2023-03-11
109428,Madurai,Tamil Nadu,2023-10-16
109429,Vadodara,Gujarat,2024-11-03
109430,Kolkata,West Bengal,2024-11-16
109431,Madurai,Tamil Nadu,2023-07-27
109432,Bengaluru,Karnataka,2024-04-12
109433,Hyderabad,Telangana,2023-06-18
109434,Coimbatore,Tamil Nadu,2024-06-23
109435,Kanpur,Uttar Pradesh,2023-01-08
109436,Warangal,Telangana,2025-01-11
109437,Bengaluru,Karnataka,2023-01-21
109438,Lucknow,Uttar Pradesh,2024-07-08
109439,Hyderabad,Telangana,2024-01-05
109440,Mumbai,Maharashtra,2023-07-23
109441,Hyderabad,Telangana,2024-05-08
109442,Jaipur,Rajasthan,2023-05-10
109443,Noida,Uttar Pradesh,2024-06-11
109444,Mangaluru,Karnataka,2024-08-10
109445,Noida,Uttar Pradesh,2024-02-22
109446,Bengaluru,Karnataka,2023-11-26
109447,Warangal,Telangana,2024-02-23
109448,Warangal,Telangana,2025-05-21
109449,Mysuru,Karnataka,2024-11-17
109450,New Delhi,Delhi,2023-01-06
109451,Jaipur,Rajasthan,2023-09-21
109452,Bengaluru,Karnataka,2023-01-23
109453,Ghaziabad,Uttar Pradesh,2023-08-05
109454,Vadodara,Gujarat,2024-12-10
109455,Warangal,Telangana,2025-02-17
109456,Nashik,Maharashtra,2024-02-21
109457,Bengaluru,Karnataka,2023-12-04
109458,Nashik,Maharashtra,2024-03-10
109459,Hyderabad,Telangana,2025-01-25
109460,Thiruvananthapuram,Kerala,2023-09-08
109461,Kolkata,West Bengal,2023-10-18
109462,Nagpur,Maharashtra,2023-05-05
109463,Mangaluru,Karnataka,2023-07-18
109464,Nashik,Maharashtra,2023-02-04
109465,Thiruvananthapuram,Kerala,2025-01-13
109466,Bengaluru,Karnataka,2025-02-15
109467,Mysuru,Karnataka,2024-01-19
109468,Surat,Gujarat,2024-06-24
109469,Hyderabad,Telangana,2023-08-15
109470,Mangaluru,Karnataka,2023-02-11
109471,Ahmedabad,Gujarat,2024-04-14
109472,Pune,Maharashtra,2023-05-25
109473,Nagpur,Maharashtra,2025-02-11
109474,Nashik,Maharashtra,2023-09-12
109475,New Delhi,Delhi,2024-11-02
109476,Thiruvananthapuram,Kerala,2023-08-28
109477,Warangal,Telangana,2023-04-26
109478,Ghaziabad,Uttar Pradesh,2024-05-14
109479,New Delhi,Delhi,2023-06-17
109480,Noida,Uttar Pradesh,2023-12-30
109481,Thiruvananthapuram,Kerala,2023-09-25
109482,New Delhi,Delhi,2025-03-14
109483,Kochi,Kerala,2024-04-03
109484,Surat,Gujarat,2024-10-17
109485,Noida,Uttar Pradesh,2024-06-20
109486,Mysuru,Karnataka,2025-04-09
109487,Vadodara,Gujarat,2024-02-05
109488,Warangal,Telangana,2025-02-25
109489,Thiruvananthapuram,Kerala,2025-03-29
109490,Udaipur,Rajasthan,2025-04-19
109491,New Delhi,Delhi,2024-09-25
109492,Udaipur,Rajasthan,2025-06-11
109493,Udaipur,Rajasthan,2024-11-09
109494,Ahmedabad,Gujarat,2023-10-11
109495,Nashik,Maharashtra,2023-05-24
109496,Mumbai,Maharashtra,2023-07-11
109497,Pune,Maharashtra,2024-06-06
109498,Nashik,Maharashtra,2023-05-31
109499,Thiruvananthapuram,Kerala,2023-08-05
109500,Mangaluru,Karnataka,2024-07-26
109501,Kanpur,Uttar Pradesh,2023-10-31
109502,Surat,Gujarat,2024-09-12
109503,Ahmedabad,Gujarat,2025-06-27
109504,Mangaluru,Karnataka,2023-03-22
109505,Warangal,Telangana,2024-08-07
109506,Vadodara,Gujarat,2025-01-17
109507,Hyderabad,Telangana,2023-05-08
109508,Mangaluru,Karnataka,2024-12-14
109509,Lucknow,Uttar Pradesh,2024-04-07
109510,Mumbai,Maharashtra,2024-07-26
109511,Ahmedabad,Gujarat,2023-02-16
109512,Madurai,Tamil Nadu,2024-02-01
109513,Mangaluru,Karnataka,2023-12-01
109514,Noida,Uttar Pradesh,2023-05-20
109515,Nagpur,Maharashtra,2024-11-25
109516,Udaipur,Rajasthan,2024-04-05
109517,Udaipur,Rajasthan,2025-03-10
109518,New Delhi,Delhi,2023-05-26
109519,Mangaluru,Karnataka,2024-10-27
109520,Mumbai,Maharashtra,2024-07-05
109521,Jaipur,Rajasthan,2024-08-16
109522,Surat,Gujarat,2023-10-10
109523,Pune,Maharashtra,2024-09-21
109524,Hyderabad,Telangana,2023-08-14
109525,Pune,Maharashtra,2024-11-25
109526,Hyderabad,Telangana,2024-02-06
109527,Chennai,Tamil Nadu,2024-03-12
109528,Pune,Maharashtra,2024-06-13
109529,Kolkata,West Bengal,2023-03-18
109530,Mangaluru,Karnataka,2023-12-01
109531,Hyderabad,Telangana,2023-07-05
109532,Surat,Gujarat,2025-05-27
109533,Kochi,Kerala,2024-01-20
109534,Coimbatore,Tamil Nadu,2023-01-06
109535,Jaipur,Rajasthan,2023-01-24
109536,New Delhi,Delhi,2025-04-11
109537,Howrah,West Bengal,2023-05-23
109538,Mysuru,Karnataka,2023-01-01
109539,Lucknow,Uttar Pradesh,2023-07-13
109540,Mumbai,Maharashtra,2023-07-17
109541,Thiruvananthapuram,Kerala,2025-06-26
109542,Kochi,Kerala,2023-02-23
109543,Chennai,Tamil Nadu,2024-10-25
109544,Hyderabad,Telangana,2025-02-01
109545,Surat,Gujarat,2024-08-10
109546,Mangaluru,Karnataka,2023-05-01
109547,Ahmedabad,Gujarat,2024-10-23
109548,Noida,Uttar Pradesh,2023-10-28
109549,Warangal,Telangana,2024-01-07
109550,Pune,Maharashtra,2023-08-18
109551,Udaipur,Rajasthan,2024-12-15
109552,Nashik,Maharashtra,2024-06-12
109553,Surat,Gujarat,2023-05-22
109554,Pune,Maharashtra,2024-01-07
109555,Nagpur,Maharashtra,2024-12-24
109556,Nagpur,Maharashtra,2025-05-04
109557,New Delhi,Delhi,2025-05-05
109558,Ahmedabad,Gujarat,2023-05-03
109559,Hyderabad,Telangana,2025-02-20
109560,Vadodara,Gujarat,2024-05-30
109561,Surat,Gujarat,2024-11-04
109562,Pune,Maharashtra,2023-12-18
109563,Nashik,Maharashtra,2024-08-16
109564,Ahmedabad,Gujarat,2023-08-24
109565,Ahmedabad,Gujarat,2024-04-19
109566,Warangal,Telangana,2023-07-25
109567,Mangaluru,Karnataka,2023-12-27
109568,Kolkata,West Bengal,2024-01-07
109569,Nashik,Maharashtra,2025-02-27
109570,Surat,Gujarat,2024-07-26
109571,Nagpur,Maharashtra,2024-08-12
109572,Ahmedabad,Gujarat,2023-09-16
109573,Madurai,Tamil Nadu,2024-02-01
109574,Noida,Uttar Pradesh,2024-03-06
109575,Mumbai,Maharashtra,2024-12-15
109576,Warangal,Telangana,2023-06-19
109577,Mumbai,Maharashtra,2023-02-19
109578,Surat,Gujarat,2024-04-05
109579,Nashik,Maharashtra,2025-01-10
109580,Nashik,Maharashtra,2024-10-30
109581,Lucknow,Uttar Pradesh,2025-01-08
109582,Mumbai,Maharashtra,2023-12-25
109583,Bengaluru,Karnataka,2023-07-28
109584,Howrah,West Bengal,2024-08-24
109585,Lucknow,Uttar Pradesh,2023-02-04
109586,Howrah,West Bengal,2025-03-26
109587,New Delhi,Delhi,2024-10-12
109588,Warangal,Telangana,2024-04-04
109589,Kanpur,Uttar Pradesh,2023-07-02
109590,Nagpur,Maharashtra,2023-08-17
109591,Kanpur,Uttar Pradesh,2025-06-26
109592,Mumbai,Maharashtra,2023-01-14
109593,Udaipur,Rajasthan,2023-01-09
109594,Vadodara,Gujarat,2023-11-13
109595,Madurai,Tamil Nadu,2023-07-29
109596,Madurai,Tamil Nadu,2024-09-08
109597,Mangaluru,Karnataka,2023-02-08
109598,New Delhi,Delhi,2024-12-16
109599,Lucknow,Uttar Pradesh,2024-12-13
109600,Hyderabad,Telangana,2023-07-29
109601,Warangal,Telangana,2024-06-11
109602,Mysuru,Karnataka,2024-09-03
109603,Kanpur,Uttar Pradesh,2025-02-11
109604,New Delhi,Delhi,2024-10-29
109605,Mysuru,Karnataka,2025-05-26
109606,Jaipur,Rajasthan,2023-04-16
109607,Chennai,Tamil Nadu,2024-07-09
109608,Hyderabad,Telangana,2024-12-05
109609,Kochi,Kerala,2023-07-31
109610,New Delhi,Delhi,2023-07-18
109611,Udaipur,Rajasthan,2023-03-26
109612,Ghaziabad,Uttar Pradesh,2025-06-17
109613,Vadodara,Gujarat,2025-02-28
109614,Bengaluru,Karnataka,2023-04-21
109615,Pune,Maharashtra,2023-08-12
109616,Chennai,Tamil Nadu,2024-02-22
109617,Mumbai,Maharashtra,2025-03-24
109618,Nagpur,Maharashtra,2025-01-22
109619,Vadodara,Gujarat,2025-03-11
109620,Noida,Uttar Pradesh,2025-01-24
109621,Nagpur,Maharashtra,2024-07-25
109622,Noida,Uttar Pradesh,2023-09-23
109623,Udaipur,Rajasthan,2024-07-04
109624,Noida,Uttar Pradesh,2024-03-26
109625,Lucknow,Uttar Pradesh,2025-05-16
109626,Noida,Uttar Pradesh,2024-02-13
109627,Mysuru,Karnataka,2024-11-19
109628,New Delhi,Delhi,2023-06-08
109629,Jaipur,Rajasthan,2024-09-14
109630,Surat,Gujarat,2024-02-18
109631,Ghaziabad,Uttar Pradesh,2024-02-01
109632,Thiruvananthapuram,Kerala,2024-11-18
109633,Mysuru,Karnataka,2024-03-16
109634,New Delhi,Delhi,2023-02-23
109635,Vadodara,Gujarat,2023-12-21
109636,Pune,Maharashtra,2025-05-27
109637,Hyderabad,Telangana,2025-05-12
109638,Kanpur,Uttar Pradesh,2024-07-13
109639,Vadodara,Gujarat,2024-08-04
109640,Bengaluru,Karnataka,2023-08-28
109641,Kanpur,Uttar Pradesh,2024-12-11
109642,Pune,Maharashtra,2024-06-30
109643,Jaipur,Rajasthan,2023-02-03
109644,Pune,Maharashtra,2025-05-14
109645,Kolkata,West Bengal,2025-02-15
109646,Coimbatore,Tamil Nadu,2023-03-16
109647,Madurai,Tamil Nadu,2024-01-16
109648,Coimbatore,Tamil Nadu,2024-11-07
109649,Mysuru,Karnataka,2024-11-02
109650,Chennai,Tamil Nadu,2023-06-02
109651,Kolkata,West Bengal,2023-02-06
109652,Ghaziabad,Uttar Pradesh,2025-06-16
109653,Nashik,Maharashtra,2025-03-25
109654,Vadodara,Gujarat,2024-11-03
109655,Kolkata,West Bengal,2024-08-24
109656,Howrah,West Bengal,2024-09-17
109657,Chennai,Tamil Nadu,2024-02-21
109658,Mumbai,Maharashtra,2024-09-15
109659,Jaipur,Rajasthan,2023-10-04
109660,New Delhi,Delhi,2023-03-18
109661,New Delhi,Delhi,2023-10-11
109662,Ghaziabad,Uttar Pradesh,2023-09-25
109663,Mysuru,Karnataka,2023-10-04
109664,Howrah,West Bengal,2024-03-05
109665,Nashik,Maharashtra,2023-04-30
109666,Noida,Uttar Pradesh,2024-01-07
109667,Kochi,Kerala,2024-02-27
109668,Thiruvananthapuram,Kerala,2023-06-21
109669,Udaipur,Rajasthan,2024-02-18
109670,Howrah,West Bengal,2024-09-06
109671,Mysuru,Karnataka,2024-01-11
109672,Kochi,Kerala,2023-01-03
109673,Udaipur,Rajasthan,2024-10-02
109674,Warangal,Telangana,2024-06-11
109675,New Delhi,Delhi,2024-01-18
109676,Mumbai,Maharashtra,2023-01-21
109677,Ahmedabad,Gujarat,2023-03-23
109678,Lucknow,Uttar Pradesh,2023-03-14
109679,New Delhi,Delhi,2025-02-15
109680,New Delhi,Delhi,2023-10-09
109681,Hyderabad,Telangana,2024-01-23
109682,Nagpur,Maharashtra,2024-09-26
109683,Kochi,Kerala,2024-08-19
109684,Mangaluru,Karnataka,2023-02-28
109685,Mumbai,Maharashtra,2025-04-27
109686,Mumbai,Maharashtra,2023-08-30
109687,Howrah,West Bengal,2024-11-30
109688,Kolkata,West Bengal,2025-01-28
109689,Nagpur,Maharashtra,2024-05-05
109690,Pune,Maharashtra,2023-05-28
109691,Chennai,Tamil Nadu,2024-05-11
109692,Mysuru,Karnataka,2023-08-11
109693,Ghaziabad,Uttar Pradesh,2025-02-12
109694,Mumbai,Maharashtra,2024-11-18
109695,Warangal,Telangana,2025-01-20
109696,New Delhi,Delhi,2025-01-24
109697,Chennai,Tamil Nadu,2023-06-12
109698,Madurai,Tamil Nadu,2023-01-28
109699,Nashik,Maharashtra,2024-07-24
109700,Mangaluru,Karnataka,2024-07-13
109701,Nagpur,Maharashtra,2025-02-27
109702,Nashik,Maharashtra,2024-08-04
109703,Thiruvananthapuram,Kerala,2025-01-01
109704,Mysuru,Karnataka,2023-11-14
109705,Mangaluru,Karnataka,2023-04-24
109706,Pune,Maharashtra,2023-02-04
109707,Ghaziabad,Uttar Pradesh,2024-02-01
109708,Udaipur,Rajasthan,2023-01-02
109709,Kanpur,Uttar Pradesh,2024-04-17
109710,Ahmedabad,Gujarat,2024-01-01
109711,Kolkata,West Bengal,2023-08-23
109712,New Delhi,Delhi,2024-06-22
109713,Kolkata,West Bengal,2024-09-11
109714,Kanpur,Uttar Pradesh,2023-02-06
109715,Pune,Maharashtra,2024-03-09
109716,Madurai,Tamil Nadu,2025-05-06
109717,Bengaluru,Karnataka,2023-09-29
109718,Mumbai,Maharashtra,2024-12-12
109719,Howrah,West Bengal,2023-11-03
109720,Mumbai,Maharashtra,2023-09-05
109721,Ghaziabad,Uttar Pradesh,2025-02-19
109722,Kochi,Kerala,2023-11-21
109723,Coimbatore,Tamil Nadu,2025-02-28
109724,New Delhi,Delhi,2024-08-19
109725,Vadodara,Gujarat,2025-01-10
109726,Kanpur,Uttar Pradesh,2025-01-12
109727,Mangaluru,Karnataka,2025-04-12
109728,Mysuru,Karnataka,2024-05-20
109729,Vadodara,Gujarat,2025-05-17
109730,Udaipur,Rajasthan,2023-02-24
109731,Mysuru,Karnataka,2024-03-24
109732,New Delhi,Delhi,2023-12-28
109733,Kochi,Kerala,2023-03-30
109734,Nashik,Maharashtra,2025-03-06
109735,Mumbai,Maharashtra,2024-12-29
109736,Hyderabad,Telangana,2024-11-13
109737,Nagpur,Maharashtra,2024-07-31
109738,Mangaluru,Karnataka,2024-07-02
109739,Surat,Gujarat,2023-12-13
109740,Surat,Gujarat,2024-09-14
109741,Hyderabad,Telangana,2025-06-07
109742,New Delhi,Delhi,2023-08-17
109743,Warangal,Telangana,2023-11-05
109744,Surat,Gujarat,2023-04-10
109745,Ghaziabad,Uttar Pradesh,2025-04-06
109746,Noida,Uttar Pradesh,2024-04-27
109747,Surat,Gujarat,2024-06-23
109748,Udaipur,Rajasthan,2023-08-31
109749,Howrah,West Bengal,2023-02-03
109750,Pune,Maharashtra,2025-01-03
109751,Thiruvananthapuram,Kerala,2025-02-22
109752,Jaipur,Rajasthan,2023-11-07
109753,New Delhi,Delhi,2024-11-25
109754,Nagpur,Maharashtra,2024-06-05
109755,Vadodara,Gujarat,2024-08-08
109756,Madurai,Tamil Nadu,2023-06-07
109757,Kanpur,Uttar Pradesh,2024-07-13
109758,Warangal,Telangana,2023-05-27
109759,Mumbai,Maharashtra,2023-07-19
109760,Mysuru,Karnataka,2023-11-22
109761,Udaipur,Rajasthan,2023-07-15
109762,Nagpur,Maharashtra,2025-04-08
109763,Noida,Uttar Pradesh,2023-01-27
109764,Mangaluru,Karnataka,2025-04-03
109765,Chennai,Tamil Nadu,2023-05-21
109766,Hyderabad,Telangana,2025-03-03
109767,Mangaluru,Karnataka,2023-11-03
109768,Ahmedabad,Gujarat,2025-04-19
109769,Noida,Uttar Pradesh,2024-05-07
109770,Nagpur,Maharashtra,2024-03-22
109771,New Delhi,Delhi,2023-04-30
109772,Lucknow,Uttar Pradesh,2024-01-30
109773,Ghaziabad,Uttar Pradesh,2024-05-22
109774,Warangal,Telangana,2025-06-14
109775,Lucknow,Uttar Pradesh,2023-08-28
109776,Nagpur,Maharashtra,2023-03-17
109777,Mumbai,Maharashtra,2023-08-20
109778,Vadodara,Gujarat,2023-08-10
109779,Noida,Uttar Pradesh,2025-05-13
109780,Howrah,West Bengal,2023-05-17
109781,Mangaluru,Karnataka,2025-06-23
109782,Hyderabad,Telangana,2023-04-14
109783,Vadodara,Gujarat,2025-01-09
109784,Mysuru,Karnataka,2024-01-13
109785,Warangal,Telangana,2023-02-19
109786,Surat,Gujarat,2024-07-13
109787,Bengaluru,Karnataka,2024-10-25
109788,New Delhi,Delhi,2025-02-03
109789,Mangaluru,Karnataka,2023-06-12
109790,Jaipur,Rajasthan,2024-07-16
109791,Mysuru,Karnataka,2024-06-02
109792,Mumbai,Maharashtra,2024-02-08
109793,Mumbai,Maharashtra,2025-03-25
109794,Mumbai,Maharashtra,2024-01-21
109795,Bengaluru,Karnataka,2023-12-13
109796,Vadodara,Gujarat,2024-04-23
109797,Nashik,Maharashtra,2025-04-26
109798,Mangaluru,Karnataka,2025-03-01
109799,Mumbai,Maharashtra,2024-10-07
109800,New Delhi,Delhi,2023-03-15
109801,Nashik,Maharashtra,2023-10-02
109802,Surat,Gujarat,2023-01-14
109803,Vadodara,Gujarat,2023-03-28
109804,Ghaziabad,Uttar Pradesh,2025-01-27
109805,Bengaluru,Karnataka,2025-01-12
109806,Howrah,West Bengal,2023-04-04
109807,Kanpur,Uttar Pradesh,2024-02-22
109808,Pune,Maharashtra,2023-09-12
109809,Coimbatore,Tamil Nadu,2023-03-08
109810,Noida,Uttar Pradesh,2023-12-14
109811,New Delhi,Delhi,2023-04-04
109812,New Delhi,Delhi,2024-11-01
109813,Ahmedabad,Gujarat,2025-05-30
109814,Nashik,Maharashtra,2024-01-20
109815,Thiruvananthapuram,Kerala,2023-08-10
109816,Nagpur,Maharashtra,2024-03-31
109817,Nagpur,Maharashtra,2025-05-30
109818,Pune,Maharashtra,2023-05-26
109819,New Delhi,Delhi,2024-09-12
109820,Jaipur,Rajasthan,2023-03-26
109821,Howrah,West Bengal,2023-10-01
109822,Udaipur,Rajasthan,2024-02-05
109823,Hyderabad,Telangana,2023-12-16
109824,Madurai,Tamil Nadu,2023-06-12
109825,New Delhi,Delhi,2024-12-08
109826,Pune,Maharashtra,2024-09-05
109827,Udaipur,Rajasthan,2024-02-01
109828,Chennai,Tamil Nadu,2024-01-17
109829,Coimbatore,Tamil Nadu,2023-03-10
109830,Hyderabad,Telangana,2024-08-24
109831,Ghaziabad,Uttar Pradesh,2023-07-29
109832,Mysuru,Karnataka,2023-10-02
109833,Lucknow,Uttar Pradesh,2025-02-22
109834,Kanpur,Uttar Pradesh,2024-08-08
109835,Howrah,West Bengal,2024-09-26
109836,Pune,Maharashtra,2023-08-30
109837,Nagpur,Maharashtra,2024-04-01
109838,Madurai,Tamil Nadu,2023-01-13
109839,Kolkata,West Bengal,2023-08-12
109840,Thiruvananthapuram,Kerala,2024-12-29
109841,Ahmedabad,Gujarat,2024-03-08
109842,Mangaluru,Karnataka,2024-08-01
109843,Mysuru,Karnataka,2024-12-19
109844,Ahmedabad,Gujarat,2025-05-03
109845,Mangaluru,Karnataka,2023-03-16
109846,Warangal,Telangana,2024-06-13
109847,Howrah,West Bengal,2025-06-25
109848,New Delhi,Delhi,2023-07-02
109849,New Delhi,Delhi,2025-02-22
109850,Mumbai,Maharashtra,2024-06-12
109851,Mangaluru,Karnataka,2023-10-17
109852,Kanpur,Uttar Pradesh,2024-12-14
109853,New Delhi,Delhi,2025-03-04
109854,Nashik,Maharashtra,2023-05-10
109855,Pune,Maharashtra,2024-09-13
109856,Nashik,Maharashtra,2025-05-03
109857,Vadodara,Gujarat,2024-08-30
109858,Ahmedabad,Gujarat,2024-05-13
109859,Hyderabad,Telangana,2023-05-08
109860,Madurai,Tamil Nadu,2024-02-15
109861,Nagpur,Maharashtra,2025-04-05
109862,Chennai,Tamil Nadu,2024-12-29
109863,Mumbai,Maharashtra,2024-02-15
109864,Udaipur,Rajasthan,2023-10-09
109865,Mumbai,Maharashtra,2025-01-01
109866,Chennai,Tamil Nadu,2025-05-31
109867,Nagpur,Maharashtra,2023-09-30
109868,Ghaziabad,Uttar Pradesh,2025-01-08
109869,Pune,Maharashtra,2023-10-08
109870,Udaipur,Rajasthan,2025-01-23
109871,Nagpur,Maharashtra,2025-05-28
109872,Howrah,West Bengal,2024-08-27
109873,Vadodara,Gujarat,2024-03-28
109874,Bengaluru,Karnataka,2023-10-14
109875,Mysuru,Karnataka,2023-02-17
109876,New Delhi,Delhi,2025-01-31
109877,Kolkata,West Bengal,2024-08-25
109878,Howrah,West Bengal,2023-07-27
109879,Nashik,Maharashtra,2024-05-17
109880,New Delhi,Delhi,2025-03-11
109881,Mangaluru,Karnataka,2024-08-13
109882,Mumbai,Maharashtra,2025-04-14
109883,Vadodara,Gujarat,2023-04-18
109884,New Delhi,Delhi,2024-08-30
109885,Mysuru,Karnataka,2024-06-14
109886,Kolkata,West Bengal,2024-09-18
109887,Kanpur,Uttar Pradesh,2025-06-13
109888,Kanpur,Uttar Pradesh,2023-04-10
109889,Pune,Maharashtra,2025-04-28
109890,Udaipur,Rajasthan,2023-02-25
109891,Warangal,Telangana,2024-04-23
109892,Chennai,Tamil Nadu,2025-01-27
109893,Nagpur,Maharashtra,2024-09-11
109894,Jaipur,Rajasthan,2023-07-22
109895,Hyderabad,Telangana,2024-07-04
109896,Kolkata,West Bengal,2025-04-01
109897,Vadodara,Gujarat,2023-07-05
109898,Kanpur,Uttar Pradesh,2025-05-04
109899,Lucknow,Uttar Pradesh,2024-08-17
109900,Jaipur,Rajasthan,2023-03-21
109901,Mangaluru,Karnataka,2023-10-31
109902,Mysuru,Karnataka,2025-02-24
109903,Ghaziabad,Uttar Pradesh,2023-11-04
109904,Coimbatore,Tamil Nadu,2025-05-12
109905,Vadodara,Gujarat,2024-01-18
109906,Kanpur,Uttar Pradesh,2023-11-09
109907,Hyderabad,Telangana,2025-02-15
109908,Lucknow,Uttar Pradesh,2024-12-16
109909,New Delhi,Delhi,2023-08-06
109910,Kolkata,West Bengal,2024-12-12
109911,Nashik,Maharashtra,2023-08-17
109912,Vadodara,Gujarat,2025-03-26
109913,Udaipur,Rajasthan,2023-01-07
109914,Mysuru,Karnataka,2024-08-26
109915,New Delhi,Delhi,2023-05-22
109916,Bengaluru,Karnataka,2024-09-08
109917,Warangal,Telangana,2025-06-10
109918,Chennai,Tamil Nadu,2024-08-31
109919,Nagpur,Maharashtra,2024-01-31
109920,Jaipur,Rajasthan,2025-01-20
109921,Mangaluru,Karnataka,2023-06-27
109922,Warangal,Telangana,2024-05-09
109923,Ahmedabad,Gujarat,2025-05-29
109924,Pune,Maharashtra,2023-11-21
109925,Nashik,Maharashtra,2023-01-25
109926,Kochi,Kerala,2024-02-07
109927,Surat,Gujarat,2024-03-17
109928,Mumbai,Maharashtra,2025-01-09
109929,Lucknow,Uttar Pradesh,2025-01-02
109930,Chennai,Tamil Nadu,2023-11-06
109931,Mumbai,Maharashtra,2024-12-05
109932,Surat,Gujarat,2023-05-11
109933,Chennai,Tamil Nadu,2023-06-22
109934,Mangaluru,Karnataka,2024-07-04
109935,Howrah,West Bengal,2024-10-06
109936,Mysuru,Karnataka,2024-07-20
109937,Mysuru,Karnataka,2023-04-27
109938,Mangaluru,Karnataka,2024-09-07
109939,Ghaziabad,Uttar Pradesh,2024-01-27
109940,Noida,Uttar Pradesh,2023-08-31
109941,Udaipur,Rajasthan,2023-11-05
109942,Mysuru,Karnataka,2025-01-08
109943,Ghaziabad,Uttar Pradesh,2023-06-11
109944,Warangal,Telangana,2024-05-24
109945,Mangaluru,Karnataka,2023-03-17
109946,Nagpur,Maharashtra,2024-10-22
109947,Kolkata,West Bengal,2023-05-17
109948,Mangaluru,Karnataka,2025-05-05
109949,Vadodara,Gujarat,2025-03-14
109950,Hyderabad,Telangana,2025-02-18
109951,Mumbai,Maharashtra,2023-11-14
109952,Thiruvananthapuram,Kerala,2024-12-13
109953,Kolkata,West Bengal,2023-05-03
109954,Madurai,Tamil Nadu,2023-09-21
109955,Surat,Gujarat,2023-05-01
109956,Chennai,Tamil Nadu,2023-02-19
109957,Lucknow,Uttar Pradesh,2023-12-01
109958,Nashik,Maharashtra,2024-06-07
109959,Madurai,Tamil Nadu,2025-02-24
109960,New Delhi,Delhi,2023-02-01
109961,Chennai,Tamil Nadu,2024-01-06
109962,Madurai,Tamil Nadu,2024-10-12
109963,Mumbai,Maharashtra,2023-07-03
109964,Thiruvananthapuram,Kerala,2024-11-02
109965,Nashik,Maharashtra,2024-06-03
109966,Mumbai,Maharashtra,2024-05-27
109967,New Delhi,Delhi,2023-04-24
109968,Vadodara,Gujarat,2023-06-03
109969,Pune,Maharashtra,2025-03-10
109970,Warangal,Telangana,2025-03-08
109971,Noida,Uttar Pradesh,2024-02-17
109972,Nashik,Maharashtra,2024-06-26
109973,Thiruvananthapuram,Kerala,2024-05-08
109974,New Delhi,Delhi,2024-04-14
109975,Ahmedabad,Gujarat,2024-10-10
109976,Pune,Maharashtra,2024-06-01
109977,Kanpur,Uttar Pradesh,2023-04-25
109978,Kolkata,West Bengal,2023-03-17
109979,Nashik,Maharashtra,2025-02-13
109980,Mumbai,Maharashtra,2024-11-05
109981,Bengaluru,Karnataka,2023-07-01
109982,Nagpur,Maharashtra,2023-02-25
109983,Kochi,Kerala,2023-07-19
109984,Ahmedabad,Gujarat,2024-06-10
109985,Vadodara,Gujarat,2024-06-15
109986,Kochi,Kerala,2023-06-04
109987,Kolkata,West Bengal,2023-06-10
109988,Howrah,West Bengal,2023-07-09
109989,New Delhi,Delhi,2024-02-08
109990,New Delhi,Delhi,2023-08-01
109991,Mangaluru,Karnataka,2024-02-20
109992,New Delhi,Delhi,2023-01-14
109993,New Delhi,Delhi,2025-05-02
109994,Mumbai,Maharashtra,2025-03-23
109995,New Delhi,Delhi,2023-11-05
109996,Coimbatore,Tamil Nadu,2025-01-02
109997,Mangaluru,Karnataka,2024-05-02
109998,Nashik,Maharashtra,2023-01-29
109999,New Delhi,Delhi,2023-09-17
110000,Chennai,Tamil Nadu,2023-02-21
